"classification","lane","runId","domain","namespace","type","method","parameters","fullName","captureSource","ownerExcelVersion","ownerExcelSha256","ownerCoreVersion","ownerCoreSha256","harnessSha256","runnerSha256","referenceImportSha256","sampleCount","meanMs","sdMs","allocatedBytes","allocationScope","minimumActualIterationMs","maximumActualIterationMs"
"primary","current","qualified-830951-v1-domain0-main-current","0","OfficeIMO.Excel.ReaderComparison.Benchmarks","TypedReadBenchmarks","ExcelReaderTyped","RowCount=50000&Shape=Original","OfficeIMO.Excel.ReaderComparison.Benchmarks.TypedReadBenchmarks.ExcelReaderTyped(RowCount: 50000, Shape: ""Original"")","83095146282a96143b23a79a7ecca058a24a709b","3.4.4+83095146282a96143b23a79a7ecca058a24a709b","F2853A4C62D5C03C5E3F0CBB7CCBB5776FB63CE58CE8933BE4EBAA4F5887502F","3.4.4+83095146282a96143b23a79a7ecca058a24a709b","B5565DE58D83BFC91F4FFB69A797CE02DFCB10A5A6409323845D05A5732E1A84","5E79575325D94AE8D09B97CD0C1C341EBB6AC0A24C3EEE6AE4817A897F97E7A4",,,"15","12,0602309375","0,2755849870656639","4069313","Native managed bytes allocated per benchmark operation; not peak/retained/unmanaged memory","369,0906","399,7822"
"primary","current","qualified-830951-v1-domain0-main-current","0","OfficeIMO.Excel.ReaderComparison.Benchmarks","TypedReadBenchmarks","OfficeIMOTyped","RowCount=50000&Shape=Original","OfficeIMO.Excel.ReaderComparison.Benchmarks.TypedReadBenchmarks.OfficeIMOTyped(RowCount: 50000, Shape: ""Original"")","83095146282a96143b23a79a7ecca058a24a709b","3.4.4+83095146282a96143b23a79a7ecca058a24a709b","F2853A4C62D5C03C5E3F0CBB7CCBB5776FB63CE58CE8933BE4EBAA4F5887502F","3.4.4+83095146282a96143b23a79a7ecca058a24a709b","B5565DE58D83BFC91F4FFB69A797CE02DFCB10A5A6409323845D05A5732E1A84","5E79575325D94AE8D09B97CD0C1C341EBB6AC0A24C3EEE6AE4817A897F97E7A4",,,"15","12,094790625","0,5161857275082323","2560880","Native managed bytes allocated per benchmark operation; not peak/retained/unmanaged memory","354,5014","414,9033"
"primary","current","qualified-830951-v1-domain0-main-current","0","OfficeIMO.Excel.ReaderComparison.Benchmarks","TypedReadBenchmarks","SylvanTyped","RowCount=50000&Shape=Original","OfficeIMO.Excel.ReaderComparison.Benchmarks.TypedReadBenchmarks.SylvanTyped(RowCount: 50000, Shape: ""Original"")","83095146282a96143b23a79a7ecca058a24a709b","3.4.4+83095146282a96143b23a79a7ecca058a24a709b","F2853A4C62D5C03C5E3F0CBB7CCBB5776FB63CE58CE8933BE4EBAA4F5887502F","3.4.4+83095146282a96143b23a79a7ecca058a24a709b","B5565DE58D83BFC91F4FFB69A797CE02DFCB10A5A6409323845D05A5732E1A84","5E79575325D94AE8D09B97CD0C1C341EBB6AC0A24C3EEE6AE4817A897F97E7A4",,,"15","62,9481015625","2,8090253484955445","10984234","Native managed bytes allocated per benchmark operation; not peak/retained/unmanaged memory","1828,6126","2143,8227"
"primary","current","qualified-830951-v1-domain0-main-current","0","OfficeIMO.Excel.ReaderComparison.Benchmarks","TypedReadBenchmarks","ExcelReaderTyped","RowCount=50000&Shape=SharedStrings","OfficeIMO.Excel.ReaderComparison.Benchmarks.TypedReadBenchmarks.ExcelReaderTyped(RowCount: 50000, Shape: ""SharedStrings"")","83095146282a96143b23a79a7ecca058a24a709b","3.4.4+83095146282a96143b23a79a7ecca058a24a709b","F2853A4C62D5C03C5E3F0CBB7CCBB5776FB63CE58CE8933BE4EBAA4F5887502F","3.4.4+83095146282a96143b23a79a7ecca058a24a709b","B5565DE58D83BFC91F4FFB69A797CE02DFCB10A5A6409323845D05A5732E1A84","5E79575325D94AE8D09B97CD0C1C341EBB6AC0A24C3EEE6AE4817A897F97E7A4",,,"15","11,068619166666666","0,7168823753929849","2420609","Native managed bytes allocated per benchmark operation; not peak/retained/unmanaged memory","321,0565","407,2808"
"primary","current","qualified-830951-v1-domain0-main-current","0","OfficeIMO.Excel.ReaderComparison.Benchmarks","TypedReadBenchmarks","OfficeIMOTyped","RowCount=50000&Shape=SharedStrings","OfficeIMO.Excel.ReaderComparison.Benchmarks.TypedReadBenchmarks.OfficeIMOTyped(RowCount: 50000, Shape: ""SharedStrings"")","83095146282a96143b23a79a7ecca058a24a709b","3.4.4+83095146282a96143b23a79a7ecca058a24a709b","F2853A4C62D5C03C5E3F0CBB7CCBB5776FB63CE58CE8933BE4EBAA4F5887502F","3.4.4+83095146282a96143b23a79a7ecca058a24a709b","B5565DE58D83BFC91F4FFB69A797CE02DFCB10A5A6409323845D05A5732E1A84","5E79575325D94AE8D09B97CD0C1C341EBB6AC0A24C3EEE6AE4817A897F97E7A4",,,"15","10,886366041666665","0,7630354883078666","2558904","Native managed bytes allocated per benchmark operation; not peak/retained/unmanaged memory","315,652","400,7239"
"primary","current","qualified-830951-v1-domain0-main-current","0","OfficeIMO.Excel.ReaderComparison.Benchmarks","TypedReadBenchmarks","SylvanTyped","RowCount=50000&Shape=SharedStrings","OfficeIMO.Excel.ReaderComparison.Benchmarks.TypedReadBenchmarks.SylvanTyped(RowCount: 50000, Shape: ""SharedStrings"")","83095146282a96143b23a79a7ecca058a24a709b","3.4.4+83095146282a96143b23a79a7ecca058a24a709b","F2853A4C62D5C03C5E3F0CBB7CCBB5776FB63CE58CE8933BE4EBAA4F5887502F","3.4.4+83095146282a96143b23a79a7ecca058a24a709b","B5565DE58D83BFC91F4FFB69A797CE02DFCB10A5A6409323845D05A5732E1A84","5E79575325D94AE8D09B97CD0C1C341EBB6AC0A24C3EEE6AE4817A897F97E7A4",,,"15","64,60237375","1,9928197528177762","9342732","Native managed bytes allocated per benchmark operation; not peak/retained/unmanaged memory","1956,2396","2199,7476"
"primary","current","qualified-830951-v1-domain0-main-current","0","OfficeIMO.Excel.ReaderComparison.Benchmarks","WriterBenchmarks","OfficeIMO","RowCount=50000","OfficeIMO.Excel.ReaderComparison.Benchmarks.WriterBenchmarks.OfficeIMO(RowCount: 50000)","83095146282a96143b23a79a7ecca058a24a709b","3.4.4+83095146282a96143b23a79a7ecca058a24a709b","F2853A4C62D5C03C5E3F0CBB7CCBB5776FB63CE58CE8933BE4EBAA4F5887502F","3.4.4+83095146282a96143b23a79a7ecca058a24a709b","B5565DE58D83BFC91F4FFB69A797CE02DFCB10A5A6409323845D05A5732E1A84","5E79575325D94AE8D09B97CD0C1C341EBB6AC0A24C3EEE6AE4817A897F97E7A4",,,"15","18,648367708333332","0,8779929585991577","4238334","Native managed bytes allocated per benchmark operation; not peak/retained/unmanaged memory","542,4511","639,7019"
"primary","current","qualified-830951-v1-domain0-main-current","0","OfficeIMO.Excel.ReaderComparison.Benchmarks","WriterBenchmarks","ExcelReaderWriter","RowCount=50000","OfficeIMO.Excel.ReaderComparison.Benchmarks.WriterBenchmarks.ExcelReaderWriter(RowCount: 50000)","83095146282a96143b23a79a7ecca058a24a709b","3.4.4+83095146282a96143b23a79a7ecca058a24a709b","F2853A4C62D5C03C5E3F0CBB7CCBB5776FB63CE58CE8933BE4EBAA4F5887502F","3.4.4+83095146282a96143b23a79a7ecca058a24a709b","B5565DE58D83BFC91F4FFB69A797CE02DFCB10A5A6409323845D05A5732E1A84","5E79575325D94AE8D09B97CD0C1C341EBB6AC0A24C3EEE6AE4817A897F97E7A4",,,"15","10,60599","0,28886983132410826","4218069","Native managed bytes allocated per benchmark operation; not peak/retained/unmanaged memory","316,9912","350,5066"
"primary","current","qualified-830951-v1-domain1-main-current","1","OfficeIMO.Excel.ReaderComparison.Benchmarks","TypedReadBenchmarks","ExcelReaderTyped","RowCount=50000&Shape=Original","OfficeIMO.Excel.ReaderComparison.Benchmarks.TypedReadBenchmarks.ExcelReaderTyped(RowCount: 50000, Shape: ""Original"")","83095146282a96143b23a79a7ecca058a24a709b","3.4.4+83095146282a96143b23a79a7ecca058a24a709b","F2853A4C62D5C03C5E3F0CBB7CCBB5776FB63CE58CE8933BE4EBAA4F5887502F","3.4.4+83095146282a96143b23a79a7ecca058a24a709b","B5565DE58D83BFC91F4FFB69A797CE02DFCB10A5A6409323845D05A5732E1A84","5E79575325D94AE8D09B97CD0C1C341EBB6AC0A24C3EEE6AE4817A897F97E7A4",,,"15","9,659499791666667","0,44092619509159364","4069313","Native managed bytes allocated per benchmark operation; not peak/retained/unmanaged memory","281,5076","330,0067"
"primary","current","qualified-830951-v1-domain1-main-current","1","OfficeIMO.Excel.ReaderComparison.Benchmarks","TypedReadBenchmarks","OfficeIMOTyped","RowCount=50000&Shape=Original","OfficeIMO.Excel.ReaderComparison.Benchmarks.TypedReadBenchmarks.OfficeIMOTyped(RowCount: 50000, Shape: ""Original"")","83095146282a96143b23a79a7ecca058a24a709b","3.4.4+83095146282a96143b23a79a7ecca058a24a709b","F2853A4C62D5C03C5E3F0CBB7CCBB5776FB63CE58CE8933BE4EBAA4F5887502F","3.4.4+83095146282a96143b23a79a7ecca058a24a709b","B5565DE58D83BFC91F4FFB69A797CE02DFCB10A5A6409323845D05A5732E1A84","5E79575325D94AE8D09B97CD0C1C341EBB6AC0A24C3EEE6AE4817A897F97E7A4",,,"15","10,616232291666666","0,8413371427977594","2560854","Native managed bytes allocated per benchmark operation; not peak/retained/unmanaged memory","307,6874","383,1954"
"primary","current","qualified-830951-v1-domain1-main-current","1","OfficeIMO.Excel.ReaderComparison.Benchmarks","TypedReadBenchmarks","SylvanTyped","RowCount=50000&Shape=Original","OfficeIMO.Excel.ReaderComparison.Benchmarks.TypedReadBenchmarks.SylvanTyped(RowCount: 50000, Shape: ""Original"")","83095146282a96143b23a79a7ecca058a24a709b","3.4.4+83095146282a96143b23a79a7ecca058a24a709b","F2853A4C62D5C03C5E3F0CBB7CCBB5776FB63CE58CE8933BE4EBAA4F5887502F","3.4.4+83095146282a96143b23a79a7ecca058a24a709b","B5565DE58D83BFC91F4FFB69A797CE02DFCB10A5A6409323845D05A5732E1A84","5E79575325D94AE8D09B97CD0C1C341EBB6AC0A24C3EEE6AE4817A897F97E7A4",,,"15","48,56443229166666","2,021581786047969","10984234","Native managed bytes allocated per benchmark operation; not peak/retained/unmanaged memory","1447,1166","1642,9744"
"primary","current","qualified-830951-v1-domain1-main-current","1","OfficeIMO.Excel.ReaderComparison.Benchmarks","TypedReadBenchmarks","ExcelReaderTyped","RowCount=50000&Shape=SharedStrings","OfficeIMO.Excel.ReaderComparison.Benchmarks.TypedReadBenchmarks.ExcelReaderTyped(RowCount: 50000, Shape: ""SharedStrings"")","83095146282a96143b23a79a7ecca058a24a709b","3.4.4+83095146282a96143b23a79a7ecca058a24a709b","F2853A4C62D5C03C5E3F0CBB7CCBB5776FB63CE58CE8933BE4EBAA4F5887502F","3.4.4+83095146282a96143b23a79a7ecca058a24a709b","B5565DE58D83BFC91F4FFB69A797CE02DFCB10A5A6409323845D05A5732E1A84","5E79575325D94AE8D09B97CD0C1C341EBB6AC0A24C3EEE6AE4817A897F97E7A4",,,"15","8,399443541666667","0,3322519739782227","2420609","Native managed bytes allocated per benchmark operation; not peak/retained/unmanaged memory","244,3182","282,7982"
"primary","current","qualified-830951-v1-domain1-main-current","1","OfficeIMO.Excel.ReaderComparison.Benchmarks","TypedReadBenchmarks","OfficeIMOTyped","RowCount=50000&Shape=SharedStrings","OfficeIMO.Excel.ReaderComparison.Benchmarks.TypedReadBenchmarks.OfficeIMOTyped(RowCount: 50000, Shape: ""SharedStrings"")","83095146282a96143b23a79a7ecca058a24a709b","3.4.4+83095146282a96143b23a79a7ecca058a24a709b","F2853A4C62D5C03C5E3F0CBB7CCBB5776FB63CE58CE8933BE4EBAA4F5887502F","3.4.4+83095146282a96143b23a79a7ecca058a24a709b","B5565DE58D83BFC91F4FFB69A797CE02DFCB10A5A6409323845D05A5732E1A84","5E79575325D94AE8D09B97CD0C1C341EBB6AC0A24C3EEE6AE4817A897F97E7A4",,,"15","8,324919791666668","0,5187342807639703","2558866","Native managed bytes allocated per benchmark operation; not peak/retained/unmanaged memory","239,5409","289,1666"
"primary","current","qualified-830951-v1-domain1-main-current","1","OfficeIMO.Excel.ReaderComparison.Benchmarks","TypedReadBenchmarks","SylvanTyped","RowCount=50000&Shape=SharedStrings","OfficeIMO.Excel.ReaderComparison.Benchmarks.TypedReadBenchmarks.SylvanTyped(RowCount: 50000, Shape: ""SharedStrings"")","83095146282a96143b23a79a7ecca058a24a709b","3.4.4+83095146282a96143b23a79a7ecca058a24a709b","F2853A4C62D5C03C5E3F0CBB7CCBB5776FB63CE58CE8933BE4EBAA4F5887502F","3.4.4+83095146282a96143b23a79a7ecca058a24a709b","B5565DE58D83BFC91F4FFB69A797CE02DFCB10A5A6409323845D05A5732E1A84","5E79575325D94AE8D09B97CD0C1C341EBB6AC0A24C3EEE6AE4817A897F97E7A4",,,"15","45,49995447916666","1,9509823849144476","9342348","Native managed bytes allocated per benchmark operation; not peak/retained/unmanaged memory","1370,2892","1604,9941"
"primary","current","qualified-830951-v1-domain1-main-current","1","OfficeIMO.Excel.ReaderComparison.Benchmarks","WriterBenchmarks","OfficeIMO","RowCount=50000","OfficeIMO.Excel.ReaderComparison.Benchmarks.WriterBenchmarks.OfficeIMO(RowCount: 50000)","83095146282a96143b23a79a7ecca058a24a709b","3.4.4+83095146282a96143b23a79a7ecca058a24a709b","F2853A4C62D5C03C5E3F0CBB7CCBB5776FB63CE58CE8933BE4EBAA4F5887502F","3.4.4+83095146282a96143b23a79a7ecca058a24a709b","B5565DE58D83BFC91F4FFB69A797CE02DFCB10A5A6409323845D05A5732E1A84","5E79575325D94AE8D09B97CD0C1C341EBB6AC0A24C3EEE6AE4817A897F97E7A4",,,"15","15,193282916666666","0,3649026494917786","4234869","Native managed bytes allocated per benchmark operation; not peak/retained/unmanaged memory","467,4494","504,1655"
"primary","current","qualified-830951-v1-domain1-main-current","1","OfficeIMO.Excel.ReaderComparison.Benchmarks","WriterBenchmarks","ExcelReaderWriter","RowCount=50000","OfficeIMO.Excel.ReaderComparison.Benchmarks.WriterBenchmarks.ExcelReaderWriter(RowCount: 50000)","83095146282a96143b23a79a7ecca058a24a709b","3.4.4+83095146282a96143b23a79a7ecca058a24a709b","F2853A4C62D5C03C5E3F0CBB7CCBB5776FB63CE58CE8933BE4EBAA4F5887502F","3.4.4+83095146282a96143b23a79a7ecca058a24a709b","B5565DE58D83BFC91F4FFB69A797CE02DFCB10A5A6409323845D05A5732E1A84","5E79575325D94AE8D09B97CD0C1C341EBB6AC0A24C3EEE6AE4817A897F97E7A4",,,"15","9,853835","0,5125862448490811","4217477","Native managed bytes allocated per benchmark operation; not peak/retained/unmanaged memory","283,4832","337,6975"
"primary","before","qualified-e676-v1-domain0-main-before","0","OfficeIMO.Excel.ReaderComparison.Benchmarks","TypedReadBenchmarks","ExcelReaderTyped","RowCount=50000&Shape=Original","OfficeIMO.Excel.ReaderComparison.Benchmarks.TypedReadBenchmarks.ExcelReaderTyped(RowCount: 50000, Shape: ""Original"")","e676775a59458d1095606386c39506ceb8a9bc33","3.4.4+78bfbd96dc3967b6f3c5e2376ce4c98000213e2c","29A145238D67CC254AD211EA26FBC887D7748F45232F9D092BE72DF7BFF80340","3.4.4+78bfbd96dc3967b6f3c5e2376ce4c98000213e2c","B952AF0AAA5B03E6587AD32DD35DD2C83925DD01F932FAA8DC778BF22595DA99","6318FB8B3978D74B05BB5B404E672589B8A96AB85541B363CE98DBFFE65954A2",,,"15","14,416915","0,44810510127978764","4054464","Native managed bytes allocated per benchmark operation; not peak/retained/unmanaged memory","439,118","493,6254"
"primary","before","qualified-e676-v1-domain0-main-before","0","OfficeIMO.Excel.ReaderComparison.Benchmarks","TypedReadBenchmarks","OfficeIMOTyped","RowCount=50000&Shape=Original","OfficeIMO.Excel.ReaderComparison.Benchmarks.TypedReadBenchmarks.OfficeIMOTyped(RowCount: 50000, Shape: ""Original"")","e676775a59458d1095606386c39506ceb8a9bc33","3.4.4+78bfbd96dc3967b6f3c5e2376ce4c98000213e2c","29A145238D67CC254AD211EA26FBC887D7748F45232F9D092BE72DF7BFF80340","3.4.4+78bfbd96dc3967b6f3c5e2376ce4c98000213e2c","B952AF0AAA5B03E6587AD32DD35DD2C83925DD01F932FAA8DC778BF22595DA99","6318FB8B3978D74B05BB5B404E672589B8A96AB85541B363CE98DBFFE65954A2",,,"15","112,1294725","3,7231459471288426","2540469","Native managed bytes allocated per benchmark operation; not peak/retained/unmanaged memory","3421,8668","3801,406"
"primary","before","qualified-e676-v1-domain0-main-before","0","OfficeIMO.Excel.ReaderComparison.Benchmarks","TypedReadBenchmarks","SylvanTyped","RowCount=50000&Shape=Original","OfficeIMO.Excel.ReaderComparison.Benchmarks.TypedReadBenchmarks.SylvanTyped(RowCount: 50000, Shape: ""Original"")","e676775a59458d1095606386c39506ceb8a9bc33","3.4.4+78bfbd96dc3967b6f3c5e2376ce4c98000213e2c","29A145238D67CC254AD211EA26FBC887D7748F45232F9D092BE72DF7BFF80340","3.4.4+78bfbd96dc3967b6f3c5e2376ce4c98000213e2c","B952AF0AAA5B03E6587AD32DD35DD2C83925DD01F932FAA8DC778BF22595DA99","6318FB8B3978D74B05BB5B404E672589B8A96AB85541B363CE98DBFFE65954A2",,,"15","65,99220125","1,7257679351487105","10983849","Native managed bytes allocated per benchmark operation; not peak/retained/unmanaged memory","2014,8423","2198,7682"
"primary","before","qualified-e676-v1-domain0-main-before","0","OfficeIMO.Excel.ReaderComparison.Benchmarks","TypedReadBenchmarks","ExcelReaderTyped","RowCount=50000&Shape=SharedStrings","OfficeIMO.Excel.ReaderComparison.Benchmarks.TypedReadBenchmarks.ExcelReaderTyped(RowCount: 50000, Shape: ""SharedStrings"")","e676775a59458d1095606386c39506ceb8a9bc33","3.4.4+78bfbd96dc3967b6f3c5e2376ce4c98000213e2c","29A145238D67CC254AD211EA26FBC887D7748F45232F9D092BE72DF7BFF80340","3.4.4+78bfbd96dc3967b6f3c5e2376ce4c98000213e2c","B952AF0AAA5B03E6587AD32DD35DD2C83925DD01F932FAA8DC778BF22595DA99","6318FB8B3978D74B05BB5B404E672589B8A96AB85541B363CE98DBFFE65954A2",,,"15","11,664241875","0,4349957933249234","2405760","Native managed bytes allocated per benchmark operation; not peak/retained/unmanaged memory","355,282","412,4483"
"primary","before","qualified-e676-v1-domain0-main-before","0","OfficeIMO.Excel.ReaderComparison.Benchmarks","TypedReadBenchmarks","OfficeIMOTyped","RowCount=50000&Shape=SharedStrings","OfficeIMO.Excel.ReaderComparison.Benchmarks.TypedReadBenchmarks.OfficeIMOTyped(RowCount: 50000, Shape: ""SharedStrings"")","e676775a59458d1095606386c39506ceb8a9bc33","3.4.4+78bfbd96dc3967b6f3c5e2376ce4c98000213e2c","29A145238D67CC254AD211EA26FBC887D7748F45232F9D092BE72DF7BFF80340","3.4.4+78bfbd96dc3967b6f3c5e2376ce4c98000213e2c","B952AF0AAA5B03E6587AD32DD35DD2C83925DD01F932FAA8DC778BF22595DA99","6318FB8B3978D74B05BB5B404E672589B8A96AB85541B363CE98DBFFE65954A2",,,"15","71,97145958333333","2,274289280754859","3796995","Native managed bytes allocated per benchmark operation; not peak/retained/unmanaged memory","2198,4059","2468,1934"
"primary","before","qualified-e676-v1-domain0-main-before","0","OfficeIMO.Excel.ReaderComparison.Benchmarks","TypedReadBenchmarks","SylvanTyped","RowCount=50000&Shape=SharedStrings","OfficeIMO.Excel.ReaderComparison.Benchmarks.TypedReadBenchmarks.SylvanTyped(RowCount: 50000, Shape: ""SharedStrings"")","e676775a59458d1095606386c39506ceb8a9bc33","3.4.4+78bfbd96dc3967b6f3c5e2376ce4c98000213e2c","29A145238D67CC254AD211EA26FBC887D7748F45232F9D092BE72DF7BFF80340","3.4.4+78bfbd96dc3967b6f3c5e2376ce4c98000213e2c","B952AF0AAA5B03E6587AD32DD35DD2C83925DD01F932FAA8DC778BF22595DA99","6318FB8B3978D74B05BB5B404E672589B8A96AB85541B363CE98DBFFE65954A2",,,"15","62,37647520833334","3,505804752181016","9342346","Native managed bytes allocated per benchmark operation; not peak/retained/unmanaged memory","1853,4743","2225,3665"
"primary","before","qualified-e676-v1-domain0-main-before","0","OfficeIMO.Excel.ReaderComparison.Benchmarks","WriterBenchmarks","OfficeIMO","RowCount=50000","OfficeIMO.Excel.ReaderComparison.Benchmarks.WriterBenchmarks.OfficeIMO(RowCount: 50000)","e676775a59458d1095606386c39506ceb8a9bc33","3.4.4+78bfbd96dc3967b6f3c5e2376ce4c98000213e2c","29A145238D67CC254AD211EA26FBC887D7748F45232F9D092BE72DF7BFF80340","3.4.4+78bfbd96dc3967b6f3c5e2376ce4c98000213e2c","B952AF0AAA5B03E6587AD32DD35DD2C83925DD01F932FAA8DC778BF22595DA99","6318FB8B3978D74B05BB5B404E672589B8A96AB85541B363CE98DBFFE65954A2",,,"15","20,206144375","0,585937648194267","4235053","Native managed bytes allocated per benchmark operation; not peak/retained/unmanaged memory","615,9902","676,8831"
"primary","before","qualified-e676-v1-domain0-main-before","0","OfficeIMO.Excel.ReaderComparison.Benchmarks","WriterBenchmarks","ExcelReaderWriter","RowCount=50000","OfficeIMO.Excel.ReaderComparison.Benchmarks.WriterBenchmarks.ExcelReaderWriter(RowCount: 50000)","e676775a59458d1095606386c39506ceb8a9bc33","3.4.4+78bfbd96dc3967b6f3c5e2376ce4c98000213e2c","29A145238D67CC254AD211EA26FBC887D7748F45232F9D092BE72DF7BFF80340","3.4.4+78bfbd96dc3967b6f3c5e2376ce4c98000213e2c","B952AF0AAA5B03E6587AD32DD35DD2C83925DD01F932FAA8DC778BF22595DA99","6318FB8B3978D74B05BB5B404E672589B8A96AB85541B363CE98DBFFE65954A2",,,"15","10,977929791666666","0,6344173558694508","4216744","Native managed bytes allocated per benchmark operation; not peak/retained/unmanaged memory","318,2495","382,2725"
"primary","published","qualified-e676-v1-domain0-main-published","0","OfficeIMO.Excel.ReaderComparison.Benchmarks","TypedReadBenchmarks","ExcelReaderTyped","RowCount=50000&Shape=Original","OfficeIMO.Excel.ReaderComparison.Benchmarks.TypedReadBenchmarks.ExcelReaderTyped(RowCount: 50000, Shape: ""Original"")","e676775a59458d1095606386c39506ceb8a9bc33","3.4.4+7ea881d08359b4fddddef8e2aa7782d1ee2265b8","BEB5A238B4802DAA4B43244E9E3D69E7349FBA8483D2EF4884D90CC81AAD72D3","3.4.4+7ea881d08359b4fddddef8e2aa7782d1ee2265b8","44B3C7657F79296D2F52488328BB14CB7363DDF1784F12E4E8527FD20D4F8745","5127D9718E40B9D6D131644A23DB0583CB8A3C88A40DFBA29207C98F82DE30B3",,,"15","12,699237291666666","0,4351752126005379","4054464","Native managed bytes allocated per benchmark operation; not peak/retained/unmanaged memory","379,3584","437,1498"
"primary","published","qualified-e676-v1-domain0-main-published","0","OfficeIMO.Excel.ReaderComparison.Benchmarks","TypedReadBenchmarks","OfficeIMOTyped","RowCount=50000&Shape=Original","OfficeIMO.Excel.ReaderComparison.Benchmarks.TypedReadBenchmarks.OfficeIMOTyped(RowCount: 50000, Shape: ""Original"")","e676775a59458d1095606386c39506ceb8a9bc33","3.4.4+7ea881d08359b4fddddef8e2aa7782d1ee2265b8","BEB5A238B4802DAA4B43244E9E3D69E7349FBA8483D2EF4884D90CC81AAD72D3","3.4.4+7ea881d08359b4fddddef8e2aa7782d1ee2265b8","44B3C7657F79296D2F52488328BB14CB7363DDF1784F12E4E8527FD20D4F8745","5127D9718E40B9D6D131644A23DB0583CB8A3C88A40DFBA29207C98F82DE30B3",,,"15","123,64233708333333","3,6552334924210683","5969752","Native managed bytes allocated per benchmark operation; not peak/retained/unmanaged memory","3801,7564","4187,4259"
"primary","published","qualified-e676-v1-domain0-main-published","0","OfficeIMO.Excel.ReaderComparison.Benchmarks","TypedReadBenchmarks","SylvanTyped","RowCount=50000&Shape=Original","OfficeIMO.Excel.ReaderComparison.Benchmarks.TypedReadBenchmarks.SylvanTyped(RowCount: 50000, Shape: ""Original"")","e676775a59458d1095606386c39506ceb8a9bc33","3.4.4+7ea881d08359b4fddddef8e2aa7782d1ee2265b8","BEB5A238B4802DAA4B43244E9E3D69E7349FBA8483D2EF4884D90CC81AAD72D3","3.4.4+7ea881d08359b4fddddef8e2aa7782d1ee2265b8","44B3C7657F79296D2F52488328BB14CB7363DDF1784F12E4E8527FD20D4F8745","5127D9718E40B9D6D131644A23DB0583CB8A3C88A40DFBA29207C98F82DE30B3",,,"15","66,35603583333334","2,2969088190959184","10984234","Native managed bytes allocated per benchmark operation; not peak/retained/unmanaged memory","2005,2547","2286,4908"
"primary","published","qualified-e676-v1-domain0-main-published","0","OfficeIMO.Excel.ReaderComparison.Benchmarks","TypedReadBenchmarks","ExcelReaderTyped","RowCount=50000&Shape=SharedStrings","OfficeIMO.Excel.ReaderComparison.Benchmarks.TypedReadBenchmarks.ExcelReaderTyped(RowCount: 50000, Shape: ""SharedStrings"")","e676775a59458d1095606386c39506ceb8a9bc33","3.4.4+7ea881d08359b4fddddef8e2aa7782d1ee2265b8","BEB5A238B4802DAA4B43244E9E3D69E7349FBA8483D2EF4884D90CC81AAD72D3","3.4.4+7ea881d08359b4fddddef8e2aa7782d1ee2265b8","44B3C7657F79296D2F52488328BB14CB7363DDF1784F12E4E8527FD20D4F8745","5127D9718E40B9D6D131644A23DB0583CB8A3C88A40DFBA29207C98F82DE30B3",,,"15","10,965611666666666","0,28594002748557673","2420609","Native managed bytes allocated per benchmark operation; not peak/retained/unmanaged memory","334,016","371,0212"
"primary","published","qualified-e676-v1-domain0-main-published","0","OfficeIMO.Excel.ReaderComparison.Benchmarks","TypedReadBenchmarks","OfficeIMOTyped","RowCount=50000&Shape=SharedStrings","OfficeIMO.Excel.ReaderComparison.Benchmarks.TypedReadBenchmarks.OfficeIMOTyped(RowCount: 50000, Shape: ""SharedStrings"")","e676775a59458d1095606386c39506ceb8a9bc33","3.4.4+7ea881d08359b4fddddef8e2aa7782d1ee2265b8","BEB5A238B4802DAA4B43244E9E3D69E7349FBA8483D2EF4884D90CC81AAD72D3","3.4.4+7ea881d08359b4fddddef8e2aa7782d1ee2265b8","44B3C7657F79296D2F52488328BB14CB7363DDF1784F12E4E8527FD20D4F8745","5127D9718E40B9D6D131644A23DB0583CB8A3C88A40DFBA29207C98F82DE30B3",,,"15","80,216076875","2,3351460819085723","6533345","Native managed bytes allocated per benchmark operation; not peak/retained/unmanaged memory","2440,9719","2679,14"
"primary","published","qualified-e676-v1-domain0-main-published","0","OfficeIMO.Excel.ReaderComparison.Benchmarks","TypedReadBenchmarks","SylvanTyped","RowCount=50000&Shape=SharedStrings","OfficeIMO.Excel.ReaderComparison.Benchmarks.TypedReadBenchmarks.SylvanTyped(RowCount: 50000, Shape: ""SharedStrings"")","e676775a59458d1095606386c39506ceb8a9bc33","3.4.4+7ea881d08359b4fddddef8e2aa7782d1ee2265b8","BEB5A238B4802DAA4B43244E9E3D69E7349FBA8483D2EF4884D90CC81AAD72D3","3.4.4+7ea881d08359b4fddddef8e2aa7782d1ee2265b8","44B3C7657F79296D2F52488328BB14CB7363DDF1784F12E4E8527FD20D4F8745","5127D9718E40B9D6D131644A23DB0583CB8A3C88A40DFBA29207C98F82DE30B3",,,"15","61,14666385416666","5,190860572012912","9342346","Native managed bytes allocated per benchmark operation; not peak/retained/unmanaged memory","1726,179","2220,5889"
"primary","published","qualified-e676-v1-domain0-main-published","0","OfficeIMO.Excel.ReaderComparison.Benchmarks","WriterBenchmarks","OfficeIMO","RowCount=50000","OfficeIMO.Excel.ReaderComparison.Benchmarks.WriterBenchmarks.OfficeIMO(RowCount: 50000)","e676775a59458d1095606386c39506ceb8a9bc33","3.4.4+7ea881d08359b4fddddef8e2aa7782d1ee2265b8","BEB5A238B4802DAA4B43244E9E3D69E7349FBA8483D2EF4884D90CC81AAD72D3","3.4.4+7ea881d08359b4fddddef8e2aa7782d1ee2265b8","44B3C7657F79296D2F52488328BB14CB7363DDF1784F12E4E8527FD20D4F8745","5127D9718E40B9D6D131644A23DB0583CB8A3C88A40DFBA29207C98F82DE30B3",,,"15","19,94029375","0,3794258888612028","4220047","Native managed bytes allocated per benchmark operation; not peak/retained/unmanaged memory","615,5633","658,5582"
"primary","published","qualified-e676-v1-domain0-main-published","0","OfficeIMO.Excel.ReaderComparison.Benchmarks","WriterBenchmarks","ExcelReaderWriter","RowCount=50000","OfficeIMO.Excel.ReaderComparison.Benchmarks.WriterBenchmarks.ExcelReaderWriter(RowCount: 50000)","e676775a59458d1095606386c39506ceb8a9bc33","3.4.4+7ea881d08359b4fddddef8e2aa7782d1ee2265b8","BEB5A238B4802DAA4B43244E9E3D69E7349FBA8483D2EF4884D90CC81AAD72D3","3.4.4+7ea881d08359b4fddddef8e2aa7782d1ee2265b8","44B3C7657F79296D2F52488328BB14CB7363DDF1784F12E4E8527FD20D4F8745","5127D9718E40B9D6D131644A23DB0583CB8A3C88A40DFBA29207C98F82DE30B3",,,"15","10,949751875","0,3710317358123301","4216386","Native managed bytes allocated per benchmark operation; not peak/retained/unmanaged memory","331,91","369,4971"
"primary","published","qualified-e676-v1-domain1-main-published","1","OfficeIMO.Excel.ReaderComparison.Benchmarks","TypedReadBenchmarks","ExcelReaderTyped","RowCount=50000&Shape=Original","OfficeIMO.Excel.ReaderComparison.Benchmarks.TypedReadBenchmarks.ExcelReaderTyped(RowCount: 50000, Shape: ""Original"")","e676775a59458d1095606386c39506ceb8a9bc33","3.4.4+7ea881d08359b4fddddef8e2aa7782d1ee2265b8","BEB5A238B4802DAA4B43244E9E3D69E7349FBA8483D2EF4884D90CC81AAD72D3","3.4.4+7ea881d08359b4fddddef8e2aa7782d1ee2265b8","44B3C7657F79296D2F52488328BB14CB7363DDF1784F12E4E8527FD20D4F8745","5127D9718E40B9D6D131644A23DB0583CB8A3C88A40DFBA29207C98F82DE30B3",,,"15","12,193654895833333","1,2086137007128763","4069313","Native managed bytes allocated per benchmark operation; not peak/retained/unmanaged memory","300,8782","428,458"
"primary","published","qualified-e676-v1-domain1-main-published","1","OfficeIMO.Excel.ReaderComparison.Benchmarks","TypedReadBenchmarks","OfficeIMOTyped","RowCount=50000&Shape=Original","OfficeIMO.Excel.ReaderComparison.Benchmarks.TypedReadBenchmarks.OfficeIMOTyped(RowCount: 50000, Shape: ""Original"")","e676775a59458d1095606386c39506ceb8a9bc33","3.4.4+7ea881d08359b4fddddef8e2aa7782d1ee2265b8","BEB5A238B4802DAA4B43244E9E3D69E7349FBA8483D2EF4884D90CC81AAD72D3","3.4.4+7ea881d08359b4fddddef8e2aa7782d1ee2265b8","44B3C7657F79296D2F52488328BB14CB7363DDF1784F12E4E8527FD20D4F8745","5127D9718E40B9D6D131644A23DB0583CB8A3C88A40DFBA29207C98F82DE30B3",,,"15","121,81549604166668","5,728757020595346","6051153","Native managed bytes allocated per benchmark operation; not peak/retained/unmanaged memory","3671,6433","4368,3009"
"primary","published","qualified-e676-v1-domain1-main-published","1","OfficeIMO.Excel.ReaderComparison.Benchmarks","TypedReadBenchmarks","SylvanTyped","RowCount=50000&Shape=Original","OfficeIMO.Excel.ReaderComparison.Benchmarks.TypedReadBenchmarks.SylvanTyped(RowCount: 50000, Shape: ""Original"")","e676775a59458d1095606386c39506ceb8a9bc33","3.4.4+7ea881d08359b4fddddef8e2aa7782d1ee2265b8","BEB5A238B4802DAA4B43244E9E3D69E7349FBA8483D2EF4884D90CC81AAD72D3","3.4.4+7ea881d08359b4fddddef8e2aa7782d1ee2265b8","44B3C7657F79296D2F52488328BB14CB7363DDF1784F12E4E8527FD20D4F8745","5127D9718E40B9D6D131644A23DB0583CB8A3C88A40DFBA29207C98F82DE30B3",,,"15","66,770215625","2,7919048843432805","10984234","Native managed bytes allocated per benchmark operation; not peak/retained/unmanaged memory","1916,2343","2266,1399"
"primary","published","qualified-e676-v1-domain1-main-published","1","OfficeIMO.Excel.ReaderComparison.Benchmarks","TypedReadBenchmarks","ExcelReaderTyped","RowCount=50000&Shape=SharedStrings","OfficeIMO.Excel.ReaderComparison.Benchmarks.TypedReadBenchmarks.ExcelReaderTyped(RowCount: 50000, Shape: ""SharedStrings"")","e676775a59458d1095606386c39506ceb8a9bc33","3.4.4+7ea881d08359b4fddddef8e2aa7782d1ee2265b8","BEB5A238B4802DAA4B43244E9E3D69E7349FBA8483D2EF4884D90CC81AAD72D3","3.4.4+7ea881d08359b4fddddef8e2aa7782d1ee2265b8","44B3C7657F79296D2F52488328BB14CB7363DDF1784F12E4E8527FD20D4F8745","5127D9718E40B9D6D131644A23DB0583CB8A3C88A40DFBA29207C98F82DE30B3",,,"15","10,998358958333334","0,6174475104682242","2420609","Native managed bytes allocated per benchmark operation; not peak/retained/unmanaged memory","329,1255","385,2615"
"primary","published","qualified-e676-v1-domain1-main-published","1","OfficeIMO.Excel.ReaderComparison.Benchmarks","TypedReadBenchmarks","OfficeIMOTyped","RowCount=50000&Shape=SharedStrings","OfficeIMO.Excel.ReaderComparison.Benchmarks.TypedReadBenchmarks.OfficeIMOTyped(RowCount: 50000, Shape: ""SharedStrings"")","e676775a59458d1095606386c39506ceb8a9bc33","3.4.4+7ea881d08359b4fddddef8e2aa7782d1ee2265b8","BEB5A238B4802DAA4B43244E9E3D69E7349FBA8483D2EF4884D90CC81AAD72D3","3.4.4+7ea881d08359b4fddddef8e2aa7782d1ee2265b8","44B3C7657F79296D2F52488328BB14CB7363DDF1784F12E4E8527FD20D4F8745","5127D9718E40B9D6D131644A23DB0583CB8A3C88A40DFBA29207C98F82DE30B3",,,"15","83,63886666666667","4,31894108208271","6533632","Native managed bytes allocated per benchmark operation; not peak/retained/unmanaged memory","2486,916","2901,8106"
"primary","published","qualified-e676-v1-domain1-main-published","1","OfficeIMO.Excel.ReaderComparison.Benchmarks","TypedReadBenchmarks","SylvanTyped","RowCount=50000&Shape=SharedStrings","OfficeIMO.Excel.ReaderComparison.Benchmarks.TypedReadBenchmarks.SylvanTyped(RowCount: 50000, Shape: ""SharedStrings"")","e676775a59458d1095606386c39506ceb8a9bc33","3.4.4+7ea881d08359b4fddddef8e2aa7782d1ee2265b8","BEB5A238B4802DAA4B43244E9E3D69E7349FBA8483D2EF4884D90CC81AAD72D3","3.4.4+7ea881d08359b4fddddef8e2aa7782d1ee2265b8","44B3C7657F79296D2F52488328BB14CB7363DDF1784F12E4E8527FD20D4F8745","5127D9718E40B9D6D131644A23DB0583CB8A3C88A40DFBA29207C98F82DE30B3",,,"15","60,74129479166666","2,3514684389682587","9342726","Native managed bytes allocated per benchmark operation; not peak/retained/unmanaged memory","1690,2515","2010,3122"
"primary","published","qualified-e676-v1-domain1-main-published","1","OfficeIMO.Excel.ReaderComparison.Benchmarks","WriterBenchmarks","OfficeIMO","RowCount=50000","OfficeIMO.Excel.ReaderComparison.Benchmarks.WriterBenchmarks.OfficeIMO(RowCount: 50000)","e676775a59458d1095606386c39506ceb8a9bc33","3.4.4+7ea881d08359b4fddddef8e2aa7782d1ee2265b8","BEB5A238B4802DAA4B43244E9E3D69E7349FBA8483D2EF4884D90CC81AAD72D3","3.4.4+7ea881d08359b4fddddef8e2aa7782d1ee2265b8","44B3C7657F79296D2F52488328BB14CB7363DDF1784F12E4E8527FD20D4F8745","5127D9718E40B9D6D131644A23DB0583CB8A3C88A40DFBA29207C98F82DE30B3",,,"15","18,74802625","0,6311251084658202","4223438","Native managed bytes allocated per benchmark operation; not peak/retained/unmanaged memory","547,5283","626,4673"
"primary","published","qualified-e676-v1-domain1-main-published","1","OfficeIMO.Excel.ReaderComparison.Benchmarks","WriterBenchmarks","ExcelReaderWriter","RowCount=50000","OfficeIMO.Excel.ReaderComparison.Benchmarks.WriterBenchmarks.ExcelReaderWriter(RowCount: 50000)","e676775a59458d1095606386c39506ceb8a9bc33","3.4.4+7ea881d08359b4fddddef8e2aa7782d1ee2265b8","BEB5A238B4802DAA4B43244E9E3D69E7349FBA8483D2EF4884D90CC81AAD72D3","3.4.4+7ea881d08359b4fddddef8e2aa7782d1ee2265b8","44B3C7657F79296D2F52488328BB14CB7363DDF1784F12E4E8527FD20D4F8745","5127D9718E40B9D6D131644A23DB0583CB8A3C88A40DFBA29207C98F82DE30B3",,,"15","10,039783541666665","0,34754930401907635","4217132","Native managed bytes allocated per benchmark operation; not peak/retained/unmanaged memory","301,903","339,5208"
"primary","before","qualified-e676-v1-domain1-main-before","1","OfficeIMO.Excel.ReaderComparison.Benchmarks","TypedReadBenchmarks","ExcelReaderTyped","RowCount=50000&Shape=Original","OfficeIMO.Excel.ReaderComparison.Benchmarks.TypedReadBenchmarks.ExcelReaderTyped(RowCount: 50000, Shape: ""Original"")","e676775a59458d1095606386c39506ceb8a9bc33","3.4.4+78bfbd96dc3967b6f3c5e2376ce4c98000213e2c","29A145238D67CC254AD211EA26FBC887D7748F45232F9D092BE72DF7BFF80340","3.4.4+78bfbd96dc3967b6f3c5e2376ce4c98000213e2c","B952AF0AAA5B03E6587AD32DD35DD2C83925DD01F932FAA8DC778BF22595DA99","6318FB8B3978D74B05BB5B404E672589B8A96AB85541B363CE98DBFFE65954A2",,,"15","12,126191458333334","0,5543246908283802","4069313","Native managed bytes allocated per benchmark operation; not peak/retained/unmanaged memory","355,3534","417,8449"
"primary","before","qualified-e676-v1-domain1-main-before","1","OfficeIMO.Excel.ReaderComparison.Benchmarks","TypedReadBenchmarks","OfficeIMOTyped","RowCount=50000&Shape=Original","OfficeIMO.Excel.ReaderComparison.Benchmarks.TypedReadBenchmarks.OfficeIMOTyped(RowCount: 50000, Shape: ""Original"")","e676775a59458d1095606386c39506ceb8a9bc33","3.4.4+78bfbd96dc3967b6f3c5e2376ce4c98000213e2c","29A145238D67CC254AD211EA26FBC887D7748F45232F9D092BE72DF7BFF80340","3.4.4+78bfbd96dc3967b6f3c5e2376ce4c98000213e2c","B952AF0AAA5B03E6587AD32DD35DD2C83925DD01F932FAA8DC778BF22595DA99","6318FB8B3978D74B05BB5B404E672589B8A96AB85541B363CE98DBFFE65954A2",,,"15","107,8236825","6,9145322614092395","2621818","Native managed bytes allocated per benchmark operation; not peak/retained/unmanaged memory","3104,7968","3994,2005"
"primary","before","qualified-e676-v1-domain1-main-before","1","OfficeIMO.Excel.ReaderComparison.Benchmarks","TypedReadBenchmarks","SylvanTyped","RowCount=50000&Shape=Original","OfficeIMO.Excel.ReaderComparison.Benchmarks.TypedReadBenchmarks.SylvanTyped(RowCount: 50000, Shape: ""Original"")","e676775a59458d1095606386c39506ceb8a9bc33","3.4.4+78bfbd96dc3967b6f3c5e2376ce4c98000213e2c","29A145238D67CC254AD211EA26FBC887D7748F45232F9D092BE72DF7BFF80340","3.4.4+78bfbd96dc3967b6f3c5e2376ce4c98000213e2c","B952AF0AAA5B03E6587AD32DD35DD2C83925DD01F932FAA8DC778BF22595DA99","6318FB8B3978D74B05BB5B404E672589B8A96AB85541B363CE98DBFFE65954A2",,,"15","67,62584770833332","2,479054840589157","10984234","Native managed bytes allocated per benchmark operation; not peak/retained/unmanaged memory","2027,3009","2311,3871"
"primary","before","qualified-e676-v1-domain1-main-before","1","OfficeIMO.Excel.ReaderComparison.Benchmarks","TypedReadBenchmarks","ExcelReaderTyped","RowCount=50000&Shape=SharedStrings","OfficeIMO.Excel.ReaderComparison.Benchmarks.TypedReadBenchmarks.ExcelReaderTyped(RowCount: 50000, Shape: ""SharedStrings"")","e676775a59458d1095606386c39506ceb8a9bc33","3.4.4+78bfbd96dc3967b6f3c5e2376ce4c98000213e2c","29A145238D67CC254AD211EA26FBC887D7748F45232F9D092BE72DF7BFF80340","3.4.4+78bfbd96dc3967b6f3c5e2376ce4c98000213e2c","B952AF0AAA5B03E6587AD32DD35DD2C83925DD01F932FAA8DC778BF22595DA99","6318FB8B3978D74B05BB5B404E672589B8A96AB85541B363CE98DBFFE65954A2",,,"15","10,792926875","0,3913010465184286","2420609","Native managed bytes allocated per benchmark operation; not peak/retained/unmanaged memory","325,4972","369,1983"
"primary","before","qualified-e676-v1-domain1-main-before","1","OfficeIMO.Excel.ReaderComparison.Benchmarks","TypedReadBenchmarks","OfficeIMOTyped","RowCount=50000&Shape=SharedStrings","OfficeIMO.Excel.ReaderComparison.Benchmarks.TypedReadBenchmarks.OfficeIMOTyped(RowCount: 50000, Shape: ""SharedStrings"")","e676775a59458d1095606386c39506ceb8a9bc33","3.4.4+78bfbd96dc3967b6f3c5e2376ce4c98000213e2c","29A145238D67CC254AD211EA26FBC887D7748F45232F9D092BE72DF7BFF80340","3.4.4+78bfbd96dc3967b6f3c5e2376ce4c98000213e2c","B952AF0AAA5B03E6587AD32DD35DD2C83925DD01F932FAA8DC778BF22595DA99","6318FB8B3978D74B05BB5B404E672589B8A96AB85541B363CE98DBFFE65954A2",,,"15","69,56578791666666","3,359488411523933","3878382","Native managed bytes allocated per benchmark operation; not peak/retained/unmanaged memory","1990,1277","2361,8834"
"primary","before","qualified-e676-v1-domain1-main-before","1","OfficeIMO.Excel.ReaderComparison.Benchmarks","TypedReadBenchmarks","SylvanTyped","RowCount=50000&Shape=SharedStrings","OfficeIMO.Excel.ReaderComparison.Benchmarks.TypedReadBenchmarks.SylvanTyped(RowCount: 50000, Shape: ""SharedStrings"")","e676775a59458d1095606386c39506ceb8a9bc33","3.4.4+78bfbd96dc3967b6f3c5e2376ce4c98000213e2c","29A145238D67CC254AD211EA26FBC887D7748F45232F9D092BE72DF7BFF80340","3.4.4+78bfbd96dc3967b6f3c5e2376ce4c98000213e2c","B952AF0AAA5B03E6587AD32DD35DD2C83925DD01F932FAA8DC778BF22595DA99","6318FB8B3978D74B05BB5B404E672589B8A96AB85541B363CE98DBFFE65954A2",,,"15","60,60838239583334","2,0979049404439287","9342736","Native managed bytes allocated per benchmark operation; not peak/retained/unmanaged memory","1825,095","2074,8388"
"primary","before","qualified-e676-v1-domain1-main-before","1","OfficeIMO.Excel.ReaderComparison.Benchmarks","WriterBenchmarks","OfficeIMO","RowCount=50000","OfficeIMO.Excel.ReaderComparison.Benchmarks.WriterBenchmarks.OfficeIMO(RowCount: 50000)","e676775a59458d1095606386c39506ceb8a9bc33","3.4.4+78bfbd96dc3967b6f3c5e2376ce4c98000213e2c","29A145238D67CC254AD211EA26FBC887D7748F45232F9D092BE72DF7BFF80340","3.4.4+78bfbd96dc3967b6f3c5e2376ce4c98000213e2c","B952AF0AAA5B03E6587AD32DD35DD2C83925DD01F932FAA8DC778BF22595DA99","6318FB8B3978D74B05BB5B404E672589B8A96AB85541B363CE98DBFFE65954A2",,,"15","18,4765409375","0,5443617975052505","4238838","Native managed bytes allocated per benchmark operation; not peak/retained/unmanaged memory","555,6509","621,7214"
"primary","before","qualified-e676-v1-domain1-main-before","1","OfficeIMO.Excel.ReaderComparison.Benchmarks","WriterBenchmarks","ExcelReaderWriter","RowCount=50000","OfficeIMO.Excel.ReaderComparison.Benchmarks.WriterBenchmarks.ExcelReaderWriter(RowCount: 50000)","e676775a59458d1095606386c39506ceb8a9bc33","3.4.4+78bfbd96dc3967b6f3c5e2376ce4c98000213e2c","29A145238D67CC254AD211EA26FBC887D7748F45232F9D092BE72DF7BFF80340","3.4.4+78bfbd96dc3967b6f3c5e2376ce4c98000213e2c","B952AF0AAA5B03E6587AD32DD35DD2C83925DD01F932FAA8DC778BF22595DA99","6318FB8B3978D74B05BB5B404E672589B8A96AB85541B363CE98DBFFE65954A2",,,"15","9,917741979166665","0,24137213741143365","4217510","Native managed bytes allocated per benchmark operation; not peak/retained/unmanaged memory","307,1818","332,7713"
"primary","crypto-before","qualified-e676-v1-domain0-crypto-before","0","OfficeIMO.Excel.ReaderComparison.Benchmarks","EncryptedVerifiedReadBenchmarks","OfficeIMOVerifiedFullFields","Input=OriginalSmallXlsx&MemoryInput=False","OfficeIMO.Excel.ReaderComparison.Benchmarks.EncryptedVerifiedReadBenchmarks.OfficeIMOVerifiedFullFields(Input: OriginalSmallXlsx, MemoryInput: False)","e676775a59458d1095606386c39506ceb8a9bc33","3.4.4+ba9f21651d204ba1171735d26cc48c6d0a99f765","BD540DD1F7BEF8D8C5BD51147D9F5180FE30EB9CBCFF7AF699097E810A7E0403","3.4.4+ba9f21651d204ba1171735d26cc48c6d0a99f765","4222C2E8DDCD62B6CC253D1B43D8519FF0D7C9EC5AF1110491ABC07F5A9C1D97","CC38E56446699E12172F19E6EE9BD14F7A2A53292B9E5A8A2BC8DC4F805074E2",,,"15","189,87792166666665","7,930355103700695","144583008","Native managed bytes allocated per benchmark operation; not peak/retained/unmanaged memory","686,717","823,9345"
"primary","crypto-before","qualified-e676-v1-domain0-crypto-before","0","OfficeIMO.Excel.ReaderComparison.Benchmarks","EncryptedVerifiedReadBenchmarks","OfficeIMOVerifiedFullFields","Input=OriginalSmallXlsx&MemoryInput=True","OfficeIMO.Excel.ReaderComparison.Benchmarks.EncryptedVerifiedReadBenchmarks.OfficeIMOVerifiedFullFields(Input: OriginalSmallXlsx, MemoryInput: True)","e676775a59458d1095606386c39506ceb8a9bc33","3.4.4+ba9f21651d204ba1171735d26cc48c6d0a99f765","BD540DD1F7BEF8D8C5BD51147D9F5180FE30EB9CBCFF7AF699097E810A7E0403","3.4.4+ba9f21651d204ba1171735d26cc48c6d0a99f765","4222C2E8DDCD62B6CC253D1B43D8519FF0D7C9EC5AF1110491ABC07F5A9C1D97","CC38E56446699E12172F19E6EE9BD14F7A2A53292B9E5A8A2BC8DC4F805074E2",,,"15","182,792615","7,420300135799043","144562916","Native managed bytes allocated per benchmark operation; not peak/retained/unmanaged memory","670,1855","795,8612"
"primary","crypto-core-only","qualified-e676-v1-domain0-crypto-core-only","0","OfficeIMO.Excel.ReaderComparison.Benchmarks","EncryptedVerifiedReadBenchmarks","OfficeIMOVerifiedFullFields","Input=OriginalSmallXlsx&MemoryInput=False","OfficeIMO.Excel.ReaderComparison.Benchmarks.EncryptedVerifiedReadBenchmarks.OfficeIMOVerifiedFullFields(Input: OriginalSmallXlsx, MemoryInput: False)","e676775a59458d1095606386c39506ceb8a9bc33","3.4.4+ba9f21651d204ba1171735d26cc48c6d0a99f765","BD540DD1F7BEF8D8C5BD51147D9F5180FE30EB9CBCFF7AF699097E810A7E0403","3.4.4+4ee00bfa851b7b9d14b30058c67e036e53578c95","0336BCBF8D00E6519401CB79795F85B0C6753E2E8839B8370D3A246637D1A824","9D4A1CED39F1EE2FD34930B5C1FC9FD8C8FF6D5D1F26B4C2A74489D9F6D48A77",,,"15","28,100265333333333","2,276305879815762","572239","Native managed bytes allocated per benchmark operation; not peak/retained/unmanaged memory","249,7174","326,2229"
"primary","crypto-core-only","qualified-e676-v1-domain0-crypto-core-only","0","OfficeIMO.Excel.ReaderComparison.Benchmarks","EncryptedVerifiedReadBenchmarks","OfficeIMOVerifiedFullFields","Input=OriginalSmallXlsx&MemoryInput=True","OfficeIMO.Excel.ReaderComparison.Benchmarks.EncryptedVerifiedReadBenchmarks.OfficeIMOVerifiedFullFields(Input: OriginalSmallXlsx, MemoryInput: True)","e676775a59458d1095606386c39506ceb8a9bc33","3.4.4+ba9f21651d204ba1171735d26cc48c6d0a99f765","BD540DD1F7BEF8D8C5BD51147D9F5180FE30EB9CBCFF7AF699097E810A7E0403","3.4.4+4ee00bfa851b7b9d14b30058c67e036e53578c95","0336BCBF8D00E6519401CB79795F85B0C6753E2E8839B8370D3A246637D1A824","9D4A1CED39F1EE2FD34930B5C1FC9FD8C8FF6D5D1F26B4C2A74489D9F6D48A77",,,"15","27,533251333333332","1,5491013426908735","552553","Native managed bytes allocated per benchmark operation; not peak/retained/unmanaged memory","251,4324","304,375"
"primary","crypto-before","qualified-e676-v1-domain1-crypto-before","1","OfficeIMO.Excel.ReaderComparison.Benchmarks","EncryptedVerifiedReadBenchmarks","OfficeIMOVerifiedFullFields","Input=OriginalSmallXlsx&MemoryInput=False","OfficeIMO.Excel.ReaderComparison.Benchmarks.EncryptedVerifiedReadBenchmarks.OfficeIMOVerifiedFullFields(Input: OriginalSmallXlsx, MemoryInput: False)","e676775a59458d1095606386c39506ceb8a9bc33","3.4.4+ba9f21651d204ba1171735d26cc48c6d0a99f765","BD540DD1F7BEF8D8C5BD51147D9F5180FE30EB9CBCFF7AF699097E810A7E0403","3.4.4+ba9f21651d204ba1171735d26cc48c6d0a99f765","4222C2E8DDCD62B6CC253D1B43D8519FF0D7C9EC5AF1110491ABC07F5A9C1D97","CC38E56446699E12172F19E6EE9BD14F7A2A53292B9E5A8A2BC8DC4F805074E2",,,"15","176,54764333333335","6,445264985024628","144578908","Native managed bytes allocated per benchmark operation; not peak/retained/unmanaged memory","665,4482","750,7445"
"primary","crypto-before","qualified-e676-v1-domain1-crypto-before","1","OfficeIMO.Excel.ReaderComparison.Benchmarks","EncryptedVerifiedReadBenchmarks","OfficeIMOVerifiedFullFields","Input=OriginalSmallXlsx&MemoryInput=True","OfficeIMO.Excel.ReaderComparison.Benchmarks.EncryptedVerifiedReadBenchmarks.OfficeIMOVerifiedFullFields(Input: OriginalSmallXlsx, MemoryInput: True)","e676775a59458d1095606386c39506ceb8a9bc33","3.4.4+ba9f21651d204ba1171735d26cc48c6d0a99f765","BD540DD1F7BEF8D8C5BD51147D9F5180FE30EB9CBCFF7AF699097E810A7E0403","3.4.4+ba9f21651d204ba1171735d26cc48c6d0a99f765","4222C2E8DDCD62B6CC253D1B43D8519FF0D7C9EC5AF1110491ABC07F5A9C1D97","CC38E56446699E12172F19E6EE9BD14F7A2A53292B9E5A8A2BC8DC4F805074E2",,,"15","170,38123666666667","7,03886445984686","144559036","Native managed bytes allocated per benchmark operation; not peak/retained/unmanaged memory","646,9013","733,8399"
"primary","crypto-core-only","qualified-e676-v1-domain1-crypto-core-only","1","OfficeIMO.Excel.ReaderComparison.Benchmarks","EncryptedVerifiedReadBenchmarks","OfficeIMOVerifiedFullFields","Input=OriginalSmallXlsx&MemoryInput=False","OfficeIMO.Excel.ReaderComparison.Benchmarks.EncryptedVerifiedReadBenchmarks.OfficeIMOVerifiedFullFields(Input: OriginalSmallXlsx, MemoryInput: False)","e676775a59458d1095606386c39506ceb8a9bc33","3.4.4+ba9f21651d204ba1171735d26cc48c6d0a99f765","BD540DD1F7BEF8D8C5BD51147D9F5180FE30EB9CBCFF7AF699097E810A7E0403","3.4.4+4ee00bfa851b7b9d14b30058c67e036e53578c95","0336BCBF8D00E6519401CB79795F85B0C6753E2E8839B8370D3A246637D1A824","9D4A1CED39F1EE2FD34930B5C1FC9FD8C8FF6D5D1F26B4C2A74489D9F6D48A77",,,"15","27,66439133333333","1,202294136901061","570732","Native managed bytes allocated per benchmark operation; not peak/retained/unmanaged memory","255,2469","295,0877"
"primary","crypto-core-only","qualified-e676-v1-domain1-crypto-core-only","1","OfficeIMO.Excel.ReaderComparison.Benchmarks","EncryptedVerifiedReadBenchmarks","OfficeIMOVerifiedFullFields","Input=OriginalSmallXlsx&MemoryInput=True","OfficeIMO.Excel.ReaderComparison.Benchmarks.EncryptedVerifiedReadBenchmarks.OfficeIMOVerifiedFullFields(Input: OriginalSmallXlsx, MemoryInput: True)","e676775a59458d1095606386c39506ceb8a9bc33","3.4.4+ba9f21651d204ba1171735d26cc48c6d0a99f765","BD540DD1F7BEF8D8C5BD51147D9F5180FE30EB9CBCFF7AF699097E810A7E0403","3.4.4+4ee00bfa851b7b9d14b30058c67e036e53578c95","0336BCBF8D00E6519401CB79795F85B0C6753E2E8839B8370D3A246637D1A824","9D4A1CED39F1EE2FD34930B5C1FC9FD8C8FF6D5D1F26B4C2A74489D9F6D48A77",,,"15","27,29548133333333","1,4048044391702288","550878","Native managed bytes allocated per benchmark operation; not peak/retained/unmanaged memory","246,0464","289,8242"
"primary","current","qualified-830951-long-v1-domain0-generated","0","OfficeIMO.Excel.ReaderComparison.Benchmarks","BorrowedRefStructReadBenchmarks","ExcelReaderMappedRefStruct","RowCount=50000","OfficeIMO.Excel.ReaderComparison.Benchmarks.BorrowedRefStructReadBenchmarks.ExcelReaderMappedRefStruct(RowCount: 50000)","83095146282a96143b23a79a7ecca058a24a709b","3.4.4+83095146282a96143b23a79a7ecca058a24a709b","F2853A4C62D5C03C5E3F0CBB7CCBB5776FB63CE58CE8933BE4EBAA4F5887502F","3.4.4+83095146282a96143b23a79a7ecca058a24a709b","B5565DE58D83BFC91F4FFB69A797CE02DFCB10A5A6409323845D05A5732E1A84","5E79575325D94AE8D09B97CD0C1C341EBB6AC0A24C3EEE6AE4817A897F97E7A4",,,"15","9,733048768768766","0,4861275060196937","4464","Native managed bytes allocated per benchmark operation; not peak/retained/unmanaged memory","1015,8185","1182,0274"
"primary","current","qualified-830951-long-v1-domain0-generated","0","OfficeIMO.Excel.ReaderComparison.Benchmarks","BorrowedRefStructReadBenchmarks","OfficeIMOFactoryRefStruct","RowCount=50000","OfficeIMO.Excel.ReaderComparison.Benchmarks.BorrowedRefStructReadBenchmarks.OfficeIMOFactoryRefStruct(RowCount: 50000)","83095146282a96143b23a79a7ecca058a24a709b","3.4.4+83095146282a96143b23a79a7ecca058a24a709b","F2853A4C62D5C03C5E3F0CBB7CCBB5776FB63CE58CE8933BE4EBAA4F5887502F","3.4.4+83095146282a96143b23a79a7ecca058a24a709b","B5565DE58D83BFC91F4FFB69A797CE02DFCB10A5A6409323845D05A5732E1A84","5E79575325D94AE8D09B97CD0C1C341EBB6AC0A24C3EEE6AE4817A897F97E7A4",,,"15","13,279675443037975","0,3439332943909875","79159","Native managed bytes allocated per benchmark operation; not peak/retained/unmanaged memory","998,3541","1100,1079"
"primary","current","qualified-830951-long-v1-domain0-generated","0","OfficeIMO.Excel.ReaderComparison.Benchmarks","MaterializedRawAsyncReadBenchmarks","ExcelReaderStringsMaterializedAsync","RowCount=50000&Format=Xlsx","OfficeIMO.Excel.ReaderComparison.Benchmarks.MaterializedRawAsyncReadBenchmarks.ExcelReaderStringsMaterializedAsync(RowCount: 50000, Format: Xlsx)","83095146282a96143b23a79a7ecca058a24a709b","3.4.4+83095146282a96143b23a79a7ecca058a24a709b","F2853A4C62D5C03C5E3F0CBB7CCBB5776FB63CE58CE8933BE4EBAA4F5887502F","3.4.4+83095146282a96143b23a79a7ecca058a24a709b","B5565DE58D83BFC91F4FFB69A797CE02DFCB10A5A6409323845D05A5732E1A84","5E79575325D94AE8D09B97CD0C1C341EBB6AC0A24C3EEE6AE4817A897F97E7A4",,,"15","9,98012111111111","0,3181186994596702","1658933","Native managed bytes allocated per benchmark operation; not peak/retained/unmanaged memory","905,3692","1011,9118"
"primary","current","qualified-830951-long-v1-domain0-generated","0","OfficeIMO.Excel.ReaderComparison.Benchmarks","MaterializedRawAsyncReadBenchmarks","OfficeIMOAsync","RowCount=50000&Format=Xlsx","OfficeIMO.Excel.ReaderComparison.Benchmarks.MaterializedRawAsyncReadBenchmarks.OfficeIMOAsync(RowCount: 50000, Format: Xlsx)","83095146282a96143b23a79a7ecca058a24a709b","3.4.4+83095146282a96143b23a79a7ecca058a24a709b","F2853A4C62D5C03C5E3F0CBB7CCBB5776FB63CE58CE8933BE4EBAA4F5887502F","3.4.4+83095146282a96143b23a79a7ecca058a24a709b","B5565DE58D83BFC91F4FFB69A797CE02DFCB10A5A6409323845D05A5732E1A84","5E79575325D94AE8D09B97CD0C1C341EBB6AC0A24C3EEE6AE4817A897F97E7A4",,,"15","15,77362076502732","0,7271772838051677","3678327","Native managed bytes allocated per benchmark operation; not peak/retained/unmanaged memory","878,1745","1032,3107"
"primary","current","qualified-830951-long-v1-domain0-generated","0","OfficeIMO.Excel.ReaderComparison.Benchmarks","MaterializedRawAsyncReadBenchmarks","SylvanAsync","RowCount=50000&Format=Xlsx","OfficeIMO.Excel.ReaderComparison.Benchmarks.MaterializedRawAsyncReadBenchmarks.SylvanAsync(RowCount: 50000, Format: Xlsx)","83095146282a96143b23a79a7ecca058a24a709b","3.4.4+83095146282a96143b23a79a7ecca058a24a709b","F2853A4C62D5C03C5E3F0CBB7CCBB5776FB63CE58CE8933BE4EBAA4F5887502F","3.4.4+83095146282a96143b23a79a7ecca058a24a709b","B5565DE58D83BFC91F4FFB69A797CE02DFCB10A5A6409323845D05A5732E1A84","5E79575325D94AE8D09B97CD0C1C341EBB6AC0A24C3EEE6AE4817A897F97E7A4",,,"15","41,0826475","4,387169779803087","1986624","Native managed bytes allocated per benchmark operation; not peak/retained/unmanaged memory","767,6034","1124,7679"
"primary","current","qualified-830951-long-v1-domain0-generated","0","OfficeIMO.Excel.ReaderComparison.Benchmarks","MaterializedRawAsyncReadBenchmarks","ExcelReaderStringsMaterializedAsync","RowCount=50000&Format=Xlsb","OfficeIMO.Excel.ReaderComparison.Benchmarks.MaterializedRawAsyncReadBenchmarks.ExcelReaderStringsMaterializedAsync(RowCount: 50000, Format: Xlsb)","83095146282a96143b23a79a7ecca058a24a709b","3.4.4+83095146282a96143b23a79a7ecca058a24a709b","F2853A4C62D5C03C5E3F0CBB7CCBB5776FB63CE58CE8933BE4EBAA4F5887502F","3.4.4+83095146282a96143b23a79a7ecca058a24a709b","B5565DE58D83BFC91F4FFB69A797CE02DFCB10A5A6409323845D05A5732E1A84","5E79575325D94AE8D09B97CD0C1C341EBB6AC0A24C3EEE6AE4817A897F97E7A4",,,"15","4,709540381944445","0,5040670700891595","1654304","Native managed bytes allocated per benchmark operation; not peak/retained/unmanaged memory","854,8472","1243,1597"
"primary","current","qualified-830951-long-v1-domain0-generated","0","OfficeIMO.Excel.ReaderComparison.Benchmarks","MaterializedRawAsyncReadBenchmarks","OfficeIMOAsync","RowCount=50000&Format=Xlsb","OfficeIMO.Excel.ReaderComparison.Benchmarks.MaterializedRawAsyncReadBenchmarks.OfficeIMOAsync(RowCount: 50000, Format: Xlsb)","83095146282a96143b23a79a7ecca058a24a709b","3.4.4+83095146282a96143b23a79a7ecca058a24a709b","F2853A4C62D5C03C5E3F0CBB7CCBB5776FB63CE58CE8933BE4EBAA4F5887502F","3.4.4+83095146282a96143b23a79a7ecca058a24a709b","B5565DE58D83BFC91F4FFB69A797CE02DFCB10A5A6409323845D05A5732E1A84","5E79575325D94AE8D09B97CD0C1C341EBB6AC0A24C3EEE6AE4817A897F97E7A4",,,"15","8,950139185750634","1,417976442236474","5372428","Native managed bytes allocated per benchmark operation; not peak/retained/unmanaged memory","1003,5172","1644,0171"
"primary","current","qualified-830951-long-v1-domain0-generated","0","OfficeIMO.Excel.ReaderComparison.Benchmarks","MaterializedRawAsyncReadBenchmarks","SylvanAsync","RowCount=50000&Format=Xlsb","OfficeIMO.Excel.ReaderComparison.Benchmarks.MaterializedRawAsyncReadBenchmarks.SylvanAsync(RowCount: 50000, Format: Xlsb)","83095146282a96143b23a79a7ecca058a24a709b","3.4.4+83095146282a96143b23a79a7ecca058a24a709b","F2853A4C62D5C03C5E3F0CBB7CCBB5776FB63CE58CE8933BE4EBAA4F5887502F","3.4.4+83095146282a96143b23a79a7ecca058a24a709b","B5565DE58D83BFC91F4FFB69A797CE02DFCB10A5A6409323845D05A5732E1A84","5E79575325D94AE8D09B97CD0C1C341EBB6AC0A24C3EEE6AE4817A897F97E7A4",,,"15","8,760459943502825","0,3038340171361058","1911217","Native managed bytes allocated per benchmark operation; not peak/retained/unmanaged memory","985,7329","1116,5425"
"primary","current","qualified-830951-long-v1-domain0-generated","0","OfficeIMO.Excel.ReaderComparison.Benchmarks","MaterializedRawAsyncReadBenchmarks","ExcelReaderStringsMaterializedAsync","RowCount=50000&Format=Xls","OfficeIMO.Excel.ReaderComparison.Benchmarks.MaterializedRawAsyncReadBenchmarks.ExcelReaderStringsMaterializedAsync(RowCount: 50000, Format: Xls)","83095146282a96143b23a79a7ecca058a24a709b","3.4.4+83095146282a96143b23a79a7ecca058a24a709b","F2853A4C62D5C03C5E3F0CBB7CCBB5776FB63CE58CE8933BE4EBAA4F5887502F","3.4.4+83095146282a96143b23a79a7ecca058a24a709b","B5565DE58D83BFC91F4FFB69A797CE02DFCB10A5A6409323845D05A5732E1A84","5E79575325D94AE8D09B97CD0C1C341EBB6AC0A24C3EEE6AE4817A897F97E7A4",,,"15","5,236436057692309","0,13716711676707358","1653516","Native managed bytes allocated per benchmark operation; not peak/retained/unmanaged memory","1036,803","1130,5559"
"primary","current","qualified-830951-long-v1-domain0-generated","0","OfficeIMO.Excel.ReaderComparison.Benchmarks","MaterializedRawAsyncReadBenchmarks","OfficeIMOAsync","RowCount=50000&Format=Xls","OfficeIMO.Excel.ReaderComparison.Benchmarks.MaterializedRawAsyncReadBenchmarks.OfficeIMOAsync(RowCount: 50000, Format: Xls)","83095146282a96143b23a79a7ecca058a24a709b","3.4.4+83095146282a96143b23a79a7ecca058a24a709b","F2853A4C62D5C03C5E3F0CBB7CCBB5776FB63CE58CE8933BE4EBAA4F5887502F","3.4.4+83095146282a96143b23a79a7ecca058a24a709b","B5565DE58D83BFC91F4FFB69A797CE02DFCB10A5A6409323845D05A5732E1A84","5E79575325D94AE8D09B97CD0C1C341EBB6AC0A24C3EEE6AE4817A897F97E7A4",,,"15","7,390053589743589","0,9242355079502594","10751207","Native managed bytes allocated per benchmark operation; not peak/retained/unmanaged memory","643,6677","986,4675"
"primary","current","qualified-830951-long-v1-domain0-generated","0","OfficeIMO.Excel.ReaderComparison.Benchmarks","MaterializedRawAsyncReadBenchmarks","SylvanAsync","RowCount=50000&Format=Xls","OfficeIMO.Excel.ReaderComparison.Benchmarks.MaterializedRawAsyncReadBenchmarks.SylvanAsync(RowCount: 50000, Format: Xls)","83095146282a96143b23a79a7ecca058a24a709b","3.4.4+83095146282a96143b23a79a7ecca058a24a709b","F2853A4C62D5C03C5E3F0CBB7CCBB5776FB63CE58CE8933BE4EBAA4F5887502F","3.4.4+83095146282a96143b23a79a7ecca058a24a709b","B5565DE58D83BFC91F4FFB69A797CE02DFCB10A5A6409323845D05A5732E1A84","5E79575325D94AE8D09B97CD0C1C341EBB6AC0A24C3EEE6AE4817A897F97E7A4",,,"15","6,0037566486486496","0,31252212493094544","1760296","Native managed bytes allocated per benchmark operation; not peak/retained/unmanaged memory","1035,0672","1258,4038"
"primary","current","qualified-830951-long-v1-domain0-generated","0","OfficeIMO.Excel.ReaderComparison.Benchmarks","MaterializedRawReadBenchmarks","ExcelReaderStringsMaterialized","RowCount=50000&Format=Xlsx","OfficeIMO.Excel.ReaderComparison.Benchmarks.MaterializedRawReadBenchmarks.ExcelReaderStringsMaterialized(RowCount: 50000, Format: Xlsx)","83095146282a96143b23a79a7ecca058a24a709b","3.4.4+83095146282a96143b23a79a7ecca058a24a709b","F2853A4C62D5C03C5E3F0CBB7CCBB5776FB63CE58CE8933BE4EBAA4F5887502F","3.4.4+83095146282a96143b23a79a7ecca058a24a709b","B5565DE58D83BFC91F4FFB69A797CE02DFCB10A5A6409323845D05A5732E1A84","5E79575325D94AE8D09B97CD0C1C341EBB6AC0A24C3EEE6AE4817A897F97E7A4",,,"15","8,700517345132743","0,3735792559122329","1653912","Native managed bytes allocated per benchmark operation; not peak/retained/unmanaged memory","917,5697","1091,2083"
"primary","current","qualified-830951-long-v1-domain0-generated","0","OfficeIMO.Excel.ReaderComparison.Benchmarks","MaterializedRawReadBenchmarks","OfficeIMOOriginal","RowCount=50000&Format=Xlsx","OfficeIMO.Excel.ReaderComparison.Benchmarks.MaterializedRawReadBenchmarks.OfficeIMOOriginal(RowCount: 50000, Format: Xlsx)","83095146282a96143b23a79a7ecca058a24a709b","3.4.4+83095146282a96143b23a79a7ecca058a24a709b","F2853A4C62D5C03C5E3F0CBB7CCBB5776FB63CE58CE8933BE4EBAA4F5887502F","3.4.4+83095146282a96143b23a79a7ecca058a24a709b","B5565DE58D83BFC91F4FFB69A797CE02DFCB10A5A6409323845D05A5732E1A84","5E79575325D94AE8D09B97CD0C1C341EBB6AC0A24C3EEE6AE4817A897F97E7A4",,,"15","15,467134027777778","0,5408268286755427","3678257","Native managed bytes allocated per benchmark operation; not peak/retained/unmanaged memory","1013,0906","1158,704"
"primary","current","qualified-830951-long-v1-domain0-generated","0","OfficeIMO.Excel.ReaderComparison.Benchmarks","MaterializedRawReadBenchmarks","Sylvan","RowCount=50000&Format=Xlsx","OfficeIMO.Excel.ReaderComparison.Benchmarks.MaterializedRawReadBenchmarks.Sylvan(RowCount: 50000, Format: Xlsx)","83095146282a96143b23a79a7ecca058a24a709b","3.4.4+83095146282a96143b23a79a7ecca058a24a709b","F2853A4C62D5C03C5E3F0CBB7CCBB5776FB63CE58CE8933BE4EBAA4F5887502F","3.4.4+83095146282a96143b23a79a7ecca058a24a709b","B5565DE58D83BFC91F4FFB69A797CE02DFCB10A5A6409323845D05A5732E1A84","5E79575325D94AE8D09B97CD0C1C341EBB6AC0A24C3EEE6AE4817A897F97E7A4",,,"15","44,06689303030303","2,2235381945475483","1985697","Native managed bytes allocated per benchmark operation; not peak/retained/unmanaged memory","916,7891","1072,134"
"primary","current","qualified-830951-long-v1-domain0-generated","0","OfficeIMO.Excel.ReaderComparison.Benchmarks","MaterializedRawReadBenchmarks","ExcelReaderStringsMaterialized","RowCount=50000&Format=Xlsb","OfficeIMO.Excel.ReaderComparison.Benchmarks.MaterializedRawReadBenchmarks.ExcelReaderStringsMaterialized(RowCount: 50000, Format: Xlsb)","83095146282a96143b23a79a7ecca058a24a709b","3.4.4+83095146282a96143b23a79a7ecca058a24a709b","F2853A4C62D5C03C5E3F0CBB7CCBB5776FB63CE58CE8933BE4EBAA4F5887502F","3.4.4+83095146282a96143b23a79a7ecca058a24a709b","B5565DE58D83BFC91F4FFB69A797CE02DFCB10A5A6409323845D05A5732E1A84","5E79575325D94AE8D09B97CD0C1C341EBB6AC0A24C3EEE6AE4817A897F97E7A4",,,"15","5,932561726907631","0,18015074717406368","1654232","Native managed bytes allocated per benchmark operation; not peak/retained/unmanaged memory","945,7799","1047,1609"
"primary","current","qualified-830951-long-v1-domain0-generated","0","OfficeIMO.Excel.ReaderComparison.Benchmarks","MaterializedRawReadBenchmarks","OfficeIMOOriginal","RowCount=50000&Format=Xlsb","OfficeIMO.Excel.ReaderComparison.Benchmarks.MaterializedRawReadBenchmarks.OfficeIMOOriginal(RowCount: 50000, Format: Xlsb)","83095146282a96143b23a79a7ecca058a24a709b","3.4.4+83095146282a96143b23a79a7ecca058a24a709b","F2853A4C62D5C03C5E3F0CBB7CCBB5776FB63CE58CE8933BE4EBAA4F5887502F","3.4.4+83095146282a96143b23a79a7ecca058a24a709b","B5565DE58D83BFC91F4FFB69A797CE02DFCB10A5A6409323845D05A5732E1A84","5E79575325D94AE8D09B97CD0C1C341EBB6AC0A24C3EEE6AE4817A897F97E7A4",,,"15","10,317592878787877","0,4097684615046408","5372506","Native managed bytes allocated per benchmark operation; not peak/retained/unmanaged memory","1295,2752","1488,7309"
"primary","current","qualified-830951-long-v1-domain0-generated","0","OfficeIMO.Excel.ReaderComparison.Benchmarks","MaterializedRawReadBenchmarks","Sylvan","RowCount=50000&Format=Xlsb","OfficeIMO.Excel.ReaderComparison.Benchmarks.MaterializedRawReadBenchmarks.Sylvan(RowCount: 50000, Format: Xlsb)","83095146282a96143b23a79a7ecca058a24a709b","3.4.4+83095146282a96143b23a79a7ecca058a24a709b","F2853A4C62D5C03C5E3F0CBB7CCBB5776FB63CE58CE8933BE4EBAA4F5887502F","3.4.4+83095146282a96143b23a79a7ecca058a24a709b","B5565DE58D83BFC91F4FFB69A797CE02DFCB10A5A6409323845D05A5732E1A84","5E79575325D94AE8D09B97CD0C1C341EBB6AC0A24C3EEE6AE4817A897F97E7A4",,,"15","9,19388537815126","0,17718885099100465","1910394","Native managed bytes allocated per benchmark operation; not peak/retained/unmanaged memory","1058,4318","1140,1509"
"primary","current","qualified-830951-long-v1-domain0-generated","0","OfficeIMO.Excel.ReaderComparison.Benchmarks","MaterializedRawReadBenchmarks","ExcelReaderStringsMaterialized","RowCount=50000&Format=Xls","OfficeIMO.Excel.ReaderComparison.Benchmarks.MaterializedRawReadBenchmarks.ExcelReaderStringsMaterialized(RowCount: 50000, Format: Xls)","83095146282a96143b23a79a7ecca058a24a709b","3.4.4+83095146282a96143b23a79a7ecca058a24a709b","F2853A4C62D5C03C5E3F0CBB7CCBB5776FB63CE58CE8933BE4EBAA4F5887502F","3.4.4+83095146282a96143b23a79a7ecca058a24a709b","B5565DE58D83BFC91F4FFB69A797CE02DFCB10A5A6409323845D05A5732E1A84","5E79575325D94AE8D09B97CD0C1C341EBB6AC0A24C3EEE6AE4817A897F97E7A4",,,"15","4,7630864663805434","0,150991600822675","1652904","Native managed bytes allocated per benchmark operation; not peak/retained/unmanaged memory","1060,1572","1204,1124"
"primary","current","qualified-830951-long-v1-domain0-generated","0","OfficeIMO.Excel.ReaderComparison.Benchmarks","MaterializedRawReadBenchmarks","OfficeIMOOriginal","RowCount=50000&Format=Xls","OfficeIMO.Excel.ReaderComparison.Benchmarks.MaterializedRawReadBenchmarks.OfficeIMOOriginal(RowCount: 50000, Format: Xls)","83095146282a96143b23a79a7ecca058a24a709b","3.4.4+83095146282a96143b23a79a7ecca058a24a709b","F2853A4C62D5C03C5E3F0CBB7CCBB5776FB63CE58CE8933BE4EBAA4F5887502F","3.4.4+83095146282a96143b23a79a7ecca058a24a709b","B5565DE58D83BFC91F4FFB69A797CE02DFCB10A5A6409323845D05A5732E1A84","5E79575325D94AE8D09B97CD0C1C341EBB6AC0A24C3EEE6AE4817A897F97E7A4",,,"15","8,067713225806452","0,1697257356233137","10751134","Native managed bytes allocated per benchmark operation; not peak/retained/unmanaged memory","962,9324","1041,6276"
"primary","current","qualified-830951-long-v1-domain0-generated","0","OfficeIMO.Excel.ReaderComparison.Benchmarks","MaterializedRawReadBenchmarks","Sylvan","RowCount=50000&Format=Xls","OfficeIMO.Excel.ReaderComparison.Benchmarks.MaterializedRawReadBenchmarks.Sylvan(RowCount: 50000, Format: Xls)","83095146282a96143b23a79a7ecca058a24a709b","3.4.4+83095146282a96143b23a79a7ecca058a24a709b","F2853A4C62D5C03C5E3F0CBB7CCBB5776FB63CE58CE8933BE4EBAA4F5887502F","3.4.4+83095146282a96143b23a79a7ecca058a24a709b","B5565DE58D83BFC91F4FFB69A797CE02DFCB10A5A6409323845D05A5732E1A84","5E79575325D94AE8D09B97CD0C1C341EBB6AC0A24C3EEE6AE4817A897F97E7A4",,,"15","6,752589219858154","0,33729135656364384","1758984","Native managed bytes allocated per benchmark operation; not peak/retained/unmanaged memory","875,6706","1043,0864"
"primary","current","qualified-830951-long-v1-domain0-generated","0","OfficeIMO.Excel.ReaderComparison.Benchmarks","RawAsyncReadBenchmarks","ExcelReaderAsync","RowCount=50000&Format=Xlsx","OfficeIMO.Excel.ReaderComparison.Benchmarks.RawAsyncReadBenchmarks.ExcelReaderAsync(RowCount: 50000, Format: Xlsx)","83095146282a96143b23a79a7ecca058a24a709b","3.4.4+83095146282a96143b23a79a7ecca058a24a709b","F2853A4C62D5C03C5E3F0CBB7CCBB5776FB63CE58CE8933BE4EBAA4F5887502F","3.4.4+83095146282a96143b23a79a7ecca058a24a709b","B5565DE58D83BFC91F4FFB69A797CE02DFCB10A5A6409323845D05A5732E1A84","5E79575325D94AE8D09B97CD0C1C341EBB6AC0A24C3EEE6AE4817A897F97E7A4",,,"15","8,899747637540454","0,14868519468419797","8596","Native managed bytes allocated per benchmark operation; not peak/retained/unmanaged memory","889,7494","942,4414"
"primary","current","qualified-830951-long-v1-domain0-generated","0","OfficeIMO.Excel.ReaderComparison.Benchmarks","RawAsyncReadBenchmarks","OfficeIMOAsync","RowCount=50000&Format=Xlsx","OfficeIMO.Excel.ReaderComparison.Benchmarks.RawAsyncReadBenchmarks.OfficeIMOAsync(RowCount: 50000, Format: Xlsx)","83095146282a96143b23a79a7ecca058a24a709b","3.4.4+83095146282a96143b23a79a7ecca058a24a709b","F2853A4C62D5C03C5E3F0CBB7CCBB5776FB63CE58CE8933BE4EBAA4F5887502F","3.4.4+83095146282a96143b23a79a7ecca058a24a709b","B5565DE58D83BFC91F4FFB69A797CE02DFCB10A5A6409323845D05A5732E1A84","5E79575325D94AE8D09B97CD0C1C341EBB6AC0A24C3EEE6AE4817A897F97E7A4",,,"15","13,111164784313726","1,653854024639869","3708893","Native managed bytes allocated per benchmark operation; not peak/retained/unmanaged memory","920,5312","1375,8065"
"primary","current","qualified-830951-long-v1-domain0-generated","0","OfficeIMO.Excel.ReaderComparison.Benchmarks","RawAsyncReadBenchmarks","SylvanAsync","RowCount=50000&Format=Xlsx","OfficeIMO.Excel.ReaderComparison.Benchmarks.RawAsyncReadBenchmarks.SylvanAsync(RowCount: 50000, Format: Xlsx)","83095146282a96143b23a79a7ecca058a24a709b","3.4.4+83095146282a96143b23a79a7ecca058a24a709b","F2853A4C62D5C03C5E3F0CBB7CCBB5776FB63CE58CE8933BE4EBAA4F5887502F","3.4.4+83095146282a96143b23a79a7ecca058a24a709b","B5565DE58D83BFC91F4FFB69A797CE02DFCB10A5A6409323845D05A5732E1A84","5E79575325D94AE8D09B97CD0C1C341EBB6AC0A24C3EEE6AE4817A897F97E7A4",,,"15","40,07700499999999","4,508880129951102","1986624","Native managed bytes allocated per benchmark operation; not peak/retained/unmanaged memory","1108,3187","1610,0751"
"primary","current","qualified-830951-long-v1-domain0-generated","0","OfficeIMO.Excel.ReaderComparison.Benchmarks","RawAsyncReadBenchmarks","ExcelReaderAsync","RowCount=50000&Format=Xlsb","OfficeIMO.Excel.ReaderComparison.Benchmarks.RawAsyncReadBenchmarks.ExcelReaderAsync(RowCount: 50000, Format: Xlsb)","83095146282a96143b23a79a7ecca058a24a709b","3.4.4+83095146282a96143b23a79a7ecca058a24a709b","F2853A4C62D5C03C5E3F0CBB7CCBB5776FB63CE58CE8933BE4EBAA4F5887502F","3.4.4+83095146282a96143b23a79a7ecca058a24a709b","B5565DE58D83BFC91F4FFB69A797CE02DFCB10A5A6409323845D05A5732E1A84","5E79575325D94AE8D09B97CD0C1C341EBB6AC0A24C3EEE6AE4817A897F97E7A4",,,"15","5,686867276995305","0,19685882223645515","6536","Native managed bytes allocated per benchmark operation; not peak/retained/unmanaged memory","1159,4713","1283,1199"
"primary","current","qualified-830951-long-v1-domain0-generated","0","OfficeIMO.Excel.ReaderComparison.Benchmarks","RawAsyncReadBenchmarks","OfficeIMOAsync","RowCount=50000&Format=Xlsb","OfficeIMO.Excel.ReaderComparison.Benchmarks.RawAsyncReadBenchmarks.OfficeIMOAsync(RowCount: 50000, Format: Xlsb)","83095146282a96143b23a79a7ecca058a24a709b","3.4.4+83095146282a96143b23a79a7ecca058a24a709b","F2853A4C62D5C03C5E3F0CBB7CCBB5776FB63CE58CE8933BE4EBAA4F5887502F","3.4.4+83095146282a96143b23a79a7ecca058a24a709b","B5565DE58D83BFC91F4FFB69A797CE02DFCB10A5A6409323845D05A5732E1A84","5E79575325D94AE8D09B97CD0C1C341EBB6AC0A24C3EEE6AE4817A897F97E7A4",,,"15","8,370115774647887","0,8717879337101416","5372582","Native managed bytes allocated per benchmark operation; not peak/retained/unmanaged memory","515,7504","707,944"
"primary","current","qualified-830951-long-v1-domain0-generated","0","OfficeIMO.Excel.ReaderComparison.Benchmarks","RawAsyncReadBenchmarks","SylvanAsync","RowCount=50000&Format=Xlsb","OfficeIMO.Excel.ReaderComparison.Benchmarks.RawAsyncReadBenchmarks.SylvanAsync(RowCount: 50000, Format: Xlsb)","83095146282a96143b23a79a7ecca058a24a709b","3.4.4+83095146282a96143b23a79a7ecca058a24a709b","F2853A4C62D5C03C5E3F0CBB7CCBB5776FB63CE58CE8933BE4EBAA4F5887502F","3.4.4+83095146282a96143b23a79a7ecca058a24a709b","B5565DE58D83BFC91F4FFB69A797CE02DFCB10A5A6409323845D05A5732E1A84","5E79575325D94AE8D09B97CD0C1C341EBB6AC0A24C3EEE6AE4817A897F97E7A4",,,"15","8,155632229885057","1,0626035439530128","1911214","Native managed bytes allocated per benchmark operation; not peak/retained/unmanaged memory","935,9902","1343,9308"
"primary","current","qualified-830951-long-v1-domain0-generated","0","OfficeIMO.Excel.ReaderComparison.Benchmarks","RawAsyncReadBenchmarks","ExcelReaderAsync","RowCount=50000&Format=Xls","OfficeIMO.Excel.ReaderComparison.Benchmarks.RawAsyncReadBenchmarks.ExcelReaderAsync(RowCount: 50000, Format: Xls)","83095146282a96143b23a79a7ecca058a24a709b","3.4.4+83095146282a96143b23a79a7ecca058a24a709b","F2853A4C62D5C03C5E3F0CBB7CCBB5776FB63CE58CE8933BE4EBAA4F5887502F","3.4.4+83095146282a96143b23a79a7ecca058a24a709b","B5565DE58D83BFC91F4FFB69A797CE02DFCB10A5A6409323845D05A5732E1A84","5E79575325D94AE8D09B97CD0C1C341EBB6AC0A24C3EEE6AE4817A897F97E7A4",,,"15","4,291301033591732","0,288460470995325","2976","Native managed bytes allocated per benchmark operation; not peak/retained/unmanaged memory","979,8827","1273,0193"
"primary","current","qualified-830951-long-v1-domain0-generated","0","OfficeIMO.Excel.ReaderComparison.Benchmarks","RawAsyncReadBenchmarks","OfficeIMOAsync","RowCount=50000&Format=Xls","OfficeIMO.Excel.ReaderComparison.Benchmarks.RawAsyncReadBenchmarks.OfficeIMOAsync(RowCount: 50000, Format: Xls)","83095146282a96143b23a79a7ecca058a24a709b","3.4.4+83095146282a96143b23a79a7ecca058a24a709b","F2853A4C62D5C03C5E3F0CBB7CCBB5776FB63CE58CE8933BE4EBAA4F5887502F","3.4.4+83095146282a96143b23a79a7ecca058a24a709b","B5565DE58D83BFC91F4FFB69A797CE02DFCB10A5A6409323845D05A5732E1A84","5E79575325D94AE8D09B97CD0C1C341EBB6AC0A24C3EEE6AE4817A897F97E7A4",,,"15","8,26486660968661","0,3732979379591961","10751205","Native managed bytes allocated per benchmark operation; not peak/retained/unmanaged memory","891,8672","1024,6857"
"primary","current","qualified-830951-long-v1-domain0-generated","0","OfficeIMO.Excel.ReaderComparison.Benchmarks","RawAsyncReadBenchmarks","SylvanAsync","RowCount=50000&Format=Xls","OfficeIMO.Excel.ReaderComparison.Benchmarks.RawAsyncReadBenchmarks.SylvanAsync(RowCount: 50000, Format: Xls)","83095146282a96143b23a79a7ecca058a24a709b","3.4.4+83095146282a96143b23a79a7ecca058a24a709b","F2853A4C62D5C03C5E3F0CBB7CCBB5776FB63CE58CE8933BE4EBAA4F5887502F","3.4.4+83095146282a96143b23a79a7ecca058a24a709b","B5565DE58D83BFC91F4FFB69A797CE02DFCB10A5A6409323845D05A5732E1A84","5E79575325D94AE8D09B97CD0C1C341EBB6AC0A24C3EEE6AE4817A897F97E7A4",,,"15","7,953327276995304","0,41683895187477205","1760991","Native managed bytes allocated per benchmark operation; not peak/retained/unmanaged memory","1005,8097","1203,974"
"primary","current","qualified-830951-long-v1-domain0-generated","0","OfficeIMO.Excel.ReaderComparison.Benchmarks","RawReadBenchmarks","ExcelReaderOriginal","RowCount=50000&Format=Xlsx","OfficeIMO.Excel.ReaderComparison.Benchmarks.RawReadBenchmarks.ExcelReaderOriginal(RowCount: 50000, Format: Xlsx)","83095146282a96143b23a79a7ecca058a24a709b","3.4.4+83095146282a96143b23a79a7ecca058a24a709b","F2853A4C62D5C03C5E3F0CBB7CCBB5776FB63CE58CE8933BE4EBAA4F5887502F","3.4.4+83095146282a96143b23a79a7ecca058a24a709b","B5565DE58D83BFC91F4FFB69A797CE02DFCB10A5A6409323845D05A5732E1A84","5E79575325D94AE8D09B97CD0C1C341EBB6AC0A24C3EEE6AE4817A897F97E7A4",,,"15","7,7933891522157985","0,4621208078184393","3912","Native managed bytes allocated per benchmark operation; not peak/retained/unmanaged memory","1258,5119","1564,9947"
"primary","current","qualified-830951-long-v1-domain0-generated","0","OfficeIMO.Excel.ReaderComparison.Benchmarks","RawReadBenchmarks","OfficeIMOOriginal","RowCount=50000&Format=Xlsx","OfficeIMO.Excel.ReaderComparison.Benchmarks.RawReadBenchmarks.OfficeIMOOriginal(RowCount: 50000, Format: Xlsx)","83095146282a96143b23a79a7ecca058a24a709b","3.4.4+83095146282a96143b23a79a7ecca058a24a709b","F2853A4C62D5C03C5E3F0CBB7CCBB5776FB63CE58CE8933BE4EBAA4F5887502F","3.4.4+83095146282a96143b23a79a7ecca058a24a709b","B5565DE58D83BFC91F4FFB69A797CE02DFCB10A5A6409323845D05A5732E1A84","5E79575325D94AE8D09B97CD0C1C341EBB6AC0A24C3EEE6AE4817A897F97E7A4",,,"15","16,74396303030303","0,3622772551832564","3717730","Native managed bytes allocated per benchmark operation; not peak/retained/unmanaged memory","1077,8177","1161,5657"
"primary","current","qualified-830951-long-v1-domain0-generated","0","OfficeIMO.Excel.ReaderComparison.Benchmarks","RawReadBenchmarks","Sylvan","RowCount=50000&Format=Xlsx","OfficeIMO.Excel.ReaderComparison.Benchmarks.RawReadBenchmarks.Sylvan(RowCount: 50000, Format: Xlsx)","83095146282a96143b23a79a7ecca058a24a709b","3.4.4+83095146282a96143b23a79a7ecca058a24a709b","F2853A4C62D5C03C5E3F0CBB7CCBB5776FB63CE58CE8933BE4EBAA4F5887502F","3.4.4+83095146282a96143b23a79a7ecca058a24a709b","B5565DE58D83BFC91F4FFB69A797CE02DFCB10A5A6409323845D05A5732E1A84","5E79575325D94AE8D09B97CD0C1C341EBB6AC0A24C3EEE6AE4817A897F97E7A4",,,"15","46,974168253968244","2,389660294452326","1986285","Native managed bytes allocated per benchmark operation; not peak/retained/unmanaged memory","935,1937","1113,174"
"primary","current","qualified-830951-long-v1-domain0-generated","0","OfficeIMO.Excel.ReaderComparison.Benchmarks","RawReadBenchmarks","ExcelReaderOriginal","RowCount=50000&Format=Xlsb","OfficeIMO.Excel.ReaderComparison.Benchmarks.RawReadBenchmarks.ExcelReaderOriginal(RowCount: 50000, Format: Xlsb)","83095146282a96143b23a79a7ecca058a24a709b","3.4.4+83095146282a96143b23a79a7ecca058a24a709b","F2853A4C62D5C03C5E3F0CBB7CCBB5776FB63CE58CE8933BE4EBAA4F5887502F","3.4.4+83095146282a96143b23a79a7ecca058a24a709b","B5565DE58D83BFC91F4FFB69A797CE02DFCB10A5A6409323845D05A5732E1A84","5E79575325D94AE8D09B97CD0C1C341EBB6AC0A24C3EEE6AE4817A897F97E7A4",,,"15","5,355345046554935","0,18450126637674075","6889","Native managed bytes allocated per benchmark operation; not peak/retained/unmanaged memory","890,7097","1001,4829"
"primary","current","qualified-830951-long-v1-domain0-generated","0","OfficeIMO.Excel.ReaderComparison.Benchmarks","RawReadBenchmarks","OfficeIMOOriginal","RowCount=50000&Format=Xlsb","OfficeIMO.Excel.ReaderComparison.Benchmarks.RawReadBenchmarks.OfficeIMOOriginal(RowCount: 50000, Format: Xlsb)","83095146282a96143b23a79a7ecca058a24a709b","3.4.4+83095146282a96143b23a79a7ecca058a24a709b","F2853A4C62D5C03C5E3F0CBB7CCBB5776FB63CE58CE8933BE4EBAA4F5887502F","3.4.4+83095146282a96143b23a79a7ecca058a24a709b","B5565DE58D83BFC91F4FFB69A797CE02DFCB10A5A6409323845D05A5732E1A84","5E79575325D94AE8D09B97CD0C1C341EBB6AC0A24C3EEE6AE4817A897F97E7A4",,,"15","9,264562962962962","1,2585336793608415","5450316","Native managed bytes allocated per benchmark operation; not peak/retained/unmanaged memory","818,375","1210,6991"
"primary","current","qualified-830951-long-v1-domain0-generated","0","OfficeIMO.Excel.ReaderComparison.Benchmarks","RawReadBenchmarks","Sylvan","RowCount=50000&Format=Xlsb","OfficeIMO.Excel.ReaderComparison.Benchmarks.RawReadBenchmarks.Sylvan(RowCount: 50000, Format: Xlsb)","83095146282a96143b23a79a7ecca058a24a709b","3.4.4+83095146282a96143b23a79a7ecca058a24a709b","F2853A4C62D5C03C5E3F0CBB7CCBB5776FB63CE58CE8933BE4EBAA4F5887502F","3.4.4+83095146282a96143b23a79a7ecca058a24a709b","B5565DE58D83BFC91F4FFB69A797CE02DFCB10A5A6409323845D05A5732E1A84","5E79575325D94AE8D09B97CD0C1C341EBB6AC0A24C3EEE6AE4817A897F97E7A4",,,"15","6,341872813238771","0,7331775982327353","1910378","Native managed bytes allocated per benchmark operation; not peak/retained/unmanaged memory","816,3342","1176,2256"
"primary","current","qualified-830951-long-v1-domain0-generated","0","OfficeIMO.Excel.ReaderComparison.Benchmarks","RawReadBenchmarks","ExcelReaderOriginal","RowCount=50000&Format=Xls","OfficeIMO.Excel.ReaderComparison.Benchmarks.RawReadBenchmarks.ExcelReaderOriginal(RowCount: 50000, Format: Xls)","83095146282a96143b23a79a7ecca058a24a709b","3.4.4+83095146282a96143b23a79a7ecca058a24a709b","F2853A4C62D5C03C5E3F0CBB7CCBB5776FB63CE58CE8933BE4EBAA4F5887502F","3.4.4+83095146282a96143b23a79a7ecca058a24a709b","B5565DE58D83BFC91F4FFB69A797CE02DFCB10A5A6409323845D05A5732E1A84","5E79575325D94AE8D09B97CD0C1C341EBB6AC0A24C3EEE6AE4817A897F97E7A4",,,"15","3,026900762942779","0,4568599421911249","3210","Native managed bytes allocated per benchmark operation; not peak/retained/unmanaged memory","952,8862","1458,1286"
"primary","current","qualified-830951-long-v1-domain0-generated","0","OfficeIMO.Excel.ReaderComparison.Benchmarks","RawReadBenchmarks","OfficeIMOOriginal","RowCount=50000&Format=Xls","OfficeIMO.Excel.ReaderComparison.Benchmarks.RawReadBenchmarks.OfficeIMOOriginal(RowCount: 50000, Format: Xls)","83095146282a96143b23a79a7ecca058a24a709b","3.4.4+83095146282a96143b23a79a7ecca058a24a709b","F2853A4C62D5C03C5E3F0CBB7CCBB5776FB63CE58CE8933BE4EBAA4F5887502F","3.4.4+83095146282a96143b23a79a7ecca058a24a709b","B5565DE58D83BFC91F4FFB69A797CE02DFCB10A5A6409323845D05A5732E1A84","5E79575325D94AE8D09B97CD0C1C341EBB6AC0A24C3EEE6AE4817A897F97E7A4",,,"15","6,125625765765766","0,783353885370702","10775227","Native managed bytes allocated per benchmark operation; not peak/retained/unmanaged memory","932,5093","1484,2079"
"primary","current","qualified-830951-long-v1-domain0-generated","0","OfficeIMO.Excel.ReaderComparison.Benchmarks","RawReadBenchmarks","Sylvan","RowCount=50000&Format=Xls","OfficeIMO.Excel.ReaderComparison.Benchmarks.RawReadBenchmarks.Sylvan(RowCount: 50000, Format: Xls)","83095146282a96143b23a79a7ecca058a24a709b","3.4.4+83095146282a96143b23a79a7ecca058a24a709b","F2853A4C62D5C03C5E3F0CBB7CCBB5776FB63CE58CE8933BE4EBAA4F5887502F","3.4.4+83095146282a96143b23a79a7ecca058a24a709b","B5565DE58D83BFC91F4FFB69A797CE02DFCB10A5A6409323845D05A5732E1A84","5E79575325D94AE8D09B97CD0C1C341EBB6AC0A24C3EEE6AE4817A897F97E7A4",,,"15","6,409890250481695","1,5240111359372577","1759176","Native managed bytes allocated per benchmark operation; not peak/retained/unmanaged memory","772,4219","1511,2042"
"primary","current","qualified-830951-long-v1-domain0-generated","0","OfficeIMO.Excel.ReaderComparison.Benchmarks","TypedAsyncReadBenchmarks","OfficeIMOTypedAsync","RowCount=50000&Shape=Original","OfficeIMO.Excel.ReaderComparison.Benchmarks.TypedAsyncReadBenchmarks.OfficeIMOTypedAsync(RowCount: 50000, Shape: ""Original"")","83095146282a96143b23a79a7ecca058a24a709b","3.4.4+83095146282a96143b23a79a7ecca058a24a709b","F2853A4C62D5C03C5E3F0CBB7CCBB5776FB63CE58CE8933BE4EBAA4F5887502F","3.4.4+83095146282a96143b23a79a7ecca058a24a709b","B5565DE58D83BFC91F4FFB69A797CE02DFCB10A5A6409323845D05A5732E1A84","5E79575325D94AE8D09B97CD0C1C341EBB6AC0A24C3EEE6AE4817A897F97E7A4",,,"15","16,930006","0,7186083133370661","2479858","Native managed bytes allocated per benchmark operation; not peak/retained/unmanaged memory","157,8138","179,7452"
"primary","current","qualified-830951-long-v1-domain0-generated","0","OfficeIMO.Excel.ReaderComparison.Benchmarks","TypedAsyncReadBenchmarks","ExcelReaderTypedAsync","RowCount=50000&Shape=Original","OfficeIMO.Excel.ReaderComparison.Benchmarks.TypedAsyncReadBenchmarks.ExcelReaderTypedAsync(RowCount: 50000, Shape: ""Original"")","83095146282a96143b23a79a7ecca058a24a709b","3.4.4+83095146282a96143b23a79a7ecca058a24a709b","F2853A4C62D5C03C5E3F0CBB7CCBB5776FB63CE58CE8933BE4EBAA4F5887502F","3.4.4+83095146282a96143b23a79a7ecca058a24a709b","B5565DE58D83BFC91F4FFB69A797CE02DFCB10A5A6409323845D05A5732E1A84","5E79575325D94AE8D09B97CD0C1C341EBB6AC0A24C3EEE6AE4817A897F97E7A4",,,"15","12,202387058823529","0,5470592438156873","4054576","Native managed bytes allocated per benchmark operation; not peak/retained/unmanaged memory","186,752","220,329"
"primary","current","qualified-830951-long-v1-domain0-generated","0","OfficeIMO.Excel.ReaderComparison.Benchmarks","TypedAsyncReadBenchmarks","SylvanTypedAsync","RowCount=50000&Shape=Original","OfficeIMO.Excel.ReaderComparison.Benchmarks.TypedAsyncReadBenchmarks.SylvanTypedAsync(RowCount: 50000, Shape: ""Original"")","83095146282a96143b23a79a7ecca058a24a709b","3.4.4+83095146282a96143b23a79a7ecca058a24a709b","F2853A4C62D5C03C5E3F0CBB7CCBB5776FB63CE58CE8933BE4EBAA4F5887502F","3.4.4+83095146282a96143b23a79a7ecca058a24a709b","B5565DE58D83BFC91F4FFB69A797CE02DFCB10A5A6409323845D05A5732E1A84","5E79575325D94AE8D09B97CD0C1C341EBB6AC0A24C3EEE6AE4817A897F97E7A4",,,"15","55,69044588235293","7,028164749607349","10984848","Native managed bytes allocated per benchmark operation; not peak/retained/unmanaged memory","762,1217","1077,2086"
"primary","current","qualified-830951-long-v1-domain0-generated","0","OfficeIMO.Excel.ReaderComparison.Benchmarks","TypedModelReadBenchmarks","ExcelReaderAutomatic","RowCount=50000&Model=Class","OfficeIMO.Excel.ReaderComparison.Benchmarks.TypedModelReadBenchmarks.ExcelReaderAutomatic(RowCount: 50000, Model: Class)","83095146282a96143b23a79a7ecca058a24a709b","3.4.4+83095146282a96143b23a79a7ecca058a24a709b","F2853A4C62D5C03C5E3F0CBB7CCBB5776FB63CE58CE8933BE4EBAA4F5887502F","3.4.4+83095146282a96143b23a79a7ecca058a24a709b","B5565DE58D83BFC91F4FFB69A797CE02DFCB10A5A6409323845D05A5732E1A84","5E79575325D94AE8D09B97CD0C1C341EBB6AC0A24C3EEE6AE4817A897F97E7A4",,,"15","10,859979206349205","1,54790714337411","4054600","Native managed bytes allocated per benchmark operation; not peak/retained/unmanaged memory","680,1297","1053,3283"
"primary","current","qualified-830951-long-v1-domain0-generated","0","OfficeIMO.Excel.ReaderComparison.Benchmarks","TypedModelReadBenchmarks","OfficeIMOAutomatic","RowCount=50000&Model=Class","OfficeIMO.Excel.ReaderComparison.Benchmarks.TypedModelReadBenchmarks.OfficeIMOAutomatic(RowCount: 50000, Model: Class)","83095146282a96143b23a79a7ecca058a24a709b","3.4.4+83095146282a96143b23a79a7ecca058a24a709b","F2853A4C62D5C03C5E3F0CBB7CCBB5776FB63CE58CE8933BE4EBAA4F5887502F","3.4.4+83095146282a96143b23a79a7ecca058a24a709b","B5565DE58D83BFC91F4FFB69A797CE02DFCB10A5A6409323845D05A5732E1A84","5E79575325D94AE8D09B97CD0C1C341EBB6AC0A24C3EEE6AE4817A897F97E7A4",,,"15","17,673629435897436","0,3353820703068404","2519646","Native managed bytes allocated per benchmark operation; not peak/retained/unmanaged memory","1106,5105","1188,3056"
"primary","current","qualified-830951-long-v1-domain0-generated","0","OfficeIMO.Excel.ReaderComparison.Benchmarks","TypedModelReadBenchmarks","ExcelReaderAutomatic","RowCount=50000&Model=Struct","OfficeIMO.Excel.ReaderComparison.Benchmarks.TypedModelReadBenchmarks.ExcelReaderAutomatic(RowCount: 50000, Model: Struct)","83095146282a96143b23a79a7ecca058a24a709b","3.4.4+83095146282a96143b23a79a7ecca058a24a709b","F2853A4C62D5C03C5E3F0CBB7CCBB5776FB63CE58CE8933BE4EBAA4F5887502F","3.4.4+83095146282a96143b23a79a7ecca058a24a709b","B5565DE58D83BFC91F4FFB69A797CE02DFCB10A5A6409323845D05A5732E1A84","5E79575325D94AE8D09B97CD0C1C341EBB6AC0A24C3EEE6AE4817A897F97E7A4",,,"15","11,786984666666665","0,8932790775579504","1660540","Native managed bytes allocated per benchmark operation; not peak/retained/unmanaged memory","804,5603","1060,2792"
"primary","current","qualified-830951-long-v1-domain0-generated","0","OfficeIMO.Excel.ReaderComparison.Benchmarks","TypedModelReadBenchmarks","OfficeIMOAutomatic","RowCount=50000&Model=Struct","OfficeIMO.Excel.ReaderComparison.Benchmarks.TypedModelReadBenchmarks.OfficeIMOAutomatic(RowCount: 50000, Model: Struct)","83095146282a96143b23a79a7ecca058a24a709b","3.4.4+83095146282a96143b23a79a7ecca058a24a709b","F2853A4C62D5C03C5E3F0CBB7CCBB5776FB63CE58CE8933BE4EBAA4F5887502F","3.4.4+83095146282a96143b23a79a7ecca058a24a709b","B5565DE58D83BFC91F4FFB69A797CE02DFCB10A5A6409323845D05A5732E1A84","5E79575325D94AE8D09B97CD0C1C341EBB6AC0A24C3EEE6AE4817A897F97E7A4",,,"15","15,933557901234565","0,8424166725451153","176065","Native managed bytes allocated per benchmark operation; not peak/retained/unmanaged memory","376,6387","462,7604"
"primary","current","qualified-830951-long-v1-domain0-generated","0","OfficeIMO.Excel.ReaderComparison.Benchmarks","TypedStreamAsyncReadBenchmarks","OfficeIMOStreamOpenTypedAsync","RowCount=50000&Shape=Original","OfficeIMO.Excel.ReaderComparison.Benchmarks.TypedStreamAsyncReadBenchmarks.OfficeIMOStreamOpenTypedAsync(RowCount: 50000, Shape: ""Original"")","83095146282a96143b23a79a7ecca058a24a709b","3.4.4+83095146282a96143b23a79a7ecca058a24a709b","F2853A4C62D5C03C5E3F0CBB7CCBB5776FB63CE58CE8933BE4EBAA4F5887502F","3.4.4+83095146282a96143b23a79a7ecca058a24a709b","B5565DE58D83BFC91F4FFB69A797CE02DFCB10A5A6409323845D05A5732E1A84","5E79575325D94AE8D09B97CD0C1C341EBB6AC0A24C3EEE6AE4817A897F97E7A4",,,"15","17,51356606060606","0,563344629114492","3254844","Native managed bytes allocated per benchmark operation; not peak/retained/unmanaged memory","923,0689","1034,5724"
"primary","current","qualified-830951-long-v1-domain0-generated","0","OfficeIMO.Excel.ReaderComparison.Benchmarks","TypedStreamAsyncReadBenchmarks","ExcelReaderStreamOpenTypedAsync","RowCount=50000&Shape=Original","OfficeIMO.Excel.ReaderComparison.Benchmarks.TypedStreamAsyncReadBenchmarks.ExcelReaderStreamOpenTypedAsync(RowCount: 50000, Shape: ""Original"")","83095146282a96143b23a79a7ecca058a24a709b","3.4.4+83095146282a96143b23a79a7ecca058a24a709b","F2853A4C62D5C03C5E3F0CBB7CCBB5776FB63CE58CE8933BE4EBAA4F5887502F","3.4.4+83095146282a96143b23a79a7ecca058a24a709b","B5565DE58D83BFC91F4FFB69A797CE02DFCB10A5A6409323845D05A5732E1A84","5E79575325D94AE8D09B97CD0C1C341EBB6AC0A24C3EEE6AE4817A897F97E7A4",,,"15","13,863688767123287","0,3501994152406187","4061084","Native managed bytes allocated per benchmark operation; not peak/retained/unmanaged memory","962,7361","1047,4041"
"primary","current","qualified-830951-long-v1-domain0-generated","0","OfficeIMO.Excel.ReaderComparison.Benchmarks","TypedStreamAsyncReadBenchmarks","SylvanStreamOpenTypedAsync","RowCount=50000&Shape=Original","OfficeIMO.Excel.ReaderComparison.Benchmarks.TypedStreamAsyncReadBenchmarks.SylvanStreamOpenTypedAsync(RowCount: 50000, Shape: ""Original"")","83095146282a96143b23a79a7ecca058a24a709b","3.4.4+83095146282a96143b23a79a7ecca058a24a709b","F2853A4C62D5C03C5E3F0CBB7CCBB5776FB63CE58CE8933BE4EBAA4F5887502F","3.4.4+83095146282a96143b23a79a7ecca058a24a709b","B5565DE58D83BFC91F4FFB69A797CE02DFCB10A5A6409323845D05A5732E1A84","5E79575325D94AE8D09B97CD0C1C341EBB6AC0A24C3EEE6AE4817A897F97E7A4",,,"15","71,62251333333333","2,651736065143838","11004338","Native managed bytes allocated per benchmark operation; not peak/retained/unmanaged memory","266,645","310,2464"
"primary","current","qualified-830951-long-v1-domain0-generated","0","OfficeIMO.Excel.ReaderComparison.Benchmarks","TypedXlsbAsyncReadBenchmarks","ExcelReaderTypedXlsbAsync","RowCount=50000","OfficeIMO.Excel.ReaderComparison.Benchmarks.TypedXlsbAsyncReadBenchmarks.ExcelReaderTypedXlsbAsync(RowCount: 50000)","83095146282a96143b23a79a7ecca058a24a709b","3.4.4+83095146282a96143b23a79a7ecca058a24a709b","F2853A4C62D5C03C5E3F0CBB7CCBB5776FB63CE58CE8933BE4EBAA4F5887502F","3.4.4+83095146282a96143b23a79a7ecca058a24a709b","B5565DE58D83BFC91F4FFB69A797CE02DFCB10A5A6409323845D05A5732E1A84","5E79575325D94AE8D09B97CD0C1C341EBB6AC0A24C3EEE6AE4817A897F97E7A4",,,"15","9,191284483775814","0,5842661786923216","4059104","Native managed bytes allocated per benchmark operation; not peak/retained/unmanaged memory","939,6801","1179,3866"
"primary","current","qualified-830951-long-v1-domain0-generated","0","OfficeIMO.Excel.ReaderComparison.Benchmarks","TypedXlsbAsyncReadBenchmarks","OfficeIMOTypedXlsbAsync","RowCount=50000","OfficeIMO.Excel.ReaderComparison.Benchmarks.TypedXlsbAsyncReadBenchmarks.OfficeIMOTypedXlsbAsync(RowCount: 50000)","83095146282a96143b23a79a7ecca058a24a709b","3.4.4+83095146282a96143b23a79a7ecca058a24a709b","F2853A4C62D5C03C5E3F0CBB7CCBB5776FB63CE58CE8933BE4EBAA4F5887502F","3.4.4+83095146282a96143b23a79a7ecca058a24a709b","B5565DE58D83BFC91F4FFB69A797CE02DFCB10A5A6409323845D05A5732E1A84","5E79575325D94AE8D09B97CD0C1C341EBB6AC0A24C3EEE6AE4817A897F97E7A4",,,"15","17,56049738095238","0,8497629870552346","9123891","Native managed bytes allocated per benchmark operation; not peak/retained/unmanaged memory","919,64","1067,9557"
"primary","current","qualified-830951-long-v1-domain0-generated","0","OfficeIMO.Excel.ReaderComparison.Benchmarks","TypedXlsbAsyncReadBenchmarks","SylvanTypedXlsbAsync","RowCount=50000","OfficeIMO.Excel.ReaderComparison.Benchmarks.TypedXlsbAsyncReadBenchmarks.SylvanTypedXlsbAsync(RowCount: 50000)","83095146282a96143b23a79a7ecca058a24a709b","3.4.4+83095146282a96143b23a79a7ecca058a24a709b","F2853A4C62D5C03C5E3F0CBB7CCBB5776FB63CE58CE8933BE4EBAA4F5887502F","3.4.4+83095146282a96143b23a79a7ecca058a24a709b","B5565DE58D83BFC91F4FFB69A797CE02DFCB10A5A6409323845D05A5732E1A84","5E79575325D94AE8D09B97CD0C1C341EBB6AC0A24C3EEE6AE4817A897F97E7A4",,,"15","26,58225333333333","1,6804272533933546","10908968","Native managed bytes allocated per benchmark operation; not peak/retained/unmanaged memory","861,6037","1062,6221"
"primary","current","qualified-830951-long-v1-domain0-generated","0","OfficeIMO.Excel.ReaderComparison.Benchmarks","TypedXlsbReadBenchmarks","ExcelReaderTypedXlsb","RowCount=50000","OfficeIMO.Excel.ReaderComparison.Benchmarks.TypedXlsbReadBenchmarks.ExcelReaderTypedXlsb(RowCount: 50000)","83095146282a96143b23a79a7ecca058a24a709b","3.4.4+83095146282a96143b23a79a7ecca058a24a709b","F2853A4C62D5C03C5E3F0CBB7CCBB5776FB63CE58CE8933BE4EBAA4F5887502F","3.4.4+83095146282a96143b23a79a7ecca058a24a709b","B5565DE58D83BFC91F4FFB69A797CE02DFCB10A5A6409323845D05A5732E1A84","5E79575325D94AE8D09B97CD0C1C341EBB6AC0A24C3EEE6AE4817A897F97E7A4",,,"15","9,339569209039546","0,4194081503828584","4058814","Native managed bytes allocated per benchmark operation; not peak/retained/unmanaged memory","1045,135","1210,3292"
"primary","current","qualified-830951-long-v1-domain0-generated","0","OfficeIMO.Excel.ReaderComparison.Benchmarks","TypedXlsbReadBenchmarks","OfficeIMOTypedXlsb","RowCount=50000","OfficeIMO.Excel.ReaderComparison.Benchmarks.TypedXlsbReadBenchmarks.OfficeIMOTypedXlsb(RowCount: 50000)","83095146282a96143b23a79a7ecca058a24a709b","3.4.4+83095146282a96143b23a79a7ecca058a24a709b","F2853A4C62D5C03C5E3F0CBB7CCBB5776FB63CE58CE8933BE4EBAA4F5887502F","3.4.4+83095146282a96143b23a79a7ecca058a24a709b","B5565DE58D83BFC91F4FFB69A797CE02DFCB10A5A6409323845D05A5732E1A84","5E79575325D94AE8D09B97CD0C1C341EBB6AC0A24C3EEE6AE4817A897F97E7A4",,,"15","10,095978863636365","0,24546198717667783","4268988","Native managed bytes allocated per benchmark operation; not peak/retained/unmanaged memory","841,3914","910,1068"
"primary","current","qualified-830951-long-v1-domain0-generated","0","OfficeIMO.Excel.ReaderComparison.Benchmarks","TypedXlsbReadBenchmarks","SylvanTypedXlsb","RowCount=50000","OfficeIMO.Excel.ReaderComparison.Benchmarks.TypedXlsbReadBenchmarks.SylvanTypedXlsb(RowCount: 50000)","83095146282a96143b23a79a7ecca058a24a709b","3.4.4+83095146282a96143b23a79a7ecca058a24a709b","F2853A4C62D5C03C5E3F0CBB7CCBB5776FB63CE58CE8933BE4EBAA4F5887502F","3.4.4+83095146282a96143b23a79a7ecca058a24a709b","B5565DE58D83BFC91F4FFB69A797CE02DFCB10A5A6409323845D05A5732E1A84","5E79575325D94AE8D09B97CD0C1C341EBB6AC0A24C3EEE6AE4817A897F97E7A4",,,"15","25,634731794871794","0,7768555865430818","10907976","Native managed bytes allocated per benchmark operation; not peak/retained/unmanaged memory","946,4065","1051,4436"
"primary","current","qualified-830951-long-v1-domain0-real","0","OfficeIMO.Excel.ReaderComparison.Benchmarks","MaterializedRealDataReadBenchmarks","ExcelReaderStringsMaterialized","Format=Xlsx","OfficeIMO.Excel.ReaderComparison.Benchmarks.MaterializedRealDataReadBenchmarks.ExcelReaderStringsMaterialized(Format: Xlsx)","83095146282a96143b23a79a7ecca058a24a709b","3.4.4+83095146282a96143b23a79a7ecca058a24a709b","F2853A4C62D5C03C5E3F0CBB7CCBB5776FB63CE58CE8933BE4EBAA4F5887502F","3.4.4+83095146282a96143b23a79a7ecca058a24a709b","B5565DE58D83BFC91F4FFB69A797CE02DFCB10A5A6409323845D05A5732E1A84","5E79575325D94AE8D09B97CD0C1C341EBB6AC0A24C3EEE6AE4817A897F97E7A4",,,"15","57,49964851851852","3,3548599088296416","17504","Native managed bytes allocated per benchmark operation; not peak/retained/unmanaged memory","957,3385","1150,3908"
"primary","current","qualified-830951-long-v1-domain0-real","0","OfficeIMO.Excel.ReaderComparison.Benchmarks","MaterializedRealDataReadBenchmarks","OfficeIMOBytes","Format=Xlsx","OfficeIMO.Excel.ReaderComparison.Benchmarks.MaterializedRealDataReadBenchmarks.OfficeIMOBytes(Format: Xlsx)","83095146282a96143b23a79a7ecca058a24a709b","3.4.4+83095146282a96143b23a79a7ecca058a24a709b","F2853A4C62D5C03C5E3F0CBB7CCBB5776FB63CE58CE8933BE4EBAA4F5887502F","3.4.4+83095146282a96143b23a79a7ecca058a24a709b","B5565DE58D83BFC91F4FFB69A797CE02DFCB10A5A6409323845D05A5732E1A84","5E79575325D94AE8D09B97CD0C1C341EBB6AC0A24C3EEE6AE4817A897F97E7A4",,,"15","82,61432944444444","2,6065027584429115","14274579","Native managed bytes allocated per benchmark operation; not peak/retained/unmanaged memory","932,0315","1034,9444"
"primary","current","qualified-830951-long-v1-domain0-real","0","OfficeIMO.Excel.ReaderComparison.Benchmarks","MaterializedRealDataReadBenchmarks","OfficeIMOStream","Format=Xlsx","OfficeIMO.Excel.ReaderComparison.Benchmarks.MaterializedRealDataReadBenchmarks.OfficeIMOStream(Format: Xlsx)","83095146282a96143b23a79a7ecca058a24a709b","3.4.4+83095146282a96143b23a79a7ecca058a24a709b","F2853A4C62D5C03C5E3F0CBB7CCBB5776FB63CE58CE8933BE4EBAA4F5887502F","3.4.4+83095146282a96143b23a79a7ecca058a24a709b","B5565DE58D83BFC91F4FFB69A797CE02DFCB10A5A6409323845D05A5732E1A84","5E79575325D94AE8D09B97CD0C1C341EBB6AC0A24C3EEE6AE4817A897F97E7A4",,,"15","87,25989272727274","2,2164126245536933","20995926","Native managed bytes allocated per benchmark operation; not peak/retained/unmanaged memory","911,0058","1026,9591"
"primary","current","qualified-830951-long-v1-domain0-real","0","OfficeIMO.Excel.ReaderComparison.Benchmarks","MaterializedRealDataReadBenchmarks","Sylvan","Format=Xlsx","OfficeIMO.Excel.ReaderComparison.Benchmarks.MaterializedRealDataReadBenchmarks.Sylvan(Format: Xlsx)","83095146282a96143b23a79a7ecca058a24a709b","3.4.4+83095146282a96143b23a79a7ecca058a24a709b","F2853A4C62D5C03C5E3F0CBB7CCBB5776FB63CE58CE8933BE4EBAA4F5887502F","3.4.4+83095146282a96143b23a79a7ecca058a24a709b","B5565DE58D83BFC91F4FFB69A797CE02DFCB10A5A6409323845D05A5732E1A84","5E79575325D94AE8D09B97CD0C1C341EBB6AC0A24C3EEE6AE4817A897F97E7A4",,,"15","242,14595333333335","10,222386916202188","661022","Native managed bytes allocated per benchmark operation; not peak/retained/unmanaged memory","886,4522","1032,1311"
"primary","current","qualified-830951-long-v1-domain0-real","0","OfficeIMO.Excel.ReaderComparison.Benchmarks","MaterializedRealDataReadBenchmarks","ExcelReaderStringsMaterialized","Format=Xlsm","OfficeIMO.Excel.ReaderComparison.Benchmarks.MaterializedRealDataReadBenchmarks.ExcelReaderStringsMaterialized(Format: Xlsm)","83095146282a96143b23a79a7ecca058a24a709b","3.4.4+83095146282a96143b23a79a7ecca058a24a709b","F2853A4C62D5C03C5E3F0CBB7CCBB5776FB63CE58CE8933BE4EBAA4F5887502F","3.4.4+83095146282a96143b23a79a7ecca058a24a709b","B5565DE58D83BFC91F4FFB69A797CE02DFCB10A5A6409323845D05A5732E1A84","5E79575325D94AE8D09B97CD0C1C341EBB6AC0A24C3EEE6AE4817A897F97E7A4",,,"15","58,113884313725485","1,334354664128691","17504","Native managed bytes allocated per benchmark operation; not peak/retained/unmanaged memory","934,6081","1014,1756"
"primary","current","qualified-830951-long-v1-domain0-real","0","OfficeIMO.Excel.ReaderComparison.Benchmarks","MaterializedRealDataReadBenchmarks","OfficeIMOBytes","Format=Xlsm","OfficeIMO.Excel.ReaderComparison.Benchmarks.MaterializedRealDataReadBenchmarks.OfficeIMOBytes(Format: Xlsm)","83095146282a96143b23a79a7ecca058a24a709b","3.4.4+83095146282a96143b23a79a7ecca058a24a709b","F2853A4C62D5C03C5E3F0CBB7CCBB5776FB63CE58CE8933BE4EBAA4F5887502F","3.4.4+83095146282a96143b23a79a7ecca058a24a709b","B5565DE58D83BFC91F4FFB69A797CE02DFCB10A5A6409323845D05A5732E1A84","5E79575325D94AE8D09B97CD0C1C341EBB6AC0A24C3EEE6AE4817A897F97E7A4",,,"15","80,4276406060606","4,118134945920102","14274534","Native managed bytes allocated per benchmark operation; not peak/retained/unmanaged memory","817,7527","996,0368"
"primary","current","qualified-830951-long-v1-domain0-real","0","OfficeIMO.Excel.ReaderComparison.Benchmarks","MaterializedRealDataReadBenchmarks","OfficeIMOStream","Format=Xlsm","OfficeIMO.Excel.ReaderComparison.Benchmarks.MaterializedRealDataReadBenchmarks.OfficeIMOStream(Format: Xlsm)","83095146282a96143b23a79a7ecca058a24a709b","3.4.4+83095146282a96143b23a79a7ecca058a24a709b","F2853A4C62D5C03C5E3F0CBB7CCBB5776FB63CE58CE8933BE4EBAA4F5887502F","3.4.4+83095146282a96143b23a79a7ecca058a24a709b","B5565DE58D83BFC91F4FFB69A797CE02DFCB10A5A6409323845D05A5732E1A84","5E79575325D94AE8D09B97CD0C1C341EBB6AC0A24C3EEE6AE4817A897F97E7A4",,,"15","80,43482545454543","2,2366778959779943","20995966","Native managed bytes allocated per benchmark operation; not peak/retained/unmanaged memory","827,0625","916,6909"
"primary","current","qualified-830951-long-v1-domain0-real","0","OfficeIMO.Excel.ReaderComparison.Benchmarks","MaterializedRealDataReadBenchmarks","Sylvan","Format=Xlsm","OfficeIMO.Excel.ReaderComparison.Benchmarks.MaterializedRealDataReadBenchmarks.Sylvan(Format: Xlsm)","83095146282a96143b23a79a7ecca058a24a709b","3.4.4+83095146282a96143b23a79a7ecca058a24a709b","F2853A4C62D5C03C5E3F0CBB7CCBB5776FB63CE58CE8933BE4EBAA4F5887502F","3.4.4+83095146282a96143b23a79a7ecca058a24a709b","B5565DE58D83BFC91F4FFB69A797CE02DFCB10A5A6409323845D05A5732E1A84","5E79575325D94AE8D09B97CD0C1C341EBB6AC0A24C3EEE6AE4817A897F97E7A4",,,"15","218,996165","8,783903213543104","660072","Native managed bytes allocated per benchmark operation; not peak/retained/unmanaged memory","813,9142","940,4209"
"primary","current","qualified-830951-long-v1-domain0-real","0","OfficeIMO.Excel.ReaderComparison.Benchmarks","MaterializedRealDataReadBenchmarks","ExcelReaderStringsMaterialized","Format=Xlsb","OfficeIMO.Excel.ReaderComparison.Benchmarks.MaterializedRealDataReadBenchmarks.ExcelReaderStringsMaterialized(Format: Xlsb)","83095146282a96143b23a79a7ecca058a24a709b","3.4.4+83095146282a96143b23a79a7ecca058a24a709b","F2853A4C62D5C03C5E3F0CBB7CCBB5776FB63CE58CE8933BE4EBAA4F5887502F","3.4.4+83095146282a96143b23a79a7ecca058a24a709b","B5565DE58D83BFC91F4FFB69A797CE02DFCB10A5A6409323845D05A5732E1A84","5E79575325D94AE8D09B97CD0C1C341EBB6AC0A24C3EEE6AE4817A897F97E7A4",,,"15","30,49949196078431","0,7228236349457022","17048","Native managed bytes allocated per benchmark operation; not peak/retained/unmanaged memory","1004,7701","1071,6365"
"primary","current","qualified-830951-long-v1-domain0-real","0","OfficeIMO.Excel.ReaderComparison.Benchmarks","MaterializedRealDataReadBenchmarks","OfficeIMOBytes","Format=Xlsb","OfficeIMO.Excel.ReaderComparison.Benchmarks.MaterializedRealDataReadBenchmarks.OfficeIMOBytes(Format: Xlsb)","83095146282a96143b23a79a7ecca058a24a709b","3.4.4+83095146282a96143b23a79a7ecca058a24a709b","F2853A4C62D5C03C5E3F0CBB7CCBB5776FB63CE58CE8933BE4EBAA4F5887502F","3.4.4+83095146282a96143b23a79a7ecca058a24a709b","B5565DE58D83BFC91F4FFB69A797CE02DFCB10A5A6409323845D05A5732E1A84","5E79575325D94AE8D09B97CD0C1C341EBB6AC0A24C3EEE6AE4817A897F97E7A4",,,"15","31,72130777777778","1,4538209675222762","14321595","Native managed bytes allocated per benchmark operation; not peak/retained/unmanaged memory","900,3616","1059,6842"
"primary","current","qualified-830951-long-v1-domain0-real","0","OfficeIMO.Excel.ReaderComparison.Benchmarks","MaterializedRealDataReadBenchmarks","OfficeIMOStream","Format=Xlsb","OfficeIMO.Excel.ReaderComparison.Benchmarks.MaterializedRealDataReadBenchmarks.OfficeIMOStream(Format: Xlsb)","83095146282a96143b23a79a7ecca058a24a709b","3.4.4+83095146282a96143b23a79a7ecca058a24a709b","F2853A4C62D5C03C5E3F0CBB7CCBB5776FB63CE58CE8933BE4EBAA4F5887502F","3.4.4+83095146282a96143b23a79a7ecca058a24a709b","B5565DE58D83BFC91F4FFB69A797CE02DFCB10A5A6409323845D05A5732E1A84","5E79575325D94AE8D09B97CD0C1C341EBB6AC0A24C3EEE6AE4817A897F97E7A4",,,"15","37,48431247311828","0,8498753255621423","19280403","Native managed bytes allocated per benchmark operation; not peak/retained/unmanaged memory","1107,9332","1190,9986"
"primary","current","qualified-830951-long-v1-domain0-real","0","OfficeIMO.Excel.ReaderComparison.Benchmarks","MaterializedRealDataReadBenchmarks","Sylvan","Format=Xlsb","OfficeIMO.Excel.ReaderComparison.Benchmarks.MaterializedRealDataReadBenchmarks.Sylvan(Format: Xlsb)","83095146282a96143b23a79a7ecca058a24a709b","3.4.4+83095146282a96143b23a79a7ecca058a24a709b","F2853A4C62D5C03C5E3F0CBB7CCBB5776FB63CE58CE8933BE4EBAA4F5887502F","3.4.4+83095146282a96143b23a79a7ecca058a24a709b","B5565DE58D83BFC91F4FFB69A797CE02DFCB10A5A6409323845D05A5732E1A84","5E79575325D94AE8D09B97CD0C1C341EBB6AC0A24C3EEE6AE4817A897F97E7A4",,,"15","36,63627093333333","3,142423085459087","347000","Native managed bytes allocated per benchmark operation; not peak/retained/unmanaged memory","717,2303","1025,6187"
"primary","current","qualified-830951-long-v1-domain0-real","0","OfficeIMO.Excel.ReaderComparison.Benchmarks","MaterializedRealDataReadBenchmarks","ExcelReaderStringsMaterialized","Format=Xls","OfficeIMO.Excel.ReaderComparison.Benchmarks.MaterializedRealDataReadBenchmarks.ExcelReaderStringsMaterialized(Format: Xls)","83095146282a96143b23a79a7ecca058a24a709b","3.4.4+83095146282a96143b23a79a7ecca058a24a709b","F2853A4C62D5C03C5E3F0CBB7CCBB5776FB63CE58CE8933BE4EBAA4F5887502F","3.4.4+83095146282a96143b23a79a7ecca058a24a709b","B5565DE58D83BFC91F4FFB69A797CE02DFCB10A5A6409323845D05A5732E1A84","5E79575325D94AE8D09B97CD0C1C341EBB6AC0A24C3EEE6AE4817A897F97E7A4",,,"15","15,952493978494623","0,33966782414011853","22000","Native managed bytes allocated per benchmark operation; not peak/retained/unmanaged memory","953,6725","1031,9247"
"primary","current","qualified-830951-long-v1-domain0-real","0","OfficeIMO.Excel.ReaderComparison.Benchmarks","MaterializedRealDataReadBenchmarks","OfficeIMOBytes","Format=Xls","OfficeIMO.Excel.ReaderComparison.Benchmarks.MaterializedRealDataReadBenchmarks.OfficeIMOBytes(Format: Xls)","83095146282a96143b23a79a7ecca058a24a709b","3.4.4+83095146282a96143b23a79a7ecca058a24a709b","F2853A4C62D5C03C5E3F0CBB7CCBB5776FB63CE58CE8933BE4EBAA4F5887502F","3.4.4+83095146282a96143b23a79a7ecca058a24a709b","B5565DE58D83BFC91F4FFB69A797CE02DFCB10A5A6409323845D05A5732E1A84","5E79575325D94AE8D09B97CD0C1C341EBB6AC0A24C3EEE6AE4817A897F97E7A4",,,"15","21,60023209302325","0,33003476742861293","14325846","Native managed bytes allocated per benchmark operation; not peak/retained/unmanaged memory","909,4831","961,7492"
"primary","current","qualified-830951-long-v1-domain0-real","0","OfficeIMO.Excel.ReaderComparison.Benchmarks","MaterializedRealDataReadBenchmarks","OfficeIMOStream","Format=Xls","OfficeIMO.Excel.ReaderComparison.Benchmarks.MaterializedRealDataReadBenchmarks.OfficeIMOStream(Format: Xls)","83095146282a96143b23a79a7ecca058a24a709b","3.4.4+83095146282a96143b23a79a7ecca058a24a709b","F2853A4C62D5C03C5E3F0CBB7CCBB5776FB63CE58CE8933BE4EBAA4F5887502F","3.4.4+83095146282a96143b23a79a7ecca058a24a709b","B5565DE58D83BFC91F4FFB69A797CE02DFCB10A5A6409323845D05A5732E1A84","5E79575325D94AE8D09B97CD0C1C341EBB6AC0A24C3EEE6AE4817A897F97E7A4",,,"15","22,74947126984127","1,2598215886805928","26151027","Native managed bytes allocated per benchmark operation; not peak/retained/unmanaged memory","849,2009","1035,7285"
"primary","current","qualified-830951-long-v1-domain0-real","0","OfficeIMO.Excel.ReaderComparison.Benchmarks","MaterializedRealDataReadBenchmarks","Sylvan","Format=Xls","OfficeIMO.Excel.ReaderComparison.Benchmarks.MaterializedRealDataReadBenchmarks.Sylvan(Format: Xls)","83095146282a96143b23a79a7ecca058a24a709b","3.4.4+83095146282a96143b23a79a7ecca058a24a709b","F2853A4C62D5C03C5E3F0CBB7CCBB5776FB63CE58CE8933BE4EBAA4F5887502F","3.4.4+83095146282a96143b23a79a7ecca058a24a709b","B5565DE58D83BFC91F4FFB69A797CE02DFCB10A5A6409323845D05A5732E1A84","5E79575325D94AE8D09B97CD0C1C341EBB6AC0A24C3EEE6AE4817A897F97E7A4",,,"15","25,973749824561402","1,126127873844868","194222","Native managed bytes allocated per benchmark operation; not peak/retained/unmanaged memory","908,4075","1041,3873"
"primary","current","qualified-830951-long-v1-domain0-real","0","OfficeIMO.Excel.ReaderComparison.Benchmarks","PrefetchedRealDataReadBenchmarks","ExcelReaderPrefetch","Format=Xlsx","OfficeIMO.Excel.ReaderComparison.Benchmarks.PrefetchedRealDataReadBenchmarks.ExcelReaderPrefetch(Format: Xlsx)","83095146282a96143b23a79a7ecca058a24a709b","3.4.4+83095146282a96143b23a79a7ecca058a24a709b","F2853A4C62D5C03C5E3F0CBB7CCBB5776FB63CE58CE8933BE4EBAA4F5887502F","3.4.4+83095146282a96143b23a79a7ecca058a24a709b","B5565DE58D83BFC91F4FFB69A797CE02DFCB10A5A6409323845D05A5732E1A84","5E79575325D94AE8D09B97CD0C1C341EBB6AC0A24C3EEE6AE4817A897F97E7A4",,,"15","35,31550547619048","1,5985229093937117","47125","Native managed bytes allocated per benchmark operation; not peak/retained/unmanaged memory","930,9965","1082,3301"
"primary","current","qualified-830951-long-v1-domain0-real","0","OfficeIMO.Excel.ReaderComparison.Benchmarks","PrefetchedRealDataReadBenchmarks","ExcelReaderMemoryPrefetch","Format=Xlsx","OfficeIMO.Excel.ReaderComparison.Benchmarks.PrefetchedRealDataReadBenchmarks.ExcelReaderMemoryPrefetch(Format: Xlsx)","83095146282a96143b23a79a7ecca058a24a709b","3.4.4+83095146282a96143b23a79a7ecca058a24a709b","F2853A4C62D5C03C5E3F0CBB7CCBB5776FB63CE58CE8933BE4EBAA4F5887502F","3.4.4+83095146282a96143b23a79a7ecca058a24a709b","B5565DE58D83BFC91F4FFB69A797CE02DFCB10A5A6409323845D05A5732E1A84","5E79575325D94AE8D09B97CD0C1C341EBB6AC0A24C3EEE6AE4817A897F97E7A4",,,"15","34,09837057471264","1,3394748969413497","25940","Native managed bytes allocated per benchmark operation; not peak/retained/unmanaged memory","938,2097","1072,0192"
"primary","current","qualified-830951-long-v1-domain0-real","0","OfficeIMO.Excel.ReaderComparison.Benchmarks","PrefetchedRealDataReadBenchmarks","OfficeIMOBytes","Format=Xlsx","OfficeIMO.Excel.ReaderComparison.Benchmarks.PrefetchedRealDataReadBenchmarks.OfficeIMOBytes(Format: Xlsx)","83095146282a96143b23a79a7ecca058a24a709b","3.4.4+83095146282a96143b23a79a7ecca058a24a709b","F2853A4C62D5C03C5E3F0CBB7CCBB5776FB63CE58CE8933BE4EBAA4F5887502F","3.4.4+83095146282a96143b23a79a7ecca058a24a709b","B5565DE58D83BFC91F4FFB69A797CE02DFCB10A5A6409323845D05A5732E1A84","5E79575325D94AE8D09B97CD0C1C341EBB6AC0A24C3EEE6AE4817A897F97E7A4",,,"15","84,67852666666667","4,265532275323606","15763114","Native managed bytes allocated per benchmark operation; not peak/retained/unmanaged memory","307,7901","362,1621"
"primary","current","qualified-830951-long-v1-domain0-real","0","OfficeIMO.Excel.ReaderComparison.Benchmarks","PrefetchedRealDataReadBenchmarks","Sylvan","Format=Xlsx","OfficeIMO.Excel.ReaderComparison.Benchmarks.PrefetchedRealDataReadBenchmarks.Sylvan(Format: Xlsx)","83095146282a96143b23a79a7ecca058a24a709b","3.4.4+83095146282a96143b23a79a7ecca058a24a709b","F2853A4C62D5C03C5E3F0CBB7CCBB5776FB63CE58CE8933BE4EBAA4F5887502F","3.4.4+83095146282a96143b23a79a7ecca058a24a709b","B5565DE58D83BFC91F4FFB69A797CE02DFCB10A5A6409323845D05A5732E1A84","5E79575325D94AE8D09B97CD0C1C341EBB6AC0A24C3EEE6AE4817A897F97E7A4",,,"15","242,41887","11,194069841491011","663116","Native managed bytes allocated per benchmark operation; not peak/retained/unmanaged memory","913,7723","1038,8204"
"primary","current","qualified-830951-long-v1-domain0-real","0","OfficeIMO.Excel.ReaderComparison.Benchmarks","PrefetchedRealDataReadBenchmarks","ExcelReaderPrefetch","Format=Xlsm","OfficeIMO.Excel.ReaderComparison.Benchmarks.PrefetchedRealDataReadBenchmarks.ExcelReaderPrefetch(Format: Xlsm)","83095146282a96143b23a79a7ecca058a24a709b","3.4.4+83095146282a96143b23a79a7ecca058a24a709b","F2853A4C62D5C03C5E3F0CBB7CCBB5776FB63CE58CE8933BE4EBAA4F5887502F","3.4.4+83095146282a96143b23a79a7ecca058a24a709b","B5565DE58D83BFC91F4FFB69A797CE02DFCB10A5A6409323845D05A5732E1A84","5E79575325D94AE8D09B97CD0C1C341EBB6AC0A24C3EEE6AE4817A897F97E7A4",,,"15","44,814469583333334","6,130491172477093","63490","Native managed bytes allocated per benchmark operation; not peak/retained/unmanaged memory","626,502","995,5759"
"primary","current","qualified-830951-long-v1-domain0-real","0","OfficeIMO.Excel.ReaderComparison.Benchmarks","PrefetchedRealDataReadBenchmarks","ExcelReaderMemoryPrefetch","Format=Xlsm","OfficeIMO.Excel.ReaderComparison.Benchmarks.PrefetchedRealDataReadBenchmarks.ExcelReaderMemoryPrefetch(Format: Xlsm)","83095146282a96143b23a79a7ecca058a24a709b","3.4.4+83095146282a96143b23a79a7ecca058a24a709b","F2853A4C62D5C03C5E3F0CBB7CCBB5776FB63CE58CE8933BE4EBAA4F5887502F","3.4.4+83095146282a96143b23a79a7ecca058a24a709b","B5565DE58D83BFC91F4FFB69A797CE02DFCB10A5A6409323845D05A5732E1A84","5E79575325D94AE8D09B97CD0C1C341EBB6AC0A24C3EEE6AE4817A897F97E7A4",,,"15","39,7706184","3,1259981735107725","46323","Native managed bytes allocated per benchmark operation; not peak/retained/unmanaged memory","858,6233","1090,5887"
"primary","current","qualified-830951-long-v1-domain0-real","0","OfficeIMO.Excel.ReaderComparison.Benchmarks","PrefetchedRealDataReadBenchmarks","OfficeIMOBytes","Format=Xlsm","OfficeIMO.Excel.ReaderComparison.Benchmarks.PrefetchedRealDataReadBenchmarks.OfficeIMOBytes(Format: Xlsm)","83095146282a96143b23a79a7ecca058a24a709b","3.4.4+83095146282a96143b23a79a7ecca058a24a709b","F2853A4C62D5C03C5E3F0CBB7CCBB5776FB63CE58CE8933BE4EBAA4F5887502F","3.4.4+83095146282a96143b23a79a7ecca058a24a709b","B5565DE58D83BFC91F4FFB69A797CE02DFCB10A5A6409323845D05A5732E1A84","5E79575325D94AE8D09B97CD0C1C341EBB6AC0A24C3EEE6AE4817A897F97E7A4",,,"15","94,671168","2,495955296438048","15316635","Native managed bytes allocated per benchmark operation; not peak/retained/unmanaged memory","912,3626","1006,594"
"primary","current","qualified-830951-long-v1-domain0-real","0","OfficeIMO.Excel.ReaderComparison.Benchmarks","PrefetchedRealDataReadBenchmarks","Sylvan","Format=Xlsm","OfficeIMO.Excel.ReaderComparison.Benchmarks.PrefetchedRealDataReadBenchmarks.Sylvan(Format: Xlsm)","83095146282a96143b23a79a7ecca058a24a709b","3.4.4+83095146282a96143b23a79a7ecca058a24a709b","F2853A4C62D5C03C5E3F0CBB7CCBB5776FB63CE58CE8933BE4EBAA4F5887502F","3.4.4+83095146282a96143b23a79a7ecca058a24a709b","B5565DE58D83BFC91F4FFB69A797CE02DFCB10A5A6409323845D05A5732E1A84","5E79575325D94AE8D09B97CD0C1C341EBB6AC0A24C3EEE6AE4817A897F97E7A4",,,"15","248,33738833333334","9,966182251641523","663176","Native managed bytes allocated per benchmark operation; not peak/retained/unmanaged memory","929,7472","1059,8358"
"primary","current","qualified-830951-long-v1-domain0-real","0","OfficeIMO.Excel.ReaderComparison.Benchmarks","PrefetchedRealDataReadBenchmarks","ExcelReaderPrefetch","Format=Xlsb","OfficeIMO.Excel.ReaderComparison.Benchmarks.PrefetchedRealDataReadBenchmarks.ExcelReaderPrefetch(Format: Xlsb)","83095146282a96143b23a79a7ecca058a24a709b","3.4.4+83095146282a96143b23a79a7ecca058a24a709b","F2853A4C62D5C03C5E3F0CBB7CCBB5776FB63CE58CE8933BE4EBAA4F5887502F","3.4.4+83095146282a96143b23a79a7ecca058a24a709b","B5565DE58D83BFC91F4FFB69A797CE02DFCB10A5A6409323845D05A5732E1A84","5E79575325D94AE8D09B97CD0C1C341EBB6AC0A24C3EEE6AE4817A897F97E7A4",,,"15","18,3570585","2,1793639667578475","29357","Native managed bytes allocated per benchmark operation; not peak/retained/unmanaged memory","673,6531","955,2648"
"primary","current","qualified-830951-long-v1-domain0-real","0","OfficeIMO.Excel.ReaderComparison.Benchmarks","PrefetchedRealDataReadBenchmarks","ExcelReaderMemoryPrefetch","Format=Xlsb","OfficeIMO.Excel.ReaderComparison.Benchmarks.PrefetchedRealDataReadBenchmarks.ExcelReaderMemoryPrefetch(Format: Xlsb)","83095146282a96143b23a79a7ecca058a24a709b","3.4.4+83095146282a96143b23a79a7ecca058a24a709b","F2853A4C62D5C03C5E3F0CBB7CCBB5776FB63CE58CE8933BE4EBAA4F5887502F","3.4.4+83095146282a96143b23a79a7ecca058a24a709b","B5565DE58D83BFC91F4FFB69A797CE02DFCB10A5A6409323845D05A5732E1A84","5E79575325D94AE8D09B97CD0C1C341EBB6AC0A24C3EEE6AE4817A897F97E7A4",,,"15","16,671627272727275","0,5780127661189312","17964","Native managed bytes allocated per benchmark operation; not peak/retained/unmanaged memory","878,172","986,0147"
"primary","current","qualified-830951-long-v1-domain0-real","0","OfficeIMO.Excel.ReaderComparison.Benchmarks","PrefetchedRealDataReadBenchmarks","OfficeIMOBytes","Format=Xlsb","OfficeIMO.Excel.ReaderComparison.Benchmarks.PrefetchedRealDataReadBenchmarks.OfficeIMOBytes(Format: Xlsb)","83095146282a96143b23a79a7ecca058a24a709b","3.4.4+83095146282a96143b23a79a7ecca058a24a709b","F2853A4C62D5C03C5E3F0CBB7CCBB5776FB63CE58CE8933BE4EBAA4F5887502F","3.4.4+83095146282a96143b23a79a7ecca058a24a709b","B5565DE58D83BFC91F4FFB69A797CE02DFCB10A5A6409323845D05A5732E1A84","5E79575325D94AE8D09B97CD0C1C341EBB6AC0A24C3EEE6AE4817A897F97E7A4",,,"15","35,345335061728385","1,385565217699358","14944116","Native managed bytes allocated per benchmark operation; not peak/retained/unmanaged memory","880,2078","1000,1498"
"primary","current","qualified-830951-long-v1-domain0-real","0","OfficeIMO.Excel.ReaderComparison.Benchmarks","PrefetchedRealDataReadBenchmarks","Sylvan","Format=Xlsb","OfficeIMO.Excel.ReaderComparison.Benchmarks.PrefetchedRealDataReadBenchmarks.Sylvan(Format: Xlsb)","83095146282a96143b23a79a7ecca058a24a709b","3.4.4+83095146282a96143b23a79a7ecca058a24a709b","F2853A4C62D5C03C5E3F0CBB7CCBB5776FB63CE58CE8933BE4EBAA4F5887502F","3.4.4+83095146282a96143b23a79a7ecca058a24a709b","B5565DE58D83BFC91F4FFB69A797CE02DFCB10A5A6409323845D05A5732E1A84","5E79575325D94AE8D09B97CD0C1C341EBB6AC0A24C3EEE6AE4817A897F97E7A4",,,"15","36,87204333333334","0,5993880160061673","347494","Native managed bytes allocated per benchmark operation; not peak/retained/unmanaged memory","895,6801","946,6677"
"primary","current","qualified-830951-long-v1-domain0-real","0","OfficeIMO.Excel.ReaderComparison.Benchmarks","RealDataReadBenchmarks","ExcelReaderOriginal","Format=Xlsx","OfficeIMO.Excel.ReaderComparison.Benchmarks.RealDataReadBenchmarks.ExcelReaderOriginal(Format: Xlsx)","83095146282a96143b23a79a7ecca058a24a709b","3.4.4+83095146282a96143b23a79a7ecca058a24a709b","F2853A4C62D5C03C5E3F0CBB7CCBB5776FB63CE58CE8933BE4EBAA4F5887502F","3.4.4+83095146282a96143b23a79a7ecca058a24a709b","B5565DE58D83BFC91F4FFB69A797CE02DFCB10A5A6409323845D05A5732E1A84","5E79575325D94AE8D09B97CD0C1C341EBB6AC0A24C3EEE6AE4817A897F97E7A4",,,"15","57,55051851851853","1,1614090110663793","36114","Native managed bytes allocated per benchmark operation; not peak/retained/unmanaged memory","1002,0042","1071,036"
"primary","current","qualified-830951-long-v1-domain0-real","0","OfficeIMO.Excel.ReaderComparison.Benchmarks","RealDataReadBenchmarks","ExcelReaderMemory","Format=Xlsx","OfficeIMO.Excel.ReaderComparison.Benchmarks.RealDataReadBenchmarks.ExcelReaderMemory(Format: Xlsx)","83095146282a96143b23a79a7ecca058a24a709b","3.4.4+83095146282a96143b23a79a7ecca058a24a709b","F2853A4C62D5C03C5E3F0CBB7CCBB5776FB63CE58CE8933BE4EBAA4F5887502F","3.4.4+83095146282a96143b23a79a7ecca058a24a709b","B5565DE58D83BFC91F4FFB69A797CE02DFCB10A5A6409323845D05A5732E1A84","5E79575325D94AE8D09B97CD0C1C341EBB6AC0A24C3EEE6AE4817A897F97E7A4",,,"15","53,10780596491228","5,680091106222643","24018","Native managed bytes allocated per benchmark operation; not peak/retained/unmanaged memory","763,0309","1208,6339"
"primary","current","qualified-830951-long-v1-domain0-real","0","OfficeIMO.Excel.ReaderComparison.Benchmarks","RealDataReadBenchmarks","OfficeIMOBytes","Format=Xlsx","OfficeIMO.Excel.ReaderComparison.Benchmarks.RealDataReadBenchmarks.OfficeIMOBytes(Format: Xlsx)","83095146282a96143b23a79a7ecca058a24a709b","3.4.4+83095146282a96143b23a79a7ecca058a24a709b","F2853A4C62D5C03C5E3F0CBB7CCBB5776FB63CE58CE8933BE4EBAA4F5887502F","3.4.4+83095146282a96143b23a79a7ecca058a24a709b","B5565DE58D83BFC91F4FFB69A797CE02DFCB10A5A6409323845D05A5732E1A84","5E79575325D94AE8D09B97CD0C1C341EBB6AC0A24C3EEE6AE4817A897F97E7A4",,,"15","92,5024187878788","5,694110128838777","15221860","Native managed bytes allocated per benchmark operation; not peak/retained/unmanaged memory","865,9201","1080,0312"
"primary","current","qualified-830951-long-v1-domain0-real","0","OfficeIMO.Excel.ReaderComparison.Benchmarks","RealDataReadBenchmarks","OfficeIMOStream","Format=Xlsx","OfficeIMO.Excel.ReaderComparison.Benchmarks.RealDataReadBenchmarks.OfficeIMOStream(Format: Xlsx)","83095146282a96143b23a79a7ecca058a24a709b","3.4.4+83095146282a96143b23a79a7ecca058a24a709b","F2853A4C62D5C03C5E3F0CBB7CCBB5776FB63CE58CE8933BE4EBAA4F5887502F","3.4.4+83095146282a96143b23a79a7ecca058a24a709b","B5565DE58D83BFC91F4FFB69A797CE02DFCB10A5A6409323845D05A5732E1A84","5E79575325D94AE8D09B97CD0C1C341EBB6AC0A24C3EEE6AE4817A897F97E7A4",,,"15","91,85688696969699","4,289439907048498","21943260","Native managed bytes allocated per benchmark operation; not peak/retained/unmanaged memory","934,7921","1116,1778"
"primary","current","qualified-830951-long-v1-domain0-real","0","OfficeIMO.Excel.ReaderComparison.Benchmarks","RealDataReadBenchmarks","Sylvan","Format=Xlsx","OfficeIMO.Excel.ReaderComparison.Benchmarks.RealDataReadBenchmarks.Sylvan(Format: Xlsx)","83095146282a96143b23a79a7ecca058a24a709b","3.4.4+83095146282a96143b23a79a7ecca058a24a709b","F2853A4C62D5C03C5E3F0CBB7CCBB5776FB63CE58CE8933BE4EBAA4F5887502F","3.4.4+83095146282a96143b23a79a7ecca058a24a709b","B5565DE58D83BFC91F4FFB69A797CE02DFCB10A5A6409323845D05A5732E1A84","5E79575325D94AE8D09B97CD0C1C341EBB6AC0A24C3EEE6AE4817A897F97E7A4",,,"15","193,65391333333335","33,5573379612536","663096","Native managed bytes allocated per benchmark operation; not peak/retained/unmanaged memory","611,728","1002,4693"
"primary","current","qualified-830951-long-v1-domain0-real","0","OfficeIMO.Excel.ReaderComparison.Benchmarks","RealDataReadBenchmarks","ExcelReaderOriginal","Format=Xlsm","OfficeIMO.Excel.ReaderComparison.Benchmarks.RealDataReadBenchmarks.ExcelReaderOriginal(Format: Xlsm)","83095146282a96143b23a79a7ecca058a24a709b","3.4.4+83095146282a96143b23a79a7ecca058a24a709b","F2853A4C62D5C03C5E3F0CBB7CCBB5776FB63CE58CE8933BE4EBAA4F5887502F","3.4.4+83095146282a96143b23a79a7ecca058a24a709b","B5565DE58D83BFC91F4FFB69A797CE02DFCB10A5A6409323845D05A5732E1A84","5E79575325D94AE8D09B97CD0C1C341EBB6AC0A24C3EEE6AE4817A897F97E7A4",,,"15","48,135789230769234","5,844022654921038","27404","Native managed bytes allocated per benchmark operation; not peak/retained/unmanaged memory","1069,4739","1485,985"
"primary","current","qualified-830951-long-v1-domain0-real","0","OfficeIMO.Excel.ReaderComparison.Benchmarks","RealDataReadBenchmarks","ExcelReaderMemory","Format=Xlsm","OfficeIMO.Excel.ReaderComparison.Benchmarks.RealDataReadBenchmarks.ExcelReaderMemory(Format: Xlsm)","83095146282a96143b23a79a7ecca058a24a709b","3.4.4+83095146282a96143b23a79a7ecca058a24a709b","F2853A4C62D5C03C5E3F0CBB7CCBB5776FB63CE58CE8933BE4EBAA4F5887502F","3.4.4+83095146282a96143b23a79a7ecca058a24a709b","B5565DE58D83BFC91F4FFB69A797CE02DFCB10A5A6409323845D05A5732E1A84","5E79575325D94AE8D09B97CD0C1C341EBB6AC0A24C3EEE6AE4817A897F97E7A4",,,"15","53,216796296296295","4,897532608333496","7552","Native managed bytes allocated per benchmark operation; not peak/retained/unmanaged memory","759,4636","1032,7533"
"primary","current","qualified-830951-long-v1-domain0-real","0","OfficeIMO.Excel.ReaderComparison.Benchmarks","RealDataReadBenchmarks","OfficeIMOBytes","Format=Xlsm","OfficeIMO.Excel.ReaderComparison.Benchmarks.RealDataReadBenchmarks.OfficeIMOBytes(Format: Xlsm)","83095146282a96143b23a79a7ecca058a24a709b","3.4.4+83095146282a96143b23a79a7ecca058a24a709b","F2853A4C62D5C03C5E3F0CBB7CCBB5776FB63CE58CE8933BE4EBAA4F5887502F","3.4.4+83095146282a96143b23a79a7ecca058a24a709b","B5565DE58D83BFC91F4FFB69A797CE02DFCB10A5A6409323845D05A5732E1A84","5E79575325D94AE8D09B97CD0C1C341EBB6AC0A24C3EEE6AE4817A897F97E7A4",,,"15","83,84893777777776","8,955714546510514","15142896","Native managed bytes allocated per benchmark operation; not peak/retained/unmanaged memory","764,1121","1180,5823"
"primary","current","qualified-830951-long-v1-domain0-real","0","OfficeIMO.Excel.ReaderComparison.Benchmarks","RealDataReadBenchmarks","OfficeIMOStream","Format=Xlsm","OfficeIMO.Excel.ReaderComparison.Benchmarks.RealDataReadBenchmarks.OfficeIMOStream(Format: Xlsm)","83095146282a96143b23a79a7ecca058a24a709b","3.4.4+83095146282a96143b23a79a7ecca058a24a709b","F2853A4C62D5C03C5E3F0CBB7CCBB5776FB63CE58CE8933BE4EBAA4F5887502F","3.4.4+83095146282a96143b23a79a7ecca058a24a709b","B5565DE58D83BFC91F4FFB69A797CE02DFCB10A5A6409323845D05A5732E1A84","5E79575325D94AE8D09B97CD0C1C341EBB6AC0A24C3EEE6AE4817A897F97E7A4",,,"15","67,94699333333332","14,442036109836861","21647275","Native managed bytes allocated per benchmark operation; not peak/retained/unmanaged memory","922,9384","1649,2548"
"primary","current","qualified-830951-long-v1-domain0-real","0","OfficeIMO.Excel.ReaderComparison.Benchmarks","RealDataReadBenchmarks","Sylvan","Format=Xlsm","OfficeIMO.Excel.ReaderComparison.Benchmarks.RealDataReadBenchmarks.Sylvan(Format: Xlsm)","83095146282a96143b23a79a7ecca058a24a709b","3.4.4+83095146282a96143b23a79a7ecca058a24a709b","F2853A4C62D5C03C5E3F0CBB7CCBB5776FB63CE58CE8933BE4EBAA4F5887502F","3.4.4+83095146282a96143b23a79a7ecca058a24a709b","B5565DE58D83BFC91F4FFB69A797CE02DFCB10A5A6409323845D05A5732E1A84","5E79575325D94AE8D09B97CD0C1C341EBB6AC0A24C3EEE6AE4817A897F97E7A4",,,"15","161,547405","30,590207656480935","663176","Native managed bytes allocated per benchmark operation; not peak/retained/unmanaged memory","554,3505","958,4362"
"primary","current","qualified-830951-long-v1-domain0-real","0","OfficeIMO.Excel.ReaderComparison.Benchmarks","RealDataReadBenchmarks","ExcelReaderOriginal","Format=Xlsb","OfficeIMO.Excel.ReaderComparison.Benchmarks.RealDataReadBenchmarks.ExcelReaderOriginal(Format: Xlsb)","83095146282a96143b23a79a7ecca058a24a709b","3.4.4+83095146282a96143b23a79a7ecca058a24a709b","F2853A4C62D5C03C5E3F0CBB7CCBB5776FB63CE58CE8933BE4EBAA4F5887502F","3.4.4+83095146282a96143b23a79a7ecca058a24a709b","B5565DE58D83BFC91F4FFB69A797CE02DFCB10A5A6409323845D05A5732E1A84","5E79575325D94AE8D09B97CD0C1C341EBB6AC0A24C3EEE6AE4817A897F97E7A4",,,"15","25,2147894017094","2,032428905163444","19596","Native managed bytes allocated per benchmark operation; not peak/retained/unmanaged memory","920,0176","1202,1536"
"primary","current","qualified-830951-long-v1-domain0-real","0","OfficeIMO.Excel.ReaderComparison.Benchmarks","RealDataReadBenchmarks","ExcelReaderMemory","Format=Xlsb","OfficeIMO.Excel.ReaderComparison.Benchmarks.RealDataReadBenchmarks.ExcelReaderMemory(Format: Xlsb)","83095146282a96143b23a79a7ecca058a24a709b","3.4.4+83095146282a96143b23a79a7ecca058a24a709b","F2853A4C62D5C03C5E3F0CBB7CCBB5776FB63CE58CE8933BE4EBAA4F5887502F","3.4.4+83095146282a96143b23a79a7ecca058a24a709b","B5565DE58D83BFC91F4FFB69A797CE02DFCB10A5A6409323845D05A5732E1A84","5E79575325D94AE8D09B97CD0C1C341EBB6AC0A24C3EEE6AE4817A897F97E7A4",,,"15","28,00066222222223","1,592298463582851","16833","Native managed bytes allocated per benchmark operation; not peak/retained/unmanaged memory","932,047","1138,0715"
"primary","current","qualified-830951-long-v1-domain0-real","0","OfficeIMO.Excel.ReaderComparison.Benchmarks","RealDataReadBenchmarks","OfficeIMOBytes","Format=Xlsb","OfficeIMO.Excel.ReaderComparison.Benchmarks.RealDataReadBenchmarks.OfficeIMOBytes(Format: Xlsb)","83095146282a96143b23a79a7ecca058a24a709b","3.4.4+83095146282a96143b23a79a7ecca058a24a709b","F2853A4C62D5C03C5E3F0CBB7CCBB5776FB63CE58CE8933BE4EBAA4F5887502F","3.4.4+83095146282a96143b23a79a7ecca058a24a709b","B5565DE58D83BFC91F4FFB69A797CE02DFCB10A5A6409323845D05A5732E1A84","5E79575325D94AE8D09B97CD0C1C341EBB6AC0A24C3EEE6AE4817A897F97E7A4",,,"15","34,1083","2,723150753242508","14764067","Native managed bytes allocated per benchmark operation; not peak/retained/unmanaged memory","1050,1537","1391,946"
"primary","current","qualified-830951-long-v1-domain0-real","0","OfficeIMO.Excel.ReaderComparison.Benchmarks","RealDataReadBenchmarks","OfficeIMOStream","Format=Xlsb","OfficeIMO.Excel.ReaderComparison.Benchmarks.RealDataReadBenchmarks.OfficeIMOStream(Format: Xlsb)","83095146282a96143b23a79a7ecca058a24a709b","3.4.4+83095146282a96143b23a79a7ecca058a24a709b","F2853A4C62D5C03C5E3F0CBB7CCBB5776FB63CE58CE8933BE4EBAA4F5887502F","3.4.4+83095146282a96143b23a79a7ecca058a24a709b","B5565DE58D83BFC91F4FFB69A797CE02DFCB10A5A6409323845D05A5732E1A84","5E79575325D94AE8D09B97CD0C1C341EBB6AC0A24C3EEE6AE4817A897F97E7A4",,,"15","37,77520419753087","1,0613665339376674","19440986","Native managed bytes allocated per benchmark operation; not peak/retained/unmanaged memory","980,5388","1083,5769"
"primary","current","qualified-830951-long-v1-domain0-real","0","OfficeIMO.Excel.ReaderComparison.Benchmarks","RealDataReadBenchmarks","Sylvan","Format=Xlsb","OfficeIMO.Excel.ReaderComparison.Benchmarks.RealDataReadBenchmarks.Sylvan(Format: Xlsb)","83095146282a96143b23a79a7ecca058a24a709b","3.4.4+83095146282a96143b23a79a7ecca058a24a709b","F2853A4C62D5C03C5E3F0CBB7CCBB5776FB63CE58CE8933BE4EBAA4F5887502F","3.4.4+83095146282a96143b23a79a7ecca058a24a709b","B5565DE58D83BFC91F4FFB69A797CE02DFCB10A5A6409323845D05A5732E1A84","5E79575325D94AE8D09B97CD0C1C341EBB6AC0A24C3EEE6AE4817A897F97E7A4",,,"15","37,13332186666667","1,677276227782833","347000","Native managed bytes allocated per benchmark operation; not peak/retained/unmanaged memory","860,1916","995,5388"
"primary","current","qualified-830951-long-v1-domain0-real","0","OfficeIMO.Excel.ReaderComparison.Benchmarks","RealDataReadBenchmarks","ExcelReaderOriginal","Format=Xls","OfficeIMO.Excel.ReaderComparison.Benchmarks.RealDataReadBenchmarks.ExcelReaderOriginal(Format: Xls)","83095146282a96143b23a79a7ecca058a24a709b","3.4.4+83095146282a96143b23a79a7ecca058a24a709b","F2853A4C62D5C03C5E3F0CBB7CCBB5776FB63CE58CE8933BE4EBAA4F5887502F","3.4.4+83095146282a96143b23a79a7ecca058a24a709b","B5565DE58D83BFC91F4FFB69A797CE02DFCB10A5A6409323845D05A5732E1A84","5E79575325D94AE8D09B97CD0C1C341EBB6AC0A24C3EEE6AE4817A897F97E7A4",,,"15","13,816153246753245","0,44825013157776633","12304","Native managed bytes allocated per benchmark operation; not peak/retained/unmanaged memory","1002,5773","1147,0152"
"primary","current","qualified-830951-long-v1-domain0-real","0","OfficeIMO.Excel.ReaderComparison.Benchmarks","RealDataReadBenchmarks","ExcelReaderMemory","Format=Xls","OfficeIMO.Excel.ReaderComparison.Benchmarks.RealDataReadBenchmarks.ExcelReaderMemory(Format: Xls)","83095146282a96143b23a79a7ecca058a24a709b","3.4.4+83095146282a96143b23a79a7ecca058a24a709b","F2853A4C62D5C03C5E3F0CBB7CCBB5776FB63CE58CE8933BE4EBAA4F5887502F","3.4.4+83095146282a96143b23a79a7ecca058a24a709b","B5565DE58D83BFC91F4FFB69A797CE02DFCB10A5A6409323845D05A5732E1A84","5E79575325D94AE8D09B97CD0C1C341EBB6AC0A24C3EEE6AE4817A897F97E7A4",,,"15","15,465216041666666","0,3156609047588904","12168","Native managed bytes allocated per benchmark operation; not peak/retained/unmanaged memory","958,393","1020,3361"
"primary","current","qualified-830951-long-v1-domain0-real","0","OfficeIMO.Excel.ReaderComparison.Benchmarks","RealDataReadBenchmarks","OfficeIMOBytes","Format=Xls","OfficeIMO.Excel.ReaderComparison.Benchmarks.RealDataReadBenchmarks.OfficeIMOBytes(Format: Xls)","83095146282a96143b23a79a7ecca058a24a709b","3.4.4+83095146282a96143b23a79a7ecca058a24a709b","F2853A4C62D5C03C5E3F0CBB7CCBB5776FB63CE58CE8933BE4EBAA4F5887502F","3.4.4+83095146282a96143b23a79a7ecca058a24a709b","B5565DE58D83BFC91F4FFB69A797CE02DFCB10A5A6409323845D05A5732E1A84","5E79575325D94AE8D09B97CD0C1C341EBB6AC0A24C3EEE6AE4817A897F97E7A4",,,"15","19,426535163398693","0,9753682975260667","14659966","Native managed bytes allocated per benchmark operation; not peak/retained/unmanaged memory","931,5766","1092,9148"
"primary","current","qualified-830951-long-v1-domain0-real","0","OfficeIMO.Excel.ReaderComparison.Benchmarks","RealDataReadBenchmarks","OfficeIMOStream","Format=Xls","OfficeIMO.Excel.ReaderComparison.Benchmarks.RealDataReadBenchmarks.OfficeIMOStream(Format: Xls)","83095146282a96143b23a79a7ecca058a24a709b","3.4.4+83095146282a96143b23a79a7ecca058a24a709b","F2853A4C62D5C03C5E3F0CBB7CCBB5776FB63CE58CE8933BE4EBAA4F5887502F","3.4.4+83095146282a96143b23a79a7ecca058a24a709b","B5565DE58D83BFC91F4FFB69A797CE02DFCB10A5A6409323845D05A5732E1A84","5E79575325D94AE8D09B97CD0C1C341EBB6AC0A24C3EEE6AE4817A897F97E7A4",,,"15","24,365761666666668","0,8528318839689263","27042644","Native managed bytes allocated per benchmark operation; not peak/retained/unmanaged memory","897,2474","1029,6414"
"primary","current","qualified-830951-long-v1-domain0-real","0","OfficeIMO.Excel.ReaderComparison.Benchmarks","RealDataReadBenchmarks","Sylvan","Format=Xls","OfficeIMO.Excel.ReaderComparison.Benchmarks.RealDataReadBenchmarks.Sylvan(Format: Xls)","83095146282a96143b23a79a7ecca058a24a709b","3.4.4+83095146282a96143b23a79a7ecca058a24a709b","F2853A4C62D5C03C5E3F0CBB7CCBB5776FB63CE58CE8933BE4EBAA4F5887502F","3.4.4+83095146282a96143b23a79a7ecca058a24a709b","B5565DE58D83BFC91F4FFB69A797CE02DFCB10A5A6409323845D05A5732E1A84","5E79575325D94AE8D09B97CD0C1C341EBB6AC0A24C3EEE6AE4817A897F97E7A4",,,"15","26,16455705882353","0,9438324697667018","190767","Native managed bytes allocated per benchmark operation; not peak/retained/unmanaged memory","855,0736","957,7493"
"primary","current","qualified-830951-long-v1-domain0-real","0","OfficeIMO.Excel.ReaderComparison.Benchmarks","RealDataTypedReadBenchmarks","ExcelReaderAutomatic","Format=Xlsx","OfficeIMO.Excel.ReaderComparison.Benchmarks.RealDataTypedReadBenchmarks.ExcelReaderAutomatic(Format: Xlsx)","83095146282a96143b23a79a7ecca058a24a709b","3.4.4+83095146282a96143b23a79a7ecca058a24a709b","F2853A4C62D5C03C5E3F0CBB7CCBB5776FB63CE58CE8933BE4EBAA4F5887502F","3.4.4+83095146282a96143b23a79a7ecca058a24a709b","B5565DE58D83BFC91F4FFB69A797CE02DFCB10A5A6409323845D05A5732E1A84","5E79575325D94AE8D09B97CD0C1C341EBB6AC0A24C3EEE6AE4817A897F97E7A4",,,"15","66,23848958333333","2,3818968829092646","8406944","Native managed bytes allocated per benchmark operation; not peak/retained/unmanaged memory","979,8577","1115,847"
"primary","current","qualified-830951-long-v1-domain0-real","0","OfficeIMO.Excel.ReaderComparison.Benchmarks","RealDataTypedReadBenchmarks","OfficeIMOAutomatic","Format=Xlsx","OfficeIMO.Excel.ReaderComparison.Benchmarks.RealDataTypedReadBenchmarks.OfficeIMOAutomatic(Format: Xlsx)","83095146282a96143b23a79a7ecca058a24a709b","3.4.4+83095146282a96143b23a79a7ecca058a24a709b","F2853A4C62D5C03C5E3F0CBB7CCBB5776FB63CE58CE8933BE4EBAA4F5887502F","3.4.4+83095146282a96143b23a79a7ecca058a24a709b","B5565DE58D83BFC91F4FFB69A797CE02DFCB10A5A6409323845D05A5732E1A84","5E79575325D94AE8D09B97CD0C1C341EBB6AC0A24C3EEE6AE4817A897F97E7A4",,,"15","94,63905133333333","1,887628166717113","9552992","Native managed bytes allocated per benchmark operation; not peak/retained/unmanaged memory","925,4431","993,2071"
"primary","current","qualified-830951-long-v1-domain0-real","0","OfficeIMO.Excel.ReaderComparison.Benchmarks","RealDataTypedReadBenchmarks","ExcelReaderAutomatic","Format=Xlsb","OfficeIMO.Excel.ReaderComparison.Benchmarks.RealDataTypedReadBenchmarks.ExcelReaderAutomatic(Format: Xlsb)","83095146282a96143b23a79a7ecca058a24a709b","3.4.4+83095146282a96143b23a79a7ecca058a24a709b","F2853A4C62D5C03C5E3F0CBB7CCBB5776FB63CE58CE8933BE4EBAA4F5887502F","3.4.4+83095146282a96143b23a79a7ecca058a24a709b","B5565DE58D83BFC91F4FFB69A797CE02DFCB10A5A6409323845D05A5732E1A84","5E79575325D94AE8D09B97CD0C1C341EBB6AC0A24C3EEE6AE4817A897F97E7A4",,,"15","39,79215972222222","0,9270166881297768","8426385","Native managed bytes allocated per benchmark operation; not peak/retained/unmanaged memory","910,8818","993,8829"
"primary","current","qualified-830951-long-v1-domain0-real","0","OfficeIMO.Excel.ReaderComparison.Benchmarks","RealDataTypedReadBenchmarks","OfficeIMOAutomatic","Format=Xlsb","OfficeIMO.Excel.ReaderComparison.Benchmarks.RealDataTypedReadBenchmarks.OfficeIMOAutomatic(Format: Xlsb)","83095146282a96143b23a79a7ecca058a24a709b","3.4.4+83095146282a96143b23a79a7ecca058a24a709b","F2853A4C62D5C03C5E3F0CBB7CCBB5776FB63CE58CE8933BE4EBAA4F5887502F","3.4.4+83095146282a96143b23a79a7ecca058a24a709b","B5565DE58D83BFC91F4FFB69A797CE02DFCB10A5A6409323845D05A5732E1A84","5E79575325D94AE8D09B97CD0C1C341EBB6AC0A24C3EEE6AE4817A897F97E7A4",,,"15","56,437281666666664","1,5556777616738844","30061218","Native managed bytes allocated per benchmark operation; not peak/retained/unmanaged memory","216,8925","237,336"
"primary","current","qualified-830951-long-v1-domain0-strings","0","OfficeIMO.Excel.ReaderComparison.Benchmarks","MaterializedStringHeavyReadBenchmarks","ExcelReaderStringsMaterialized","Format=Xlsx&RowCount=65536","OfficeIMO.Excel.ReaderComparison.Benchmarks.MaterializedStringHeavyReadBenchmarks.ExcelReaderStringsMaterialized(Format: Xlsx, RowCount: 65536)","83095146282a96143b23a79a7ecca058a24a709b","3.4.4+83095146282a96143b23a79a7ecca058a24a709b","F2853A4C62D5C03C5E3F0CBB7CCBB5776FB63CE58CE8933BE4EBAA4F5887502F","3.4.4+83095146282a96143b23a79a7ecca058a24a709b","B5565DE58D83BFC91F4FFB69A797CE02DFCB10A5A6409323845D05A5732E1A84","5E79575325D94AE8D09B97CD0C1C341EBB6AC0A24C3EEE6AE4817A897F97E7A4",,,"12","69,1113011111111","2,0946245360862195","15989503","Native managed bytes allocated per benchmark operation; not peak/retained/unmanaged memory","992,9361","1085,4362"
"primary","current","qualified-830951-long-v1-domain0-strings","0","OfficeIMO.Excel.ReaderComparison.Benchmarks","MaterializedStringHeavyReadBenchmarks","ExcelReaderStringsInterned","Format=Xlsx&RowCount=65536","OfficeIMO.Excel.ReaderComparison.Benchmarks.MaterializedStringHeavyReadBenchmarks.ExcelReaderStringsInterned(Format: Xlsx, RowCount: 65536)","83095146282a96143b23a79a7ecca058a24a709b","3.4.4+83095146282a96143b23a79a7ecca058a24a709b","F2853A4C62D5C03C5E3F0CBB7CCBB5776FB63CE58CE8933BE4EBAA4F5887502F","3.4.4+83095146282a96143b23a79a7ecca058a24a709b","B5565DE58D83BFC91F4FFB69A797CE02DFCB10A5A6409323845D05A5732E1A84","5E79575325D94AE8D09B97CD0C1C341EBB6AC0A24C3EEE6AE4817A897F97E7A4",,,"12","75,55536666666667","3,324120810242678","16660479","Native managed bytes allocated per benchmark operation; not peak/retained/unmanaged memory","981,339","1138,0599"
"primary","current","qualified-830951-long-v1-domain0-strings","0","OfficeIMO.Excel.ReaderComparison.Benchmarks","MaterializedStringHeavyReadBenchmarks","OfficeIMOBytes","Format=Xlsx&RowCount=65536","OfficeIMO.Excel.ReaderComparison.Benchmarks.MaterializedStringHeavyReadBenchmarks.OfficeIMOBytes(Format: Xlsx, RowCount: 65536)","83095146282a96143b23a79a7ecca058a24a709b","3.4.4+83095146282a96143b23a79a7ecca058a24a709b","F2853A4C62D5C03C5E3F0CBB7CCBB5776FB63CE58CE8933BE4EBAA4F5887502F","3.4.4+83095146282a96143b23a79a7ecca058a24a709b","B5565DE58D83BFC91F4FFB69A797CE02DFCB10A5A6409323845D05A5732E1A84","5E79575325D94AE8D09B97CD0C1C341EBB6AC0A24C3EEE6AE4817A897F97E7A4",,,"12","136,57909583333335","6,802780445731139","26455173","Native managed bytes allocated per benchmark operation; not peak/retained/unmanaged memory","989,2373","1182,0982"
"primary","current","qualified-830951-long-v1-domain0-strings","0","OfficeIMO.Excel.ReaderComparison.Benchmarks","MaterializedStringHeavyReadBenchmarks","OfficeIMOStream","Format=Xlsx&RowCount=65536","OfficeIMO.Excel.ReaderComparison.Benchmarks.MaterializedStringHeavyReadBenchmarks.OfficeIMOStream(Format: Xlsx, RowCount: 65536)","83095146282a96143b23a79a7ecca058a24a709b","3.4.4+83095146282a96143b23a79a7ecca058a24a709b","F2853A4C62D5C03C5E3F0CBB7CCBB5776FB63CE58CE8933BE4EBAA4F5887502F","3.4.4+83095146282a96143b23a79a7ecca058a24a709b","B5565DE58D83BFC91F4FFB69A797CE02DFCB10A5A6409323845D05A5732E1A84","5E79575325D94AE8D09B97CD0C1C341EBB6AC0A24C3EEE6AE4817A897F97E7A4",,,"12","125,65540729166668","7,36291889463231","33107479","Native managed bytes allocated per benchmark operation; not peak/retained/unmanaged memory","928,7359","1095,7415"
"primary","current","qualified-830951-long-v1-domain0-strings","0","OfficeIMO.Excel.ReaderComparison.Benchmarks","MaterializedStringHeavyReadBenchmarks","Sylvan","Format=Xlsx&RowCount=65536","OfficeIMO.Excel.ReaderComparison.Benchmarks.MaterializedStringHeavyReadBenchmarks.Sylvan(Format: Xlsx, RowCount: 65536)","83095146282a96143b23a79a7ecca058a24a709b","3.4.4+83095146282a96143b23a79a7ecca058a24a709b","F2853A4C62D5C03C5E3F0CBB7CCBB5776FB63CE58CE8933BE4EBAA4F5887502F","3.4.4+83095146282a96143b23a79a7ecca058a24a709b","B5565DE58D83BFC91F4FFB69A797CE02DFCB10A5A6409323845D05A5732E1A84","5E79575325D94AE8D09B97CD0C1C341EBB6AC0A24C3EEE6AE4817A897F97E7A4",,,"12","219,54573333333335","7,5632691905918605","18256508","Native managed bytes allocated per benchmark operation; not peak/retained/unmanaged memory","845,0256","941,377"
"primary","current","qualified-830951-long-v1-domain0-strings","0","OfficeIMO.Excel.ReaderComparison.Benchmarks","MaterializedStringHeavyReadBenchmarks","ExcelReaderStringsMaterialized","Format=Xlsb&RowCount=65536","OfficeIMO.Excel.ReaderComparison.Benchmarks.MaterializedStringHeavyReadBenchmarks.ExcelReaderStringsMaterialized(Format: Xlsb, RowCount: 65536)","83095146282a96143b23a79a7ecca058a24a709b","3.4.4+83095146282a96143b23a79a7ecca058a24a709b","F2853A4C62D5C03C5E3F0CBB7CCBB5776FB63CE58CE8933BE4EBAA4F5887502F","3.4.4+83095146282a96143b23a79a7ecca058a24a709b","B5565DE58D83BFC91F4FFB69A797CE02DFCB10A5A6409323845D05A5732E1A84","5E79575325D94AE8D09B97CD0C1C341EBB6AC0A24C3EEE6AE4817A897F97E7A4",,,"12","62,70912166666666","3,359512520668181","15989124","Native managed bytes allocated per benchmark operation; not peak/retained/unmanaged memory","876,6442","1019,348"
"primary","current","qualified-830951-long-v1-domain0-strings","0","OfficeIMO.Excel.ReaderComparison.Benchmarks","MaterializedStringHeavyReadBenchmarks","ExcelReaderStringsInterned","Format=Xlsb&RowCount=65536","OfficeIMO.Excel.ReaderComparison.Benchmarks.MaterializedStringHeavyReadBenchmarks.ExcelReaderStringsInterned(Format: Xlsb, RowCount: 65536)","83095146282a96143b23a79a7ecca058a24a709b","3.4.4+83095146282a96143b23a79a7ecca058a24a709b","F2853A4C62D5C03C5E3F0CBB7CCBB5776FB63CE58CE8933BE4EBAA4F5887502F","3.4.4+83095146282a96143b23a79a7ecca058a24a709b","B5565DE58D83BFC91F4FFB69A797CE02DFCB10A5A6409323845D05A5732E1A84","5E79575325D94AE8D09B97CD0C1C341EBB6AC0A24C3EEE6AE4817A897F97E7A4",,,"12","72,32618854166667","2,4608678908709907","18555428","Native managed bytes allocated per benchmark operation; not peak/retained/unmanaged memory","1079,6158","1216,9637"
"primary","current","qualified-830951-long-v1-domain0-strings","0","OfficeIMO.Excel.ReaderComparison.Benchmarks","MaterializedStringHeavyReadBenchmarks","OfficeIMOBytes","Format=Xlsb&RowCount=65536","OfficeIMO.Excel.ReaderComparison.Benchmarks.MaterializedStringHeavyReadBenchmarks.OfficeIMOBytes(Format: Xlsb, RowCount: 65536)","83095146282a96143b23a79a7ecca058a24a709b","3.4.4+83095146282a96143b23a79a7ecca058a24a709b","F2853A4C62D5C03C5E3F0CBB7CCBB5776FB63CE58CE8933BE4EBAA4F5887502F","3.4.4+83095146282a96143b23a79a7ecca058a24a709b","B5565DE58D83BFC91F4FFB69A797CE02DFCB10A5A6409323845D05A5732E1A84","5E79575325D94AE8D09B97CD0C1C341EBB6AC0A24C3EEE6AE4817A897F97E7A4",,,"12","75,6548076923077","3,162714705383537","38247849","Native managed bytes allocated per benchmark operation; not peak/retained/unmanaged memory","917,5007","1062,1409"
"primary","current","qualified-830951-long-v1-domain0-strings","0","OfficeIMO.Excel.ReaderComparison.Benchmarks","MaterializedStringHeavyReadBenchmarks","OfficeIMOStream","Format=Xlsb&RowCount=65536","OfficeIMO.Excel.ReaderComparison.Benchmarks.MaterializedStringHeavyReadBenchmarks.OfficeIMOStream(Format: Xlsb, RowCount: 65536)","83095146282a96143b23a79a7ecca058a24a709b","3.4.4+83095146282a96143b23a79a7ecca058a24a709b","F2853A4C62D5C03C5E3F0CBB7CCBB5776FB63CE58CE8933BE4EBAA4F5887502F","3.4.4+83095146282a96143b23a79a7ecca058a24a709b","B5565DE58D83BFC91F4FFB69A797CE02DFCB10A5A6409323845D05A5732E1A84","5E79575325D94AE8D09B97CD0C1C341EBB6AC0A24C3EEE6AE4817A897F97E7A4",,,"12","70,81642948717949","1,9957948105823968","48956142","Native managed bytes allocated per benchmark operation; not peak/retained/unmanaged memory","886,3526","977,0541"
"primary","current","qualified-830951-long-v1-domain0-strings","0","OfficeIMO.Excel.ReaderComparison.Benchmarks","MaterializedStringHeavyReadBenchmarks","Sylvan","Format=Xlsb&RowCount=65536","OfficeIMO.Excel.ReaderComparison.Benchmarks.MaterializedStringHeavyReadBenchmarks.Sylvan(Format: Xlsb, RowCount: 65536)","83095146282a96143b23a79a7ecca058a24a709b","3.4.4+83095146282a96143b23a79a7ecca058a24a709b","F2853A4C62D5C03C5E3F0CBB7CCBB5776FB63CE58CE8933BE4EBAA4F5887502F","3.4.4+83095146282a96143b23a79a7ecca058a24a709b","B5565DE58D83BFC91F4FFB69A797CE02DFCB10A5A6409323845D05A5732E1A84","5E79575325D94AE8D09B97CD0C1C341EBB6AC0A24C3EEE6AE4817A897F97E7A4",,,"12","63,84001888888889","7,414166870815468","18228284","Native managed bytes allocated per benchmark operation; not peak/retained/unmanaged memory","855,03","1173,3953"
"primary","current","qualified-830951-long-v1-domain0-strings","0","OfficeIMO.Excel.ReaderComparison.Benchmarks","SharedStringBorrowedScanBenchmarks","ExcelReaderBorrowed","RowCount=65536&Storage=Deflated","OfficeIMO.Excel.ReaderComparison.Benchmarks.SharedStringBorrowedScanBenchmarks.ExcelReaderBorrowed(RowCount: 65536, Storage: Deflated)","83095146282a96143b23a79a7ecca058a24a709b","3.4.4+83095146282a96143b23a79a7ecca058a24a709b","F2853A4C62D5C03C5E3F0CBB7CCBB5776FB63CE58CE8933BE4EBAA4F5887502F","3.4.4+83095146282a96143b23a79a7ecca058a24a709b","B5565DE58D83BFC91F4FFB69A797CE02DFCB10A5A6409323845D05A5732E1A84","5E79575325D94AE8D09B97CD0C1C341EBB6AC0A24C3EEE6AE4817A897F97E7A4",,,"12","46,1114018939394","1,0588647606678296","2688956","Native managed bytes allocated per benchmark operation; not peak/retained/unmanaged memory","984,0307","1055,3011"
"primary","current","qualified-830951-long-v1-domain0-strings","0","OfficeIMO.Excel.ReaderComparison.Benchmarks","SharedStringBorrowedScanBenchmarks","ExcelReaderBorrowedPrefetch","RowCount=65536&Storage=Deflated","OfficeIMO.Excel.ReaderComparison.Benchmarks.SharedStringBorrowedScanBenchmarks.ExcelReaderBorrowedPrefetch(RowCount: 65536, Storage: Deflated)","83095146282a96143b23a79a7ecca058a24a709b","3.4.4+83095146282a96143b23a79a7ecca058a24a709b","F2853A4C62D5C03C5E3F0CBB7CCBB5776FB63CE58CE8933BE4EBAA4F5887502F","3.4.4+83095146282a96143b23a79a7ecca058a24a709b","B5565DE58D83BFC91F4FFB69A797CE02DFCB10A5A6409323845D05A5732E1A84","5E79575325D94AE8D09B97CD0C1C341EBB6AC0A24C3EEE6AE4817A897F97E7A4",,,"12","34,41828779761905","0,8164457205472132","2673744","Native managed bytes allocated per benchmark operation; not peak/retained/unmanaged memory","930,5085","1005,1734"
"primary","current","qualified-830951-long-v1-domain0-strings","0","OfficeIMO.Excel.ReaderComparison.Benchmarks","SharedStringBorrowedScanBenchmarks","ExcelReaderBorrowed","RowCount=65536&Storage=Stored","OfficeIMO.Excel.ReaderComparison.Benchmarks.SharedStringBorrowedScanBenchmarks.ExcelReaderBorrowed(RowCount: 65536, Storage: Stored)","83095146282a96143b23a79a7ecca058a24a709b","3.4.4+83095146282a96143b23a79a7ecca058a24a709b","F2853A4C62D5C03C5E3F0CBB7CCBB5776FB63CE58CE8933BE4EBAA4F5887502F","3.4.4+83095146282a96143b23a79a7ecca058a24a709b","B5565DE58D83BFC91F4FFB69A797CE02DFCB10A5A6409323845D05A5732E1A84","5E79575325D94AE8D09B97CD0C1C341EBB6AC0A24C3EEE6AE4817A897F97E7A4",,,"12","23,70525717054263","0,8255846586359941","2490920","Native managed bytes allocated per benchmark operation; not peak/retained/unmanaged memory","955,7167","1075,5798"
"primary","current","qualified-830951-long-v1-domain0-strings","0","OfficeIMO.Excel.ReaderComparison.Benchmarks","SharedStringBorrowedScanBenchmarks","ExcelReaderBorrowedPrefetch","RowCount=65536&Storage=Stored","OfficeIMO.Excel.ReaderComparison.Benchmarks.SharedStringBorrowedScanBenchmarks.ExcelReaderBorrowedPrefetch(RowCount: 65536, Storage: Stored)","83095146282a96143b23a79a7ecca058a24a709b","3.4.4+83095146282a96143b23a79a7ecca058a24a709b","F2853A4C62D5C03C5E3F0CBB7CCBB5776FB63CE58CE8933BE4EBAA4F5887502F","3.4.4+83095146282a96143b23a79a7ecca058a24a709b","B5565DE58D83BFC91F4FFB69A797CE02DFCB10A5A6409323845D05A5732E1A84","5E79575325D94AE8D09B97CD0C1C341EBB6AC0A24C3EEE6AE4817A897F97E7A4",,,"12","23,91108378378378","0,9771179434796078","2541061","Native managed bytes allocated per benchmark operation; not peak/retained/unmanaged memory","830,139","939,4113"
"primary","current","qualified-830951-long-v1-domain0-strings","0","OfficeIMO.Excel.ReaderComparison.Benchmarks","SharedStringFirstRowBenchmarks","ExcelReaderOpenThroughFirstRow","RowCount=65536&Storage=Deflated","OfficeIMO.Excel.ReaderComparison.Benchmarks.SharedStringFirstRowBenchmarks.ExcelReaderOpenThroughFirstRow(RowCount: 65536, Storage: Deflated)","83095146282a96143b23a79a7ecca058a24a709b","3.4.4+83095146282a96143b23a79a7ecca058a24a709b","F2853A4C62D5C03C5E3F0CBB7CCBB5776FB63CE58CE8933BE4EBAA4F5887502F","3.4.4+83095146282a96143b23a79a7ecca058a24a709b","B5565DE58D83BFC91F4FFB69A797CE02DFCB10A5A6409323845D05A5732E1A84","5E79575325D94AE8D09B97CD0C1C341EBB6AC0A24C3EEE6AE4817A897F97E7A4",,,"12","16,30850174731183","0,23209930533373138","908205","Native managed bytes allocated per benchmark operation; not peak/retained/unmanaged memory","991,0867","1037,404"
"primary","current","qualified-830951-long-v1-domain0-strings","0","OfficeIMO.Excel.ReaderComparison.Benchmarks","SharedStringFirstRowBenchmarks","OfficeIMOOpenThroughFirstRow","RowCount=65536&Storage=Deflated","OfficeIMO.Excel.ReaderComparison.Benchmarks.SharedStringFirstRowBenchmarks.OfficeIMOOpenThroughFirstRow(RowCount: 65536, Storage: Deflated)","83095146282a96143b23a79a7ecca058a24a709b","3.4.4+83095146282a96143b23a79a7ecca058a24a709b","F2853A4C62D5C03C5E3F0CBB7CCBB5776FB63CE58CE8933BE4EBAA4F5887502F","3.4.4+83095146282a96143b23a79a7ecca058a24a709b","B5565DE58D83BFC91F4FFB69A797CE02DFCB10A5A6409323845D05A5732E1A84","5E79575325D94AE8D09B97CD0C1C341EBB6AC0A24C3EEE6AE4817A897F97E7A4",,,"12","93,22337272727273","3,7434226302001363","20955372","Native managed bytes allocated per benchmark operation; not peak/retained/unmanaged memory","937,8736","1084,3417"
"primary","current","qualified-830951-long-v1-domain0-strings","0","OfficeIMO.Excel.ReaderComparison.Benchmarks","SharedStringFirstRowBenchmarks","SylvanOpenThroughFirstRow","RowCount=65536&Storage=Deflated","OfficeIMO.Excel.ReaderComparison.Benchmarks.SharedStringFirstRowBenchmarks.SylvanOpenThroughFirstRow(RowCount: 65536, Storage: Deflated)","83095146282a96143b23a79a7ecca058a24a709b","3.4.4+83095146282a96143b23a79a7ecca058a24a709b","F2853A4C62D5C03C5E3F0CBB7CCBB5776FB63CE58CE8933BE4EBAA4F5887502F","3.4.4+83095146282a96143b23a79a7ecca058a24a709b","B5565DE58D83BFC91F4FFB69A797CE02DFCB10A5A6409323845D05A5732E1A84","5E79575325D94AE8D09B97CD0C1C341EBB6AC0A24C3EEE6AE4817A897F97E7A4",,,"12","0,10006453682958538","0,0030207138552628917","328832","Native managed bytes allocated per benchmark operation; not peak/retained/unmanaged memory","1158,1938","1297,551"
"primary","current","qualified-830951-long-v1-domain0-strings","0","OfficeIMO.Excel.ReaderComparison.Benchmarks","SharedStringFirstRowBenchmarks","ExcelReaderOpenThroughFirstRow","RowCount=65536&Storage=Stored","OfficeIMO.Excel.ReaderComparison.Benchmarks.SharedStringFirstRowBenchmarks.ExcelReaderOpenThroughFirstRow(RowCount: 65536, Storage: Stored)","83095146282a96143b23a79a7ecca058a24a709b","3.4.4+83095146282a96143b23a79a7ecca058a24a709b","F2853A4C62D5C03C5E3F0CBB7CCBB5776FB63CE58CE8933BE4EBAA4F5887502F","3.4.4+83095146282a96143b23a79a7ecca058a24a709b","B5565DE58D83BFC91F4FFB69A797CE02DFCB10A5A6409323845D05A5732E1A84","5E79575325D94AE8D09B97CD0C1C341EBB6AC0A24C3EEE6AE4817A897F97E7A4",,,"12","4,215237482993198","0,09166567060664499","801149","Native managed bytes allocated per benchmark operation; not peak/retained/unmanaged memory","996,267","1082,5473"
"primary","current","qualified-830951-long-v1-domain0-strings","0","OfficeIMO.Excel.ReaderComparison.Benchmarks","SharedStringFirstRowBenchmarks","OfficeIMOOpenThroughFirstRow","RowCount=65536&Storage=Stored","OfficeIMO.Excel.ReaderComparison.Benchmarks.SharedStringFirstRowBenchmarks.OfficeIMOOpenThroughFirstRow(RowCount: 65536, Storage: Stored)","83095146282a96143b23a79a7ecca058a24a709b","3.4.4+83095146282a96143b23a79a7ecca058a24a709b","F2853A4C62D5C03C5E3F0CBB7CCBB5776FB63CE58CE8933BE4EBAA4F5887502F","3.4.4+83095146282a96143b23a79a7ecca058a24a709b","B5565DE58D83BFC91F4FFB69A797CE02DFCB10A5A6409323845D05A5732E1A84","5E79575325D94AE8D09B97CD0C1C341EBB6AC0A24C3EEE6AE4817A897F97E7A4",,,"12","71,48495357142856","2,0027041053719006","21213609","Native managed bytes allocated per benchmark operation; not peak/retained/unmanaged memory","959,0338","1062,1094"
"primary","current","qualified-830951-long-v1-domain0-strings","0","OfficeIMO.Excel.ReaderComparison.Benchmarks","SharedStringFirstRowBenchmarks","SylvanOpenThroughFirstRow","RowCount=65536&Storage=Stored","OfficeIMO.Excel.ReaderComparison.Benchmarks.SharedStringFirstRowBenchmarks.SylvanOpenThroughFirstRow(RowCount: 65536, Storage: Stored)","83095146282a96143b23a79a7ecca058a24a709b","3.4.4+83095146282a96143b23a79a7ecca058a24a709b","F2853A4C62D5C03C5E3F0CBB7CCBB5776FB63CE58CE8933BE4EBAA4F5887502F","3.4.4+83095146282a96143b23a79a7ecca058a24a709b","B5565DE58D83BFC91F4FFB69A797CE02DFCB10A5A6409323845D05A5732E1A84","5E79575325D94AE8D09B97CD0C1C341EBB6AC0A24C3EEE6AE4817A897F97E7A4",,,"12","0,08861700834584073","0,012172881686202735","327775","Native managed bytes allocated per benchmark operation; not peak/retained/unmanaged memory","1119,7229","1733,6062"
"primary","current","qualified-830951-long-v1-domain0-strings","0","OfficeIMO.Excel.ReaderComparison.Benchmarks","SharedStringFullScanBenchmarks","ExcelReaderStringsMaterialized","RowCount=65536&Storage=Stored","OfficeIMO.Excel.ReaderComparison.Benchmarks.SharedStringFullScanBenchmarks.ExcelReaderStringsMaterialized(RowCount: 65536, Storage: Stored)","83095146282a96143b23a79a7ecca058a24a709b","3.4.4+83095146282a96143b23a79a7ecca058a24a709b","F2853A4C62D5C03C5E3F0CBB7CCBB5776FB63CE58CE8933BE4EBAA4F5887502F","3.4.4+83095146282a96143b23a79a7ecca058a24a709b","B5565DE58D83BFC91F4FFB69A797CE02DFCB10A5A6409323845D05A5732E1A84","5E79575325D94AE8D09B97CD0C1C341EBB6AC0A24C3EEE6AE4817A897F97E7A4",,,"12","43,74166566666666","1,6320629487534166","15988277","Native managed bytes allocated per benchmark operation; not peak/retained/unmanaged memory","1035,4851","1170,8874"
"primary","current","qualified-830951-long-v1-domain0-strings","0","OfficeIMO.Excel.ReaderComparison.Benchmarks","SharedStringFullScanBenchmarks","OfficeIMOStringsMaterialized","RowCount=65536&Storage=Stored","OfficeIMO.Excel.ReaderComparison.Benchmarks.SharedStringFullScanBenchmarks.OfficeIMOStringsMaterialized(RowCount: 65536, Storage: Stored)","83095146282a96143b23a79a7ecca058a24a709b","3.4.4+83095146282a96143b23a79a7ecca058a24a709b","F2853A4C62D5C03C5E3F0CBB7CCBB5776FB63CE58CE8933BE4EBAA4F5887502F","3.4.4+83095146282a96143b23a79a7ecca058a24a709b","B5565DE58D83BFC91F4FFB69A797CE02DFCB10A5A6409323845D05A5732E1A84","5E79575325D94AE8D09B97CD0C1C341EBB6AC0A24C3EEE6AE4817A897F97E7A4",,,"12","91,61008083333333","2,4268876065238874","24179147","Native managed bytes allocated per benchmark operation; not peak/retained/unmanaged memory","887,1456","966,1678"
"primary","current","qualified-830951-long-v1-domain0-strings","0","OfficeIMO.Excel.ReaderComparison.Benchmarks","SharedStringFullScanBenchmarks","SylvanStringsMaterialized","RowCount=65536&Storage=Stored","OfficeIMO.Excel.ReaderComparison.Benchmarks.SharedStringFullScanBenchmarks.SylvanStringsMaterialized(RowCount: 65536, Storage: Stored)","83095146282a96143b23a79a7ecca058a24a709b","3.4.4+83095146282a96143b23a79a7ecca058a24a709b","F2853A4C62D5C03C5E3F0CBB7CCBB5776FB63CE58CE8933BE4EBAA4F5887502F","3.4.4+83095146282a96143b23a79a7ecca058a24a709b","B5565DE58D83BFC91F4FFB69A797CE02DFCB10A5A6409323845D05A5732E1A84","5E79575325D94AE8D09B97CD0C1C341EBB6AC0A24C3EEE6AE4817A897F97E7A4",,,"12","202,67600208333334","6,8423035020566445","18253142","Native managed bytes allocated per benchmark operation; not peak/retained/unmanaged memory","753,7323","851,3987"
"primary","current","qualified-830951-long-v1-domain0-strings","0","OfficeIMO.Excel.ReaderComparison.Benchmarks","SharedStringUtf8ReadBenchmarks","ExcelReaderBorrowed","Format=Xlsx&RowCount=100000&Storage=Deflated","OfficeIMO.Excel.ReaderComparison.Benchmarks.SharedStringUtf8ReadBenchmarks.ExcelReaderBorrowed(Format: Xlsx, RowCount: 100000, Storage: Deflated)","83095146282a96143b23a79a7ecca058a24a709b","3.4.4+83095146282a96143b23a79a7ecca058a24a709b","F2853A4C62D5C03C5E3F0CBB7CCBB5776FB63CE58CE8933BE4EBAA4F5887502F","3.4.4+83095146282a96143b23a79a7ecca058a24a709b","B5565DE58D83BFC91F4FFB69A797CE02DFCB10A5A6409323845D05A5732E1A84","5E79575325D94AE8D09B97CD0C1C341EBB6AC0A24C3EEE6AE4817A897F97E7A4",,,"12","66,66494","1,3608496173681004","4186713","Native managed bytes allocated per benchmark operation; not peak/retained/unmanaged memory","965,676","1029,9242"
"primary","current","qualified-830951-long-v1-domain0-strings","0","OfficeIMO.Excel.ReaderComparison.Benchmarks","SharedStringUtf8ReadBenchmarks","ExcelReaderBorrowedPrefetch","Format=Xlsx&RowCount=100000&Storage=Deflated","OfficeIMO.Excel.ReaderComparison.Benchmarks.SharedStringUtf8ReadBenchmarks.ExcelReaderBorrowedPrefetch(Format: Xlsx, RowCount: 100000, Storage: Deflated)","83095146282a96143b23a79a7ecca058a24a709b","3.4.4+83095146282a96143b23a79a7ecca058a24a709b","F2853A4C62D5C03C5E3F0CBB7CCBB5776FB63CE58CE8933BE4EBAA4F5887502F","3.4.4+83095146282a96143b23a79a7ecca058a24a709b","B5565DE58D83BFC91F4FFB69A797CE02DFCB10A5A6409323845D05A5732E1A84","5E79575325D94AE8D09B97CD0C1C341EBB6AC0A24C3EEE6AE4817A897F97E7A4",,,"12","44,20311547619047","0,8520397857229771","3142557","Native managed bytes allocated per benchmark operation; not peak/retained/unmanaged memory","894,3812","956,2665"
"primary","current","qualified-830951-long-v1-domain0-strings","0","OfficeIMO.Excel.ReaderComparison.Benchmarks","SharedStringUtf8ReadBenchmarks","OfficeIMOBorrowedSharedUtf8","Format=Xlsx&RowCount=100000&Storage=Deflated","OfficeIMO.Excel.ReaderComparison.Benchmarks.SharedStringUtf8ReadBenchmarks.OfficeIMOBorrowedSharedUtf8(Format: Xlsx, RowCount: 100000, Storage: Deflated)","83095146282a96143b23a79a7ecca058a24a709b","3.4.4+83095146282a96143b23a79a7ecca058a24a709b","F2853A4C62D5C03C5E3F0CBB7CCBB5776FB63CE58CE8933BE4EBAA4F5887502F","3.4.4+83095146282a96143b23a79a7ecca058a24a709b","B5565DE58D83BFC91F4FFB69A797CE02DFCB10A5A6409323845D05A5732E1A84","5E79575325D94AE8D09B97CD0C1C341EBB6AC0A24C3EEE6AE4817A897F97E7A4",,,"12","232,66205","4,422496005329919","93471462","Native managed bytes allocated per benchmark operation; not peak/retained/unmanaged memory","911,0044","955,9103"
"primary","current","qualified-830951-long-v1-domain0-strings","0","OfficeIMO.Excel.ReaderComparison.Benchmarks","SharedStringUtf8ReadBenchmarks","ExcelReaderBorrowed","Format=Xlsx&RowCount=100000&Storage=Stored","OfficeIMO.Excel.ReaderComparison.Benchmarks.SharedStringUtf8ReadBenchmarks.ExcelReaderBorrowed(Format: Xlsx, RowCount: 100000, Storage: Stored)","83095146282a96143b23a79a7ecca058a24a709b","3.4.4+83095146282a96143b23a79a7ecca058a24a709b","F2853A4C62D5C03C5E3F0CBB7CCBB5776FB63CE58CE8933BE4EBAA4F5887502F","3.4.4+83095146282a96143b23a79a7ecca058a24a709b","B5565DE58D83BFC91F4FFB69A797CE02DFCB10A5A6409323845D05A5732E1A84","5E79575325D94AE8D09B97CD0C1C341EBB6AC0A24C3EEE6AE4817A897F97E7A4",,,"12","33,33576309523809","1,3885770491069027","3035472","Native managed bytes allocated per benchmark operation; not peak/retained/unmanaged memory","888,2858","998,0563"
"primary","current","qualified-830951-long-v1-domain0-strings","0","OfficeIMO.Excel.ReaderComparison.Benchmarks","SharedStringUtf8ReadBenchmarks","ExcelReaderBorrowedPrefetch","Format=Xlsx&RowCount=100000&Storage=Stored","OfficeIMO.Excel.ReaderComparison.Benchmarks.SharedStringUtf8ReadBenchmarks.ExcelReaderBorrowedPrefetch(Format: Xlsx, RowCount: 100000, Storage: Stored)","83095146282a96143b23a79a7ecca058a24a709b","3.4.4+83095146282a96143b23a79a7ecca058a24a709b","F2853A4C62D5C03C5E3F0CBB7CCBB5776FB63CE58CE8933BE4EBAA4F5887502F","3.4.4+83095146282a96143b23a79a7ecca058a24a709b","B5565DE58D83BFC91F4FFB69A797CE02DFCB10A5A6409323845D05A5732E1A84","5E79575325D94AE8D09B97CD0C1C341EBB6AC0A24C3EEE6AE4817A897F97E7A4",,,"12","34,15154583333334","2,9392091223065293","3055668","Native managed bytes allocated per benchmark operation; not peak/retained/unmanaged memory","988,4007","1300,626"
"primary","current","qualified-830951-long-v1-domain0-strings","0","OfficeIMO.Excel.ReaderComparison.Benchmarks","SharedStringUtf8ReadBenchmarks","OfficeIMOBorrowedSharedUtf8","Format=Xlsx&RowCount=100000&Storage=Stored","OfficeIMO.Excel.ReaderComparison.Benchmarks.SharedStringUtf8ReadBenchmarks.OfficeIMOBorrowedSharedUtf8(Format: Xlsx, RowCount: 100000, Storage: Stored)","83095146282a96143b23a79a7ecca058a24a709b","3.4.4+83095146282a96143b23a79a7ecca058a24a709b","F2853A4C62D5C03C5E3F0CBB7CCBB5776FB63CE58CE8933BE4EBAA4F5887502F","3.4.4+83095146282a96143b23a79a7ecca058a24a709b","B5565DE58D83BFC91F4FFB69A797CE02DFCB10A5A6409323845D05A5732E1A84","5E79575325D94AE8D09B97CD0C1C341EBB6AC0A24C3EEE6AE4817A897F97E7A4",,,"12","195,6829375","7,888617442005083","93052554","Native managed bytes allocated per benchmark operation; not peak/retained/unmanaged memory","734,7331","835,0701"
"primary","current","qualified-830951-long-v1-domain0-strings","0","OfficeIMO.Excel.ReaderComparison.Benchmarks","SharedStringUtf8ReadBenchmarks","ExcelReaderBorrowed","Format=Xlsb&RowCount=100000&Storage=Deflated","OfficeIMO.Excel.ReaderComparison.Benchmarks.SharedStringUtf8ReadBenchmarks.ExcelReaderBorrowed(Format: Xlsb, RowCount: 100000, Storage: Deflated)","83095146282a96143b23a79a7ecca058a24a709b","3.4.4+83095146282a96143b23a79a7ecca058a24a709b","F2853A4C62D5C03C5E3F0CBB7CCBB5776FB63CE58CE8933BE4EBAA4F5887502F","3.4.4+83095146282a96143b23a79a7ecca058a24a709b","B5565DE58D83BFC91F4FFB69A797CE02DFCB10A5A6409323845D05A5732E1A84","5E79575325D94AE8D09B97CD0C1C341EBB6AC0A24C3EEE6AE4817A897F97E7A4",,,"12","55,13718774509803","1,5954279623064962","4023091","Native managed bytes allocated per benchmark operation; not peak/retained/unmanaged memory","887,1898","978,3152"
"primary","current","qualified-830951-long-v1-domain0-strings","0","OfficeIMO.Excel.ReaderComparison.Benchmarks","SharedStringUtf8ReadBenchmarks","ExcelReaderBorrowedPrefetch","Format=Xlsb&RowCount=100000&Storage=Deflated","OfficeIMO.Excel.ReaderComparison.Benchmarks.SharedStringUtf8ReadBenchmarks.ExcelReaderBorrowedPrefetch(Format: Xlsb, RowCount: 100000, Storage: Deflated)","83095146282a96143b23a79a7ecca058a24a709b","3.4.4+83095146282a96143b23a79a7ecca058a24a709b","F2853A4C62D5C03C5E3F0CBB7CCBB5776FB63CE58CE8933BE4EBAA4F5887502F","3.4.4+83095146282a96143b23a79a7ecca058a24a709b","B5565DE58D83BFC91F4FFB69A797CE02DFCB10A5A6409323845D05A5732E1A84","5E79575325D94AE8D09B97CD0C1C341EBB6AC0A24C3EEE6AE4817A897F97E7A4",,,"12","37,03455673076923","1,3275664970901233","3797779","Native managed bytes allocated per benchmark operation; not peak/retained/unmanaged memory","929,4739","1042,8013"
"primary","current","qualified-830951-long-v1-domain0-strings","0","OfficeIMO.Excel.ReaderComparison.Benchmarks","SharedStringUtf8ReadBenchmarks","OfficeIMOBorrowedSharedUtf8","Format=Xlsb&RowCount=100000&Storage=Deflated","OfficeIMO.Excel.ReaderComparison.Benchmarks.SharedStringUtf8ReadBenchmarks.OfficeIMOBorrowedSharedUtf8(Format: Xlsb, RowCount: 100000, Storage: Deflated)","83095146282a96143b23a79a7ecca058a24a709b","3.4.4+83095146282a96143b23a79a7ecca058a24a709b","F2853A4C62D5C03C5E3F0CBB7CCBB5776FB63CE58CE8933BE4EBAA4F5887502F","3.4.4+83095146282a96143b23a79a7ecca058a24a709b","B5565DE58D83BFC91F4FFB69A797CE02DFCB10A5A6409323845D05A5732E1A84","5E79575325D94AE8D09B97CD0C1C341EBB6AC0A24C3EEE6AE4817A897F97E7A4",,,"12","154,87245357142857","9,858826656156685","118062642","Native managed bytes allocated per benchmark operation; not peak/retained/unmanaged memory","1011,7133","1220,9995"
"primary","current","qualified-830951-long-v1-domain0-strings","0","OfficeIMO.Excel.ReaderComparison.Benchmarks","SharedStringUtf8ReadBenchmarks","ExcelReaderBorrowed","Format=Xlsb&RowCount=100000&Storage=Stored","OfficeIMO.Excel.ReaderComparison.Benchmarks.SharedStringUtf8ReadBenchmarks.ExcelReaderBorrowed(Format: Xlsb, RowCount: 100000, Storage: Stored)","83095146282a96143b23a79a7ecca058a24a709b","3.4.4+83095146282a96143b23a79a7ecca058a24a709b","F2853A4C62D5C03C5E3F0CBB7CCBB5776FB63CE58CE8933BE4EBAA4F5887502F","3.4.4+83095146282a96143b23a79a7ecca058a24a709b","B5565DE58D83BFC91F4FFB69A797CE02DFCB10A5A6409323845D05A5732E1A84","5E79575325D94AE8D09B97CD0C1C341EBB6AC0A24C3EEE6AE4817A897F97E7A4",,,"12","27,691122619047615","0,26325587643416126","3034960","Native managed bytes allocated per benchmark operation; not peak/retained/unmanaged memory","954,2686","981,4971"
"primary","current","qualified-830951-long-v1-domain0-strings","0","OfficeIMO.Excel.ReaderComparison.Benchmarks","SharedStringUtf8ReadBenchmarks","ExcelReaderBorrowedPrefetch","Format=Xlsb&RowCount=100000&Storage=Stored","OfficeIMO.Excel.ReaderComparison.Benchmarks.SharedStringUtf8ReadBenchmarks.ExcelReaderBorrowedPrefetch(Format: Xlsb, RowCount: 100000, Storage: Stored)","83095146282a96143b23a79a7ecca058a24a709b","3.4.4+83095146282a96143b23a79a7ecca058a24a709b","F2853A4C62D5C03C5E3F0CBB7CCBB5776FB63CE58CE8933BE4EBAA4F5887502F","3.4.4+83095146282a96143b23a79a7ecca058a24a709b","B5565DE58D83BFC91F4FFB69A797CE02DFCB10A5A6409323845D05A5732E1A84","5E79575325D94AE8D09B97CD0C1C341EBB6AC0A24C3EEE6AE4817A897F97E7A4",,,"12","34,02915220588235","3,4509463622050376","3548194","Native managed bytes allocated per benchmark operation; not peak/retained/unmanaged memory","997,451","1344,929"
"primary","current","qualified-830951-long-v1-domain0-strings","0","OfficeIMO.Excel.ReaderComparison.Benchmarks","SharedStringUtf8ReadBenchmarks","OfficeIMOBorrowedSharedUtf8","Format=Xlsb&RowCount=100000&Storage=Stored","OfficeIMO.Excel.ReaderComparison.Benchmarks.SharedStringUtf8ReadBenchmarks.OfficeIMOBorrowedSharedUtf8(Format: Xlsb, RowCount: 100000, Storage: Stored)","83095146282a96143b23a79a7ecca058a24a709b","3.4.4+83095146282a96143b23a79a7ecca058a24a709b","F2853A4C62D5C03C5E3F0CBB7CCBB5776FB63CE58CE8933BE4EBAA4F5887502F","3.4.4+83095146282a96143b23a79a7ecca058a24a709b","B5565DE58D83BFC91F4FFB69A797CE02DFCB10A5A6409323845D05A5732E1A84","5E79575325D94AE8D09B97CD0C1C341EBB6AC0A24C3EEE6AE4817A897F97E7A4",,,"12","119,63799583333333","6,198422108599342","116855794","Native managed bytes allocated per benchmark operation; not peak/retained/unmanaged memory","849,6139","1007,2322"
"primary","current","qualified-830951-long-v1-domain0-strings","0","OfficeIMO.Excel.ReaderComparison.Benchmarks","StringHeavyReadBenchmarks","ExcelReaderOriginal","Format=Xlsx&RowCount=65536","OfficeIMO.Excel.ReaderComparison.Benchmarks.StringHeavyReadBenchmarks.ExcelReaderOriginal(Format: Xlsx, RowCount: 65536)","83095146282a96143b23a79a7ecca058a24a709b","3.4.4+83095146282a96143b23a79a7ecca058a24a709b","F2853A4C62D5C03C5E3F0CBB7CCBB5776FB63CE58CE8933BE4EBAA4F5887502F","3.4.4+83095146282a96143b23a79a7ecca058a24a709b","B5565DE58D83BFC91F4FFB69A797CE02DFCB10A5A6409323845D05A5732E1A84","5E79575325D94AE8D09B97CD0C1C341EBB6AC0A24C3EEE6AE4817A897F97E7A4",,,"12","46,17804393939394","1,5222893058229645","2286056","Native managed bytes allocated per benchmark operation; not peak/retained/unmanaged memory","954,4201","1087,7581"
"primary","current","qualified-830951-long-v1-domain0-strings","0","OfficeIMO.Excel.ReaderComparison.Benchmarks","StringHeavyReadBenchmarks","ExcelReaderPrefetch","Format=Xlsx&RowCount=65536","OfficeIMO.Excel.ReaderComparison.Benchmarks.StringHeavyReadBenchmarks.ExcelReaderPrefetch(Format: Xlsx, RowCount: 65536)","83095146282a96143b23a79a7ecca058a24a709b","3.4.4+83095146282a96143b23a79a7ecca058a24a709b","F2853A4C62D5C03C5E3F0CBB7CCBB5776FB63CE58CE8933BE4EBAA4F5887502F","3.4.4+83095146282a96143b23a79a7ecca058a24a709b","B5565DE58D83BFC91F4FFB69A797CE02DFCB10A5A6409323845D05A5732E1A84","5E79575325D94AE8D09B97CD0C1C341EBB6AC0A24C3EEE6AE4817A897F97E7A4",,,"12","26,083364367816092","2,3138913125522778","2370309","Native managed bytes allocated per benchmark operation; not peak/retained/unmanaged memory","698,8222","932,5247"
"primary","current","qualified-830951-long-v1-domain0-strings","0","OfficeIMO.Excel.ReaderComparison.Benchmarks","StringHeavyReadBenchmarks","ExcelReaderMemory","Format=Xlsx&RowCount=65536","OfficeIMO.Excel.ReaderComparison.Benchmarks.StringHeavyReadBenchmarks.ExcelReaderMemory(Format: Xlsx, RowCount: 65536)","83095146282a96143b23a79a7ecca058a24a709b","3.4.4+83095146282a96143b23a79a7ecca058a24a709b","F2853A4C62D5C03C5E3F0CBB7CCBB5776FB63CE58CE8933BE4EBAA4F5887502F","3.4.4+83095146282a96143b23a79a7ecca058a24a709b","B5565DE58D83BFC91F4FFB69A797CE02DFCB10A5A6409323845D05A5732E1A84","5E79575325D94AE8D09B97CD0C1C341EBB6AC0A24C3EEE6AE4817A897F97E7A4",,,"12","37,88563777777778","5,816880539483069","2285800","Native managed bytes allocated per benchmark operation; not peak/retained/unmanaged memory","974,5686","1456,042"
"primary","current","qualified-830951-long-v1-domain0-strings","0","OfficeIMO.Excel.ReaderComparison.Benchmarks","StringHeavyReadBenchmarks","OfficeIMOBytes","Format=Xlsx&RowCount=65536","OfficeIMO.Excel.ReaderComparison.Benchmarks.StringHeavyReadBenchmarks.OfficeIMOBytes(Format: Xlsx, RowCount: 65536)","83095146282a96143b23a79a7ecca058a24a709b","3.4.4+83095146282a96143b23a79a7ecca058a24a709b","F2853A4C62D5C03C5E3F0CBB7CCBB5776FB63CE58CE8933BE4EBAA4F5887502F","3.4.4+83095146282a96143b23a79a7ecca058a24a709b","B5565DE58D83BFC91F4FFB69A797CE02DFCB10A5A6409323845D05A5732E1A84","5E79575325D94AE8D09B97CD0C1C341EBB6AC0A24C3EEE6AE4817A897F97E7A4",,,"12","101,55778125","2,4688336547190244","20035860","Native managed bytes allocated per benchmark operation; not peak/retained/unmanaged memory","384,8041","422,0007"
"primary","current","qualified-830951-long-v1-domain0-strings","0","OfficeIMO.Excel.ReaderComparison.Benchmarks","StringHeavyReadBenchmarks","OfficeIMOStream","Format=Xlsx&RowCount=65536","OfficeIMO.Excel.ReaderComparison.Benchmarks.StringHeavyReadBenchmarks.OfficeIMOStream(Format: Xlsx, RowCount: 65536)","83095146282a96143b23a79a7ecca058a24a709b","3.4.4+83095146282a96143b23a79a7ecca058a24a709b","F2853A4C62D5C03C5E3F0CBB7CCBB5776FB63CE58CE8933BE4EBAA4F5887502F","3.4.4+83095146282a96143b23a79a7ecca058a24a709b","B5565DE58D83BFC91F4FFB69A797CE02DFCB10A5A6409323845D05A5732E1A84","5E79575325D94AE8D09B97CD0C1C341EBB6AC0A24C3EEE6AE4817A897F97E7A4",,,"12","106,82093611111111","3,094448852025678","26688578","Native managed bytes allocated per benchmark operation; not peak/retained/unmanaged memory","923,721","1023,5709"
"primary","current","qualified-830951-long-v1-domain0-strings","0","OfficeIMO.Excel.ReaderComparison.Benchmarks","StringHeavyReadBenchmarks","Sylvan","Format=Xlsx&RowCount=65536","OfficeIMO.Excel.ReaderComparison.Benchmarks.StringHeavyReadBenchmarks.Sylvan(Format: Xlsx, RowCount: 65536)","83095146282a96143b23a79a7ecca058a24a709b","3.4.4+83095146282a96143b23a79a7ecca058a24a709b","F2853A4C62D5C03C5E3F0CBB7CCBB5776FB63CE58CE8933BE4EBAA4F5887502F","3.4.4+83095146282a96143b23a79a7ecca058a24a709b","B5565DE58D83BFC91F4FFB69A797CE02DFCB10A5A6409323845D05A5732E1A84","5E79575325D94AE8D09B97CD0C1C341EBB6AC0A24C3EEE6AE4817A897F97E7A4",,,"12","219,17436041666664","6,022490755421962","18253424","Native managed bytes allocated per benchmark operation; not peak/retained/unmanaged memory","846,1323","925,173"
"primary","current","qualified-830951-long-v1-domain0-strings","0","OfficeIMO.Excel.ReaderComparison.Benchmarks","StringHeavyReadBenchmarks","ExcelReaderOriginal","Format=Xlsb&RowCount=65536","OfficeIMO.Excel.ReaderComparison.Benchmarks.StringHeavyReadBenchmarks.ExcelReaderOriginal(Format: Xlsb, RowCount: 65536)","83095146282a96143b23a79a7ecca058a24a709b","3.4.4+83095146282a96143b23a79a7ecca058a24a709b","F2853A4C62D5C03C5E3F0CBB7CCBB5776FB63CE58CE8933BE4EBAA4F5887502F","3.4.4+83095146282a96143b23a79a7ecca058a24a709b","B5565DE58D83BFC91F4FFB69A797CE02DFCB10A5A6409323845D05A5732E1A84","5E79575325D94AE8D09B97CD0C1C341EBB6AC0A24C3EEE6AE4817A897F97E7A4",,,"12","40,008453124999996","1,4284256402330742","2285544","Native managed bytes allocated per benchmark operation; not peak/retained/unmanaged memory","896,9745","1016,4382"
"primary","current","qualified-830951-long-v1-domain0-strings","0","OfficeIMO.Excel.ReaderComparison.Benchmarks","StringHeavyReadBenchmarks","ExcelReaderPrefetch","Format=Xlsb&RowCount=65536","OfficeIMO.Excel.ReaderComparison.Benchmarks.StringHeavyReadBenchmarks.ExcelReaderPrefetch(Format: Xlsb, RowCount: 65536)","83095146282a96143b23a79a7ecca058a24a709b","3.4.4+83095146282a96143b23a79a7ecca058a24a709b","F2853A4C62D5C03C5E3F0CBB7CCBB5776FB63CE58CE8933BE4EBAA4F5887502F","3.4.4+83095146282a96143b23a79a7ecca058a24a709b","B5565DE58D83BFC91F4FFB69A797CE02DFCB10A5A6409323845D05A5732E1A84","5E79575325D94AE8D09B97CD0C1C341EBB6AC0A24C3EEE6AE4817A897F97E7A4",,,"12","31,15574401709402","1,7855556154098131","2793765","Native managed bytes allocated per benchmark operation; not peak/retained/unmanaged memory","1121,4043","1404,4739"
"primary","current","qualified-830951-long-v1-domain0-strings","0","OfficeIMO.Excel.ReaderComparison.Benchmarks","StringHeavyReadBenchmarks","ExcelReaderMemory","Format=Xlsb&RowCount=65536","OfficeIMO.Excel.ReaderComparison.Benchmarks.StringHeavyReadBenchmarks.ExcelReaderMemory(Format: Xlsb, RowCount: 65536)","83095146282a96143b23a79a7ecca058a24a709b","3.4.4+83095146282a96143b23a79a7ecca058a24a709b","F2853A4C62D5C03C5E3F0CBB7CCBB5776FB63CE58CE8933BE4EBAA4F5887502F","3.4.4+83095146282a96143b23a79a7ecca058a24a709b","B5565DE58D83BFC91F4FFB69A797CE02DFCB10A5A6409323845D05A5732E1A84","5E79575325D94AE8D09B97CD0C1C341EBB6AC0A24C3EEE6AE4817A897F97E7A4",,,"12","39,491670486111104","0,7699888447052413","7490115","Native managed bytes allocated per benchmark operation; not peak/retained/unmanaged memory","916,7364","971,7509"
"primary","current","qualified-830951-long-v1-domain0-strings","0","OfficeIMO.Excel.ReaderComparison.Benchmarks","StringHeavyReadBenchmarks","OfficeIMOBytes","Format=Xlsb&RowCount=65536","OfficeIMO.Excel.ReaderComparison.Benchmarks.StringHeavyReadBenchmarks.OfficeIMOBytes(Format: Xlsb, RowCount: 65536)","83095146282a96143b23a79a7ecca058a24a709b","3.4.4+83095146282a96143b23a79a7ecca058a24a709b","F2853A4C62D5C03C5E3F0CBB7CCBB5776FB63CE58CE8933BE4EBAA4F5887502F","3.4.4+83095146282a96143b23a79a7ecca058a24a709b","B5565DE58D83BFC91F4FFB69A797CE02DFCB10A5A6409323845D05A5732E1A84","5E79575325D94AE8D09B97CD0C1C341EBB6AC0A24C3EEE6AE4817A897F97E7A4",,,"12","63,53300722222222","2,0093421032171883","33078979","Native managed bytes allocated per benchmark operation; not peak/retained/unmanaged memory","909,3214","1009,8749"
"primary","current","qualified-830951-long-v1-domain0-strings","0","OfficeIMO.Excel.ReaderComparison.Benchmarks","StringHeavyReadBenchmarks","OfficeIMOStream","Format=Xlsb&RowCount=65536","OfficeIMO.Excel.ReaderComparison.Benchmarks.StringHeavyReadBenchmarks.OfficeIMOStream(Format: Xlsb, RowCount: 65536)","83095146282a96143b23a79a7ecca058a24a709b","3.4.4+83095146282a96143b23a79a7ecca058a24a709b","F2853A4C62D5C03C5E3F0CBB7CCBB5776FB63CE58CE8933BE4EBAA4F5887502F","3.4.4+83095146282a96143b23a79a7ecca058a24a709b","B5565DE58D83BFC91F4FFB69A797CE02DFCB10A5A6409323845D05A5732E1A84","5E79575325D94AE8D09B97CD0C1C341EBB6AC0A24C3EEE6AE4817A897F97E7A4",,,"12","69,32754642857142","1,960702632188065","48401793","Native managed bytes allocated per benchmark operation; not peak/retained/unmanaged memory","918,7807","1009,7483"
"primary","current","qualified-830951-long-v1-domain0-strings","0","OfficeIMO.Excel.ReaderComparison.Benchmarks","StringHeavyReadBenchmarks","Sylvan","Format=Xlsb&RowCount=65536","OfficeIMO.Excel.ReaderComparison.Benchmarks.StringHeavyReadBenchmarks.Sylvan(Format: Xlsb, RowCount: 65536)","83095146282a96143b23a79a7ecca058a24a709b","3.4.4+83095146282a96143b23a79a7ecca058a24a709b","F2853A4C62D5C03C5E3F0CBB7CCBB5776FB63CE58CE8933BE4EBAA4F5887502F","3.4.4+83095146282a96143b23a79a7ecca058a24a709b","B5565DE58D83BFC91F4FFB69A797CE02DFCB10A5A6409323845D05A5732E1A84","5E79575325D94AE8D09B97CD0C1C341EBB6AC0A24C3EEE6AE4817A897F97E7A4",,,"12","68,32208958333332","4,471294518489563","18228764","Native managed bytes allocated per benchmark operation; not peak/retained/unmanaged memory","239,2738","313,9862"
"primary","current","qualified-830951-long-v1-domain0-ado","0","OfficeIMO.Excel.ReaderComparison.Benchmarks","AdoReadBenchmarks","ExcelReader","RowCount=50000&Access=GetValue","OfficeIMO.Excel.ReaderComparison.Benchmarks.AdoReadBenchmarks.ExcelReader(RowCount: 50000, Access: GetValue)","83095146282a96143b23a79a7ecca058a24a709b","3.4.4+83095146282a96143b23a79a7ecca058a24a709b","F2853A4C62D5C03C5E3F0CBB7CCBB5776FB63CE58CE8933BE4EBAA4F5887502F","3.4.4+83095146282a96143b23a79a7ecca058a24a709b","B5565DE58D83BFC91F4FFB69A797CE02DFCB10A5A6409323845D05A5732E1A84","5E79575325D94AE8D09B97CD0C1C341EBB6AC0A24C3EEE6AE4817A897F97E7A4",,,"15","10,359121521739128","0,5849951545409147","5259829","Native managed bytes allocated per benchmark operation; not peak/retained/unmanaged memory","862,8672","1069,9179"
"primary","current","qualified-830951-long-v1-domain0-ado","0","OfficeIMO.Excel.ReaderComparison.Benchmarks","AdoReadBenchmarks","OfficeIMO","RowCount=50000&Access=GetValue","OfficeIMO.Excel.ReaderComparison.Benchmarks.AdoReadBenchmarks.OfficeIMO(RowCount: 50000, Access: GetValue)","83095146282a96143b23a79a7ecca058a24a709b","3.4.4+83095146282a96143b23a79a7ecca058a24a709b","F2853A4C62D5C03C5E3F0CBB7CCBB5776FB63CE58CE8933BE4EBAA4F5887502F","3.4.4+83095146282a96143b23a79a7ecca058a24a709b","B5565DE58D83BFC91F4FFB69A797CE02DFCB10A5A6409323845D05A5732E1A84","5E79575325D94AE8D09B97CD0C1C341EBB6AC0A24C3EEE6AE4817A897F97E7A4",,,"15","14,931190175438594","0,7322100316700809","4589909","Native managed bytes allocated per benchmark operation; not peak/retained/unmanaged memory","251,7698","306,5984"
"primary","current","qualified-830951-long-v1-domain0-ado","0","OfficeIMO.Excel.ReaderComparison.Benchmarks","AdoReadBenchmarks","Sylvan","RowCount=50000&Access=GetValue","OfficeIMO.Excel.ReaderComparison.Benchmarks.AdoReadBenchmarks.Sylvan(RowCount: 50000, Access: GetValue)","83095146282a96143b23a79a7ecca058a24a709b","3.4.4+83095146282a96143b23a79a7ecca058a24a709b","F2853A4C62D5C03C5E3F0CBB7CCBB5776FB63CE58CE8933BE4EBAA4F5887502F","3.4.4+83095146282a96143b23a79a7ecca058a24a709b","B5565DE58D83BFC91F4FFB69A797CE02DFCB10A5A6409323845D05A5732E1A84","5E79575325D94AE8D09B97CD0C1C341EBB6AC0A24C3EEE6AE4817A897F97E7A4",,,"15","37,02386315789474","3,4149534712229","8584059","Native managed bytes allocated per benchmark operation; not peak/retained/unmanaged memory","627,6708","858,4235"
"primary","current","qualified-830951-long-v1-domain0-ado","0","OfficeIMO.Excel.ReaderComparison.Benchmarks","AdoReadBenchmarks","ExcelReader","RowCount=50000&Access=TypedGetters","OfficeIMO.Excel.ReaderComparison.Benchmarks.AdoReadBenchmarks.ExcelReader(RowCount: 50000, Access: TypedGetters)","83095146282a96143b23a79a7ecca058a24a709b","3.4.4+83095146282a96143b23a79a7ecca058a24a709b","F2853A4C62D5C03C5E3F0CBB7CCBB5776FB63CE58CE8933BE4EBAA4F5887502F","3.4.4+83095146282a96143b23a79a7ecca058a24a709b","B5565DE58D83BFC91F4FFB69A797CE02DFCB10A5A6409323845D05A5732E1A84","5E79575325D94AE8D09B97CD0C1C341EBB6AC0A24C3EEE6AE4817A897F97E7A4",,,"15","8,51067461352657","1,0626284146752445","1658107","Native managed bytes allocated per benchmark operation; not peak/retained/unmanaged memory","964,9388","1395,604"
"primary","current","qualified-830951-long-v1-domain0-ado","0","OfficeIMO.Excel.ReaderComparison.Benchmarks","AdoReadBenchmarks","OfficeIMO","RowCount=50000&Access=TypedGetters","OfficeIMO.Excel.ReaderComparison.Benchmarks.AdoReadBenchmarks.OfficeIMO(RowCount: 50000, Access: TypedGetters)","83095146282a96143b23a79a7ecca058a24a709b","3.4.4+83095146282a96143b23a79a7ecca058a24a709b","F2853A4C62D5C03C5E3F0CBB7CCBB5776FB63CE58CE8933BE4EBAA4F5887502F","3.4.4+83095146282a96143b23a79a7ecca058a24a709b","B5565DE58D83BFC91F4FFB69A797CE02DFCB10A5A6409323845D05A5732E1A84","5E79575325D94AE8D09B97CD0C1C341EBB6AC0A24C3EEE6AE4817A897F97E7A4",,,"15","12,572600952380952","0,4564520149105903","852999","Native managed bytes allocated per benchmark operation; not peak/retained/unmanaged memory","161,0056","188,3566"
"primary","current","qualified-830951-long-v1-domain0-ado","0","OfficeIMO.Excel.ReaderComparison.Benchmarks","AdoReadBenchmarks","Sylvan","RowCount=50000&Access=TypedGetters","OfficeIMO.Excel.ReaderComparison.Benchmarks.AdoReadBenchmarks.Sylvan(RowCount: 50000, Access: TypedGetters)","83095146282a96143b23a79a7ecca058a24a709b","3.4.4+83095146282a96143b23a79a7ecca058a24a709b","F2853A4C62D5C03C5E3F0CBB7CCBB5776FB63CE58CE8933BE4EBAA4F5887502F","3.4.4+83095146282a96143b23a79a7ecca058a24a709b","B5565DE58D83BFC91F4FFB69A797CE02DFCB10A5A6409323845D05A5732E1A84","5E79575325D94AE8D09B97CD0C1C341EBB6AC0A24C3EEE6AE4817A897F97E7A4",,,"15","36,20389319444444","6,681679006602977","1986169","Native managed bytes allocated per benchmark operation; not peak/retained/unmanaged memory","656,8932","1179,1951"
"primary","current","qualified-830951-long-v1-domain0-ado","0","OfficeIMO.Excel.ReaderComparison.Benchmarks","AdoReadBenchmarks","ExcelReader","RowCount=50000&Access=Utf8TextCopy","OfficeIMO.Excel.ReaderComparison.Benchmarks.AdoReadBenchmarks.ExcelReader(RowCount: 50000, Access: Utf8TextCopy)","83095146282a96143b23a79a7ecca058a24a709b","3.4.4+83095146282a96143b23a79a7ecca058a24a709b","F2853A4C62D5C03C5E3F0CBB7CCBB5776FB63CE58CE8933BE4EBAA4F5887502F","3.4.4+83095146282a96143b23a79a7ecca058a24a709b","B5565DE58D83BFC91F4FFB69A797CE02DFCB10A5A6409323845D05A5732E1A84","5E79575325D94AE8D09B97CD0C1C341EBB6AC0A24C3EEE6AE4817A897F97E7A4",,,"15","8,129879103641455","0,4918459476060646","4664","Native managed bytes allocated per benchmark operation; not peak/retained/unmanaged memory","882,4287","1122,6093"
"primary","current","qualified-830951-long-v1-domain0-ado","0","OfficeIMO.Excel.ReaderComparison.Benchmarks","AdoReadBenchmarks","OfficeIMO","RowCount=50000&Access=Utf8TextCopy","OfficeIMO.Excel.ReaderComparison.Benchmarks.AdoReadBenchmarks.OfficeIMO(RowCount: 50000, Access: Utf8TextCopy)","83095146282a96143b23a79a7ecca058a24a709b","3.4.4+83095146282a96143b23a79a7ecca058a24a709b","F2853A4C62D5C03C5E3F0CBB7CCBB5776FB63CE58CE8933BE4EBAA4F5887502F","3.4.4+83095146282a96143b23a79a7ecca058a24a709b","B5565DE58D83BFC91F4FFB69A797CE02DFCB10A5A6409323845D05A5732E1A84","5E79575325D94AE8D09B97CD0C1C341EBB6AC0A24C3EEE6AE4817A897F97E7A4",,,"15","9,596793543859647","0,41659275442545673","852975","Native managed bytes allocated per benchmark operation; not peak/retained/unmanaged memory","825,3524","977,191"
"primary","current","qualified-830951-long-v1-domain0-ado","0","OfficeIMO.Excel.ReaderComparison.Benchmarks","AdoReadBenchmarks","Sylvan","RowCount=50000&Access=Utf8TextCopy","OfficeIMO.Excel.ReaderComparison.Benchmarks.AdoReadBenchmarks.Sylvan(RowCount: 50000, Access: Utf8TextCopy)","83095146282a96143b23a79a7ecca058a24a709b","3.4.4+83095146282a96143b23a79a7ecca058a24a709b","F2853A4C62D5C03C5E3F0CBB7CCBB5776FB63CE58CE8933BE4EBAA4F5887502F","3.4.4+83095146282a96143b23a79a7ecca058a24a709b","B5565DE58D83BFC91F4FFB69A797CE02DFCB10A5A6409323845D05A5732E1A84","5E79575325D94AE8D09B97CD0C1C341EBB6AC0A24C3EEE6AE4817A897F97E7A4",,,"15","38,674323589743594","1,341671419723741","4386168","Native managed bytes allocated per benchmark operation; not peak/retained/unmanaged memory","923,9209","1060,4549"
"primary","current","qualified-830951-long-v2-domain0-writing","0","OfficeIMO.Excel.ReaderComparison.Benchmarks","ArrowStringWriterBenchmarks","ExcelReaderRecordBatch","","OfficeIMO.Excel.ReaderComparison.Benchmarks.ArrowStringWriterBenchmarks.ExcelReaderRecordBatch","83095146282a96143b23a79a7ecca058a24a709b","3.4.4+83095146282a96143b23a79a7ecca058a24a709b","F2853A4C62D5C03C5E3F0CBB7CCBB5776FB63CE58CE8933BE4EBAA4F5887502F","3.4.4+83095146282a96143b23a79a7ecca058a24a709b","B5565DE58D83BFC91F4FFB69A797CE02DFCB10A5A6409323845D05A5732E1A84","5E79575325D94AE8D09B97CD0C1C341EBB6AC0A24C3EEE6AE4817A897F97E7A4","C52377235F70A38C61333009FFA2CC97C0BE2B3C102041CB127587B09AB32A95","CEDF3A831603914A5E024C980CCA65AAAAF25544D98538BC416E963DD8632B12","12","25,029855797101455","1,6329801842351304","18754","Native managed bytes allocated per benchmark operation; not peak/retained/unmanaged memory","1039,9748","1264,0677"
"primary","current","qualified-830951-long-v2-domain0-writing","0","OfficeIMO.Excel.ReaderComparison.Benchmarks","ArrowStringWriterBenchmarks","OfficeIMOPublicRowOrchestration","","OfficeIMO.Excel.ReaderComparison.Benchmarks.ArrowStringWriterBenchmarks.OfficeIMOPublicRowOrchestration","83095146282a96143b23a79a7ecca058a24a709b","3.4.4+83095146282a96143b23a79a7ecca058a24a709b","F2853A4C62D5C03C5E3F0CBB7CCBB5776FB63CE58CE8933BE4EBAA4F5887502F","3.4.4+83095146282a96143b23a79a7ecca058a24a709b","B5565DE58D83BFC91F4FFB69A797CE02DFCB10A5A6409323845D05A5732E1A84","5E79575325D94AE8D09B97CD0C1C341EBB6AC0A24C3EEE6AE4817A897F97E7A4","C52377235F70A38C61333009FFA2CC97C0BE2B3C102041CB127587B09AB32A95","CEDF3A831603914A5E024C980CCA65AAAAF25544D98538BC416E963DD8632B12","12","56,635732352941176","3,496321742150389","1148427","Native managed bytes allocated per benchmark operation; not peak/retained/unmanaged memory","865,0886","1056,6514"
"primary","current","qualified-830951-long-v2-domain0-writing","0","OfficeIMO.Excel.ReaderComparison.Benchmarks","CompactWriterBenchmarks","OfficeIMOWithoutReferences","RowCount=50000","OfficeIMO.Excel.ReaderComparison.Benchmarks.CompactWriterBenchmarks.OfficeIMOWithoutReferences(RowCount: 50000)","83095146282a96143b23a79a7ecca058a24a709b","3.4.4+83095146282a96143b23a79a7ecca058a24a709b","F2853A4C62D5C03C5E3F0CBB7CCBB5776FB63CE58CE8933BE4EBAA4F5887502F","3.4.4+83095146282a96143b23a79a7ecca058a24a709b","B5565DE58D83BFC91F4FFB69A797CE02DFCB10A5A6409323845D05A5732E1A84","5E79575325D94AE8D09B97CD0C1C341EBB6AC0A24C3EEE6AE4817A897F97E7A4","C52377235F70A38C61333009FFA2CC97C0BE2B3C102041CB127587B09AB32A95","CEDF3A831603914A5E024C980CCA65AAAAF25544D98538BC416E963DD8632B12","12","10,371096233974358","0,26834604140608576","4235560","Native managed bytes allocated per benchmark operation; not peak/retained/unmanaged memory","1032,2751","1122,6736"
"primary","current","qualified-830951-long-v2-domain0-writing","0","OfficeIMO.Excel.ReaderComparison.Benchmarks","CompactWriterBenchmarks","ExcelReaderWriter","RowCount=50000","OfficeIMO.Excel.ReaderComparison.Benchmarks.CompactWriterBenchmarks.ExcelReaderWriter(RowCount: 50000)","83095146282a96143b23a79a7ecca058a24a709b","3.4.4+83095146282a96143b23a79a7ecca058a24a709b","F2853A4C62D5C03C5E3F0CBB7CCBB5776FB63CE58CE8933BE4EBAA4F5887502F","3.4.4+83095146282a96143b23a79a7ecca058a24a709b","B5565DE58D83BFC91F4FFB69A797CE02DFCB10A5A6409323845D05A5732E1A84","5E79575325D94AE8D09B97CD0C1C341EBB6AC0A24C3EEE6AE4817A897F97E7A4","C52377235F70A38C61333009FFA2CC97C0BE2B3C102041CB127587B09AB32A95","CEDF3A831603914A5E024C980CCA65AAAAF25544D98538BC416E963DD8632B12","12","9,61037340425532","0,510172753013429","4216296","Native managed bytes allocated per benchmark operation; not peak/retained/unmanaged memory","847,8408","995,4983"
"primary","current","qualified-830951-long-v2-domain0-writing","0","OfficeIMO.Excel.ReaderComparison.Benchmarks","CompactWriterBenchmarks","ExcelReaderWriterPrefetch","RowCount=50000","OfficeIMO.Excel.ReaderComparison.Benchmarks.CompactWriterBenchmarks.ExcelReaderWriterPrefetch(RowCount: 50000)","83095146282a96143b23a79a7ecca058a24a709b","3.4.4+83095146282a96143b23a79a7ecca058a24a709b","F2853A4C62D5C03C5E3F0CBB7CCBB5776FB63CE58CE8933BE4EBAA4F5887502F","3.4.4+83095146282a96143b23a79a7ecca058a24a709b","B5565DE58D83BFC91F4FFB69A797CE02DFCB10A5A6409323845D05A5732E1A84","5E79575325D94AE8D09B97CD0C1C341EBB6AC0A24C3EEE6AE4817A897F97E7A4","C52377235F70A38C61333009FFA2CC97C0BE2B3C102041CB127587B09AB32A95","CEDF3A831603914A5E024C980CCA65AAAAF25544D98538BC416E963DD8632B12","12","6,7391780590717305","0,31361063630253766","4261965","Native managed bytes allocated per benchmark operation; not peak/retained/unmanaged memory","981,0312","1147,3417"
"primary","current","qualified-830951-long-v2-domain0-writing","0","OfficeIMO.Excel.ReaderComparison.Benchmarks","ConfiguredXlsbWriterBenchmarks","OfficeIMOModelAndSaveInlineStrings","RowCount=50000","OfficeIMO.Excel.ReaderComparison.Benchmarks.ConfiguredXlsbWriterBenchmarks.OfficeIMOModelAndSaveInlineStrings(RowCount: 50000)","83095146282a96143b23a79a7ecca058a24a709b","3.4.4+83095146282a96143b23a79a7ecca058a24a709b","F2853A4C62D5C03C5E3F0CBB7CCBB5776FB63CE58CE8933BE4EBAA4F5887502F","3.4.4+83095146282a96143b23a79a7ecca058a24a709b","B5565DE58D83BFC91F4FFB69A797CE02DFCB10A5A6409323845D05A5732E1A84","5E79575325D94AE8D09B97CD0C1C341EBB6AC0A24C3EEE6AE4817A897F97E7A4","C52377235F70A38C61333009FFA2CC97C0BE2B3C102041CB127587B09AB32A95","CEDF3A831603914A5E024C980CCA65AAAAF25544D98538BC416E963DD8632B12","12","864,2952354166666","86,16901533932419","461361754","Native managed bytes allocated per benchmark operation; not peak/retained/unmanaged memory","2856,5579","3903,8676"
"primary","current","qualified-830951-long-v2-domain0-writing","0","OfficeIMO.Excel.ReaderComparison.Benchmarks","ConfiguredXlsbWriterBenchmarks","OfficeIMOModelAndSaveSharedStrings","RowCount=50000","OfficeIMO.Excel.ReaderComparison.Benchmarks.ConfiguredXlsbWriterBenchmarks.OfficeIMOModelAndSaveSharedStrings(RowCount: 50000)","83095146282a96143b23a79a7ecca058a24a709b","3.4.4+83095146282a96143b23a79a7ecca058a24a709b","F2853A4C62D5C03C5E3F0CBB7CCBB5776FB63CE58CE8933BE4EBAA4F5887502F","3.4.4+83095146282a96143b23a79a7ecca058a24a709b","B5565DE58D83BFC91F4FFB69A797CE02DFCB10A5A6409323845D05A5732E1A84","5E79575325D94AE8D09B97CD0C1C341EBB6AC0A24C3EEE6AE4817A897F97E7A4","C52377235F70A38C61333009FFA2CC97C0BE2B3C102041CB127587B09AB32A95","CEDF3A831603914A5E024C980CCA65AAAAF25544D98538BC416E963DD8632B12","12","894,0272625","134,84953039067602","451014222","Native managed bytes allocated per benchmark operation; not peak/retained/unmanaged memory","2949,176","4375,1216"
"primary","current","qualified-830951-long-v2-domain0-writing","0","OfficeIMO.Excel.ReaderComparison.Benchmarks","ConfiguredXlsbWriterBenchmarks","ExcelReaderXlsbWriterSharedStrings","RowCount=50000","OfficeIMO.Excel.ReaderComparison.Benchmarks.ConfiguredXlsbWriterBenchmarks.ExcelReaderXlsbWriterSharedStrings(RowCount: 50000)","83095146282a96143b23a79a7ecca058a24a709b","3.4.4+83095146282a96143b23a79a7ecca058a24a709b","F2853A4C62D5C03C5E3F0CBB7CCBB5776FB63CE58CE8933BE4EBAA4F5887502F","3.4.4+83095146282a96143b23a79a7ecca058a24a709b","B5565DE58D83BFC91F4FFB69A797CE02DFCB10A5A6409323845D05A5732E1A84","5E79575325D94AE8D09B97CD0C1C341EBB6AC0A24C3EEE6AE4817A897F97E7A4","C52377235F70A38C61333009FFA2CC97C0BE2B3C102041CB127587B09AB32A95","CEDF3A831603914A5E024C980CCA65AAAAF25544D98538BC416E963DD8632B12","12","7,246943279569892","0,6756863096062947","4254703","Native managed bytes allocated per benchmark operation; not peak/retained/unmanaged memory","761,6012","993,8909"
"primary","current","qualified-830951-long-v2-domain0-writing","0","OfficeIMO.Excel.ReaderComparison.Benchmarks","ConfiguredXlsbWriterBenchmarks","ExcelReaderXlsbWriterPrefetch","RowCount=50000","OfficeIMO.Excel.ReaderComparison.Benchmarks.ConfiguredXlsbWriterBenchmarks.ExcelReaderXlsbWriterPrefetch(RowCount: 50000)","83095146282a96143b23a79a7ecca058a24a709b","3.4.4+83095146282a96143b23a79a7ecca058a24a709b","F2853A4C62D5C03C5E3F0CBB7CCBB5776FB63CE58CE8933BE4EBAA4F5887502F","3.4.4+83095146282a96143b23a79a7ecca058a24a709b","B5565DE58D83BFC91F4FFB69A797CE02DFCB10A5A6409323845D05A5732E1A84","5E79575325D94AE8D09B97CD0C1C341EBB6AC0A24C3EEE6AE4817A897F97E7A4","C52377235F70A38C61333009FFA2CC97C0BE2B3C102041CB127587B09AB32A95","CEDF3A831603914A5E024C980CCA65AAAAF25544D98538BC416E963DD8632B12","12","4,681036192810457","0,12077127629130723","4228261","Native managed bytes allocated per benchmark operation; not peak/retained/unmanaged memory","913,0125","989,8172"
"primary","current","qualified-830951-long-v2-domain0-writing","0","OfficeIMO.Excel.ReaderComparison.Benchmarks","MappedRecordWriterBenchmarks","OfficeIMOPublicTypedWrite","Format=Xlsx&RowCount=50000","OfficeIMO.Excel.ReaderComparison.Benchmarks.MappedRecordWriterBenchmarks.OfficeIMOPublicTypedWrite(Format: Xlsx, RowCount: 50000)","83095146282a96143b23a79a7ecca058a24a709b","3.4.4+83095146282a96143b23a79a7ecca058a24a709b","F2853A4C62D5C03C5E3F0CBB7CCBB5776FB63CE58CE8933BE4EBAA4F5887502F","3.4.4+83095146282a96143b23a79a7ecca058a24a709b","B5565DE58D83BFC91F4FFB69A797CE02DFCB10A5A6409323845D05A5732E1A84","5E79575325D94AE8D09B97CD0C1C341EBB6AC0A24C3EEE6AE4817A897F97E7A4","C52377235F70A38C61333009FFA2CC97C0BE2B3C102041CB127587B09AB32A95","CEDF3A831603914A5E024C980CCA65AAAAF25544D98538BC416E963DD8632B12","12","16,991999743589744","0,9516786188263824","4234975","Native managed bytes allocated per benchmark operation; not peak/retained/unmanaged memory","1012,1436","1187,2721"
"primary","current","qualified-830951-long-v2-domain0-writing","0","OfficeIMO.Excel.ReaderComparison.Benchmarks","MappedRecordWriterBenchmarks","ExcelReaderMappedRecords","Format=Xlsx&RowCount=50000","OfficeIMO.Excel.ReaderComparison.Benchmarks.MappedRecordWriterBenchmarks.ExcelReaderMappedRecords(Format: Xlsx, RowCount: 50000)","83095146282a96143b23a79a7ecca058a24a709b","3.4.4+83095146282a96143b23a79a7ecca058a24a709b","F2853A4C62D5C03C5E3F0CBB7CCBB5776FB63CE58CE8933BE4EBAA4F5887502F","3.4.4+83095146282a96143b23a79a7ecca058a24a709b","B5565DE58D83BFC91F4FFB69A797CE02DFCB10A5A6409323845D05A5732E1A84","5E79575325D94AE8D09B97CD0C1C341EBB6AC0A24C3EEE6AE4817A897F97E7A4","C52377235F70A38C61333009FFA2CC97C0BE2B3C102041CB127587B09AB32A95","CEDF3A831603914A5E024C980CCA65AAAAF25544D98538BC416E963DD8632B12","12","10,616357491582491","1,2241865447569285","4215874","Native managed bytes allocated per benchmark operation; not peak/retained/unmanaged memory","902,5598","1282,1446"
"primary","current","qualified-830951-long-v2-domain0-writing","0","OfficeIMO.Excel.ReaderComparison.Benchmarks","MappedRecordWriterBenchmarks","OfficeIMOPublicTypedWrite","Format=Xlsb&RowCount=50000","OfficeIMO.Excel.ReaderComparison.Benchmarks.MappedRecordWriterBenchmarks.OfficeIMOPublicTypedWrite(Format: Xlsb, RowCount: 50000)","83095146282a96143b23a79a7ecca058a24a709b","3.4.4+83095146282a96143b23a79a7ecca058a24a709b","F2853A4C62D5C03C5E3F0CBB7CCBB5776FB63CE58CE8933BE4EBAA4F5887502F","3.4.4+83095146282a96143b23a79a7ecca058a24a709b","B5565DE58D83BFC91F4FFB69A797CE02DFCB10A5A6409323845D05A5732E1A84","5E79575325D94AE8D09B97CD0C1C341EBB6AC0A24C3EEE6AE4817A897F97E7A4","C52377235F70A38C61333009FFA2CC97C0BE2B3C102041CB127587B09AB32A95","CEDF3A831603914A5E024C980CCA65AAAAF25544D98538BC416E963DD8632B12","12","910,4905458333334","99,64156885958383","461362338","Native managed bytes allocated per benchmark operation; not peak/retained/unmanaged memory","3000,7479","4182,9999"
"primary","current","qualified-830951-long-v2-domain0-writing","0","OfficeIMO.Excel.ReaderComparison.Benchmarks","MappedRecordWriterBenchmarks","ExcelReaderMappedRecords","Format=Xlsb&RowCount=50000","OfficeIMO.Excel.ReaderComparison.Benchmarks.MappedRecordWriterBenchmarks.ExcelReaderMappedRecords(Format: Xlsb, RowCount: 50000)","83095146282a96143b23a79a7ecca058a24a709b","3.4.4+83095146282a96143b23a79a7ecca058a24a709b","F2853A4C62D5C03C5E3F0CBB7CCBB5776FB63CE58CE8933BE4EBAA4F5887502F","3.4.4+83095146282a96143b23a79a7ecca058a24a709b","B5565DE58D83BFC91F4FFB69A797CE02DFCB10A5A6409323845D05A5732E1A84","5E79575325D94AE8D09B97CD0C1C341EBB6AC0A24C3EEE6AE4817A897F97E7A4","C52377235F70A38C61333009FFA2CC97C0BE2B3C102041CB127587B09AB32A95","CEDF3A831603914A5E024C980CCA65AAAAF25544D98538BC416E963DD8632B12","12","7,38512068452381","0,3702037918173111","4216121","Native managed bytes allocated per benchmark operation; not peak/retained/unmanaged memory","762,9477","904,8769"
"primary","current","qualified-830951-long-v2-domain0-writing","0","OfficeIMO.Excel.ReaderComparison.Benchmarks","NativeWriterBenchmarks","OfficeIMOModelAndSave","Format=Xlsb&RowCount=50000","OfficeIMO.Excel.ReaderComparison.Benchmarks.NativeWriterBenchmarks.OfficeIMOModelAndSave(Format: Xlsb, RowCount: 50000)","83095146282a96143b23a79a7ecca058a24a709b","3.4.4+83095146282a96143b23a79a7ecca058a24a709b","F2853A4C62D5C03C5E3F0CBB7CCBB5776FB63CE58CE8933BE4EBAA4F5887502F","3.4.4+83095146282a96143b23a79a7ecca058a24a709b","B5565DE58D83BFC91F4FFB69A797CE02DFCB10A5A6409323845D05A5732E1A84","5E79575325D94AE8D09B97CD0C1C341EBB6AC0A24C3EEE6AE4817A897F97E7A4","C52377235F70A38C61333009FFA2CC97C0BE2B3C102041CB127587B09AB32A95","CEDF3A831603914A5E024C980CCA65AAAAF25544D98538BC416E963DD8632B12","12","857,7907583333334","48,627474884254354","461083288","Native managed bytes allocated per benchmark operation; not peak/retained/unmanaged memory","3150,5196","3807,6825"
"primary","current","qualified-830951-long-v2-domain0-writing","0","OfficeIMO.Excel.ReaderComparison.Benchmarks","NativeWriterBenchmarks","ExcelReaderWriter","Format=Xlsb&RowCount=50000","OfficeIMO.Excel.ReaderComparison.Benchmarks.NativeWriterBenchmarks.ExcelReaderWriter(Format: Xlsb, RowCount: 50000)","83095146282a96143b23a79a7ecca058a24a709b","3.4.4+83095146282a96143b23a79a7ecca058a24a709b","F2853A4C62D5C03C5E3F0CBB7CCBB5776FB63CE58CE8933BE4EBAA4F5887502F","3.4.4+83095146282a96143b23a79a7ecca058a24a709b","B5565DE58D83BFC91F4FFB69A797CE02DFCB10A5A6409323845D05A5732E1A84","5E79575325D94AE8D09B97CD0C1C341EBB6AC0A24C3EEE6AE4817A897F97E7A4","C52377235F70A38C61333009FFA2CC97C0BE2B3C102041CB127587B09AB32A95","CEDF3A831603914A5E024C980CCA65AAAAF25544D98538BC416E963DD8632B12","12","8,82845918079096","0,3042740369828887","4218488","Native managed bytes allocated per benchmark operation; not peak/retained/unmanaged memory","957,4664","1102,9185"
"primary","current","qualified-830951-long-v2-domain0-writing","0","OfficeIMO.Excel.ReaderComparison.Benchmarks","RecordWriterBenchmarks","OfficeIMOPublicTypedWrite","Format=Xlsx&RowCount=50000","OfficeIMO.Excel.ReaderComparison.Benchmarks.RecordWriterBenchmarks.OfficeIMOPublicTypedWrite(Format: Xlsx, RowCount: 50000)","83095146282a96143b23a79a7ecca058a24a709b","3.4.4+83095146282a96143b23a79a7ecca058a24a709b","F2853A4C62D5C03C5E3F0CBB7CCBB5776FB63CE58CE8933BE4EBAA4F5887502F","3.4.4+83095146282a96143b23a79a7ecca058a24a709b","B5565DE58D83BFC91F4FFB69A797CE02DFCB10A5A6409323845D05A5732E1A84","5E79575325D94AE8D09B97CD0C1C341EBB6AC0A24C3EEE6AE4817A897F97E7A4","C52377235F70A38C61333009FFA2CC97C0BE2B3C102041CB127587B09AB32A95","CEDF3A831603914A5E024C980CCA65AAAAF25544D98538BC416E963DD8632B12","12","22,134299259259258","0,34180520407530246","4237347","Native managed bytes allocated per benchmark operation; not peak/retained/unmanaged memory","979,7907","1030,9095"
"primary","current","qualified-830951-long-v2-domain0-writing","0","OfficeIMO.Excel.ReaderComparison.Benchmarks","RecordWriterBenchmarks","ExcelReaderWriteRecords","Format=Xlsx&RowCount=50000","OfficeIMO.Excel.ReaderComparison.Benchmarks.RecordWriterBenchmarks.ExcelReaderWriteRecords(Format: Xlsx, RowCount: 50000)","83095146282a96143b23a79a7ecca058a24a709b","3.4.4+83095146282a96143b23a79a7ecca058a24a709b","F2853A4C62D5C03C5E3F0CBB7CCBB5776FB63CE58CE8933BE4EBAA4F5887502F","3.4.4+83095146282a96143b23a79a7ecca058a24a709b","B5565DE58D83BFC91F4FFB69A797CE02DFCB10A5A6409323845D05A5732E1A84","5E79575325D94AE8D09B97CD0C1C341EBB6AC0A24C3EEE6AE4817A897F97E7A4","C52377235F70A38C61333009FFA2CC97C0BE2B3C102041CB127587B09AB32A95","CEDF3A831603914A5E024C980CCA65AAAAF25544D98538BC416E963DD8632B12","12","12,838290277777778","0,29799895319843506","4217024","Native managed bytes allocated per benchmark operation; not peak/retained/unmanaged memory","961,4956","1061,3981"
"primary","current","qualified-830951-long-v2-domain0-writing","0","OfficeIMO.Excel.ReaderComparison.Benchmarks","RecordWriterBenchmarks","OfficeIMOPublicTypedWrite","Format=Xlsb&RowCount=50000","OfficeIMO.Excel.ReaderComparison.Benchmarks.RecordWriterBenchmarks.OfficeIMOPublicTypedWrite(Format: Xlsb, RowCount: 50000)","83095146282a96143b23a79a7ecca058a24a709b","3.4.4+83095146282a96143b23a79a7ecca058a24a709b","F2853A4C62D5C03C5E3F0CBB7CCBB5776FB63CE58CE8933BE4EBAA4F5887502F","3.4.4+83095146282a96143b23a79a7ecca058a24a709b","B5565DE58D83BFC91F4FFB69A797CE02DFCB10A5A6409323845D05A5732E1A84","5E79575325D94AE8D09B97CD0C1C341EBB6AC0A24C3EEE6AE4817A897F97E7A4","C52377235F70A38C61333009FFA2CC97C0BE2B3C102041CB127587B09AB32A95","CEDF3A831603914A5E024C980CCA65AAAAF25544D98538BC416E963DD8632B12","12","869,7257833333334","87,67874283480363","461360400","Native managed bytes allocated per benchmark operation; not peak/retained/unmanaged memory","2787,167","3863,9012"
"primary","current","qualified-830951-long-v2-domain0-writing","0","OfficeIMO.Excel.ReaderComparison.Benchmarks","RecordWriterBenchmarks","ExcelReaderWriteRecords","Format=Xlsb&RowCount=50000","OfficeIMO.Excel.ReaderComparison.Benchmarks.RecordWriterBenchmarks.ExcelReaderWriteRecords(Format: Xlsb, RowCount: 50000)","83095146282a96143b23a79a7ecca058a24a709b","3.4.4+83095146282a96143b23a79a7ecca058a24a709b","F2853A4C62D5C03C5E3F0CBB7CCBB5776FB63CE58CE8933BE4EBAA4F5887502F","3.4.4+83095146282a96143b23a79a7ecca058a24a709b","B5565DE58D83BFC91F4FFB69A797CE02DFCB10A5A6409323845D05A5732E1A84","5E79575325D94AE8D09B97CD0C1C341EBB6AC0A24C3EEE6AE4817A897F97E7A4","C52377235F70A38C61333009FFA2CC97C0BE2B3C102041CB127587B09AB32A95","CEDF3A831603914A5E024C980CCA65AAAAF25544D98538BC416E963DD8632B12","12","6,732154166666667","0,6706662394073153","4218696","Native managed bytes allocated per benchmark operation; not peak/retained/unmanaged memory","815,7433","1079,4485"
"primary","current","qualified-830951-long-v2-domain0-writing","0","OfficeIMO.Excel.ReaderComparison.Benchmarks","SharedStringWriterBenchmarks","OfficeIMOSharedStrings","RowCount=50000","OfficeIMO.Excel.ReaderComparison.Benchmarks.SharedStringWriterBenchmarks.OfficeIMOSharedStrings(RowCount: 50000)","83095146282a96143b23a79a7ecca058a24a709b","3.4.4+83095146282a96143b23a79a7ecca058a24a709b","F2853A4C62D5C03C5E3F0CBB7CCBB5776FB63CE58CE8933BE4EBAA4F5887502F","3.4.4+83095146282a96143b23a79a7ecca058a24a709b","B5565DE58D83BFC91F4FFB69A797CE02DFCB10A5A6409323845D05A5732E1A84","5E79575325D94AE8D09B97CD0C1C341EBB6AC0A24C3EEE6AE4817A897F97E7A4","C52377235F70A38C61333009FFA2CC97C0BE2B3C102041CB127587B09AB32A95","CEDF3A831603914A5E024C980CCA65AAAAF25544D98538BC416E963DD8632B12","12","18,56750136612022","0,48564054121788985","4239683","Native managed bytes allocated per benchmark operation; not peak/retained/unmanaged memory","1078,5415","1183,6056"
"primary","current","qualified-830951-long-v2-domain0-writing","0","OfficeIMO.Excel.ReaderComparison.Benchmarks","SharedStringWriterBenchmarks","OfficeIMOSharedStringsWithoutReferences","RowCount=50000","OfficeIMO.Excel.ReaderComparison.Benchmarks.SharedStringWriterBenchmarks.OfficeIMOSharedStringsWithoutReferences(RowCount: 50000)","83095146282a96143b23a79a7ecca058a24a709b","3.4.4+83095146282a96143b23a79a7ecca058a24a709b","F2853A4C62D5C03C5E3F0CBB7CCBB5776FB63CE58CE8933BE4EBAA4F5887502F","3.4.4+83095146282a96143b23a79a7ecca058a24a709b","B5565DE58D83BFC91F4FFB69A797CE02DFCB10A5A6409323845D05A5732E1A84","5E79575325D94AE8D09B97CD0C1C341EBB6AC0A24C3EEE6AE4817A897F97E7A4","C52377235F70A38C61333009FFA2CC97C0BE2B3C102041CB127587B09AB32A95","CEDF3A831603914A5E024C980CCA65AAAAF25544D98538BC416E963DD8632B12","12","9,12597866972477","0,4559251919975486","4239513","Native managed bytes allocated per benchmark operation; not peak/retained/unmanaged memory","926,7414","1070,203"
"primary","current","qualified-830951-long-v2-domain0-writing","0","OfficeIMO.Excel.ReaderComparison.Benchmarks","SharedStringWriterBenchmarks","ExcelReaderWriterSharedStrings","RowCount=50000","OfficeIMO.Excel.ReaderComparison.Benchmarks.SharedStringWriterBenchmarks.ExcelReaderWriterSharedStrings(RowCount: 50000)","83095146282a96143b23a79a7ecca058a24a709b","3.4.4+83095146282a96143b23a79a7ecca058a24a709b","F2853A4C62D5C03C5E3F0CBB7CCBB5776FB63CE58CE8933BE4EBAA4F5887502F","3.4.4+83095146282a96143b23a79a7ecca058a24a709b","B5565DE58D83BFC91F4FFB69A797CE02DFCB10A5A6409323845D05A5732E1A84","5E79575325D94AE8D09B97CD0C1C341EBB6AC0A24C3EEE6AE4817A897F97E7A4","C52377235F70A38C61333009FFA2CC97C0BE2B3C102041CB127587B09AB32A95","CEDF3A831603914A5E024C980CCA65AAAAF25544D98538BC416E963DD8632B12","12","10,129952011494254","0,38404723981481664","4257674","Native managed bytes allocated per benchmark operation; not peak/retained/unmanaged memory","273,9237","310,4859"
"primary","current","qualified-830951-long-v2-domain0-writing","0","OfficeIMO.Excel.ReaderComparison.Benchmarks","StyledRowWriterBenchmarks","OfficeIMODefaultRowStyle","","OfficeIMO.Excel.ReaderComparison.Benchmarks.StyledRowWriterBenchmarks.OfficeIMODefaultRowStyle","83095146282a96143b23a79a7ecca058a24a709b","3.4.4+83095146282a96143b23a79a7ecca058a24a709b","F2853A4C62D5C03C5E3F0CBB7CCBB5776FB63CE58CE8933BE4EBAA4F5887502F","3.4.4+83095146282a96143b23a79a7ecca058a24a709b","B5565DE58D83BFC91F4FFB69A797CE02DFCB10A5A6409323845D05A5732E1A84","5E79575325D94AE8D09B97CD0C1C341EBB6AC0A24C3EEE6AE4817A897F97E7A4","C52377235F70A38C61333009FFA2CC97C0BE2B3C102041CB127587B09AB32A95","CEDF3A831603914A5E024C980CCA65AAAAF25544D98538BC416E963DD8632B12","12","11,407034659090908","0,5179353848659126","2624416","Native managed bytes allocated per benchmark operation; not peak/retained/unmanaged memory","921,5873","1069,8261"
"primary","current","qualified-830951-long-v2-domain0-writing","0","OfficeIMO.Excel.ReaderComparison.Benchmarks","StyledRowWriterBenchmarks","ExcelReaderOriginalStyledRows","","OfficeIMO.Excel.ReaderComparison.Benchmarks.StyledRowWriterBenchmarks.ExcelReaderOriginalStyledRows","83095146282a96143b23a79a7ecca058a24a709b","3.4.4+83095146282a96143b23a79a7ecca058a24a709b","F2853A4C62D5C03C5E3F0CBB7CCBB5776FB63CE58CE8933BE4EBAA4F5887502F","3.4.4+83095146282a96143b23a79a7ecca058a24a709b","B5565DE58D83BFC91F4FFB69A797CE02DFCB10A5A6409323845D05A5732E1A84","5E79575325D94AE8D09B97CD0C1C341EBB6AC0A24C3EEE6AE4817A897F97E7A4","C52377235F70A38C61333009FFA2CC97C0BE2B3C102041CB127587B09AB32A95","CEDF3A831603914A5E024C980CCA65AAAAF25544D98538BC416E963DD8632B12","12","6,227279615384617","0,5209190581177926","18632","Native managed bytes allocated per benchmark operation; not peak/retained/unmanaged memory","336,4528","450,3255"
"primary","current","qualified-830951-long-v2-domain0-writing","0","OfficeIMO.Excel.ReaderComparison.Benchmarks","Utf8WriterBenchmarks","OfficeIMOUtf8","","OfficeIMO.Excel.ReaderComparison.Benchmarks.Utf8WriterBenchmarks.OfficeIMOUtf8","83095146282a96143b23a79a7ecca058a24a709b","3.4.4+83095146282a96143b23a79a7ecca058a24a709b","F2853A4C62D5C03C5E3F0CBB7CCBB5776FB63CE58CE8933BE4EBAA4F5887502F","3.4.4+83095146282a96143b23a79a7ecca058a24a709b","B5565DE58D83BFC91F4FFB69A797CE02DFCB10A5A6409323845D05A5732E1A84","5E79575325D94AE8D09B97CD0C1C341EBB6AC0A24C3EEE6AE4817A897F97E7A4","C52377235F70A38C61333009FFA2CC97C0BE2B3C102041CB127587B09AB32A95","CEDF3A831603914A5E024C980CCA65AAAAF25544D98538BC416E963DD8632B12","12","35,3467816091954","2,353232033277343","42963","Native managed bytes allocated per benchmark operation; not peak/retained/unmanaged memory","890,9063","1111,7964"
"primary","current","qualified-830951-long-v2-domain0-writing","0","OfficeIMO.Excel.ReaderComparison.Benchmarks","Utf8WriterBenchmarks","ExcelReaderPublicUtf8","","OfficeIMO.Excel.ReaderComparison.Benchmarks.Utf8WriterBenchmarks.ExcelReaderPublicUtf8","83095146282a96143b23a79a7ecca058a24a709b","3.4.4+83095146282a96143b23a79a7ecca058a24a709b","F2853A4C62D5C03C5E3F0CBB7CCBB5776FB63CE58CE8933BE4EBAA4F5887502F","3.4.4+83095146282a96143b23a79a7ecca058a24a709b","B5565DE58D83BFC91F4FFB69A797CE02DFCB10A5A6409323845D05A5732E1A84","5E79575325D94AE8D09B97CD0C1C341EBB6AC0A24C3EEE6AE4817A897F97E7A4","C52377235F70A38C61333009FFA2CC97C0BE2B3C102041CB127587B09AB32A95","CEDF3A831603914A5E024C980CCA65AAAAF25544D98538BC416E963DD8632B12","12","16,245602777777776","0,6999916324263961","18448","Native managed bytes allocated per benchmark operation; not peak/retained/unmanaged memory","967,3476","1108,2331"
"primary","current","qualified-830951-long-v2-domain0-csv","0","OfficeIMO.Excel.ReaderComparison.Benchmarks","CsvMaterializedReadBenchmarks","ExcelReaderMaterialized","RowCount=50000","OfficeIMO.Excel.ReaderComparison.Benchmarks.CsvMaterializedReadBenchmarks.ExcelReaderMaterialized(RowCount: 50000)","83095146282a96143b23a79a7ecca058a24a709b","3.4.4+83095146282a96143b23a79a7ecca058a24a709b","F2853A4C62D5C03C5E3F0CBB7CCBB5776FB63CE58CE8933BE4EBAA4F5887502F","3.4.4+83095146282a96143b23a79a7ecca058a24a709b","B5565DE58D83BFC91F4FFB69A797CE02DFCB10A5A6409323845D05A5732E1A84","5E79575325D94AE8D09B97CD0C1C341EBB6AC0A24C3EEE6AE4817A897F97E7A4","C52377235F70A38C61333009FFA2CC97C0BE2B3C102041CB127587B09AB32A95","CEDF3A831603914A5E024C980CCA65AAAAF25544D98538BC416E963DD8632B12","15","2,9318777698695135","0,20407598993345535","1650848","Native managed bytes allocated per benchmark operation; not peak/retained/unmanaged memory","758,3636","938,7382"
"primary","current","qualified-830951-long-v2-domain0-csv","0","OfficeIMO.Excel.ReaderComparison.Benchmarks","CsvMaterializedReadBenchmarks","OfficeIMOMaterialized","RowCount=50000","OfficeIMO.Excel.ReaderComparison.Benchmarks.CsvMaterializedReadBenchmarks.OfficeIMOMaterialized(RowCount: 50000)","83095146282a96143b23a79a7ecca058a24a709b","3.4.4+83095146282a96143b23a79a7ecca058a24a709b","F2853A4C62D5C03C5E3F0CBB7CCBB5776FB63CE58CE8933BE4EBAA4F5887502F","3.4.4+83095146282a96143b23a79a7ecca058a24a709b","B5565DE58D83BFC91F4FFB69A797CE02DFCB10A5A6409323845D05A5732E1A84","5E79575325D94AE8D09B97CD0C1C341EBB6AC0A24C3EEE6AE4817A897F97E7A4","C52377235F70A38C61333009FFA2CC97C0BE2B3C102041CB127587B09AB32A95","CEDF3A831603914A5E024C980CCA65AAAAF25544D98538BC416E963DD8632B12","15","6,412251755424065","0,7746073477026798","9050627","Native managed bytes allocated per benchmark operation; not peak/retained/unmanaged memory","762,7641","1230,2878"
"primary","current","qualified-830951-long-v2-domain0-csv","0","OfficeIMO.Excel.ReaderComparison.Benchmarks","CsvMaterializedReadBenchmarks","SylvanMaterialized","RowCount=50000","OfficeIMO.Excel.ReaderComparison.Benchmarks.CsvMaterializedReadBenchmarks.SylvanMaterialized(RowCount: 50000)","83095146282a96143b23a79a7ecca058a24a709b","3.4.4+83095146282a96143b23a79a7ecca058a24a709b","F2853A4C62D5C03C5E3F0CBB7CCBB5776FB63CE58CE8933BE4EBAA4F5887502F","3.4.4+83095146282a96143b23a79a7ecca058a24a709b","B5565DE58D83BFC91F4FFB69A797CE02DFCB10A5A6409323845D05A5732E1A84","5E79575325D94AE8D09B97CD0C1C341EBB6AC0A24C3EEE6AE4817A897F97E7A4","C52377235F70A38C61333009FFA2CC97C0BE2B3C102041CB127587B09AB32A95","CEDF3A831603914A5E024C980CCA65AAAAF25544D98538BC416E963DD8632B12","15","3,154208985507247","0,31455215379694323","1688688","Native managed bytes allocated per benchmark operation; not peak/retained/unmanaged memory","801,6092","1118,7566"
"primary","current","qualified-830951-long-v2-domain0-csv","0","OfficeIMO.Excel.ReaderComparison.Benchmarks","CsvRawAsyncBenchmarks","ExcelReaderAsync","RowCount=50000","OfficeIMO.Excel.ReaderComparison.Benchmarks.CsvRawAsyncBenchmarks.ExcelReaderAsync(RowCount: 50000)","83095146282a96143b23a79a7ecca058a24a709b","3.4.4+83095146282a96143b23a79a7ecca058a24a709b","F2853A4C62D5C03C5E3F0CBB7CCBB5776FB63CE58CE8933BE4EBAA4F5887502F","3.4.4+83095146282a96143b23a79a7ecca058a24a709b","B5565DE58D83BFC91F4FFB69A797CE02DFCB10A5A6409323845D05A5732E1A84","5E79575325D94AE8D09B97CD0C1C341EBB6AC0A24C3EEE6AE4817A897F97E7A4","C52377235F70A38C61333009FFA2CC97C0BE2B3C102041CB127587B09AB32A95","CEDF3A831603914A5E024C980CCA65AAAAF25544D98538BC416E963DD8632B12","15","3,178769164750958","0,5575936630916918","1651103","Native managed bytes allocated per benchmark operation; not peak/retained/unmanaged memory","1000,9803","1698,7493"
"primary","current","qualified-830951-long-v2-domain0-csv","0","OfficeIMO.Excel.ReaderComparison.Benchmarks","CsvRawAsyncBenchmarks","OfficeIMOAsync","RowCount=50000","OfficeIMO.Excel.ReaderComparison.Benchmarks.CsvRawAsyncBenchmarks.OfficeIMOAsync(RowCount: 50000)","83095146282a96143b23a79a7ecca058a24a709b","3.4.4+83095146282a96143b23a79a7ecca058a24a709b","F2853A4C62D5C03C5E3F0CBB7CCBB5776FB63CE58CE8933BE4EBAA4F5887502F","3.4.4+83095146282a96143b23a79a7ecca058a24a709b","B5565DE58D83BFC91F4FFB69A797CE02DFCB10A5A6409323845D05A5732E1A84","5E79575325D94AE8D09B97CD0C1C341EBB6AC0A24C3EEE6AE4817A897F97E7A4","C52377235F70A38C61333009FFA2CC97C0BE2B3C102041CB127587B09AB32A95","CEDF3A831603914A5E024C980CCA65AAAAF25544D98538BC416E963DD8632B12","15","12,623517991967873","1,8962611398713323","14872486","Native managed bytes allocated per benchmark operation; not peak/retained/unmanaged memory","874,5437","1316,0938"
"primary","current","qualified-830951-long-v2-domain0-csv","0","OfficeIMO.Excel.ReaderComparison.Benchmarks","CsvRawAsyncBenchmarks","SylvanAsync","RowCount=50000","OfficeIMO.Excel.ReaderComparison.Benchmarks.CsvRawAsyncBenchmarks.SylvanAsync(RowCount: 50000)","83095146282a96143b23a79a7ecca058a24a709b","3.4.4+83095146282a96143b23a79a7ecca058a24a709b","F2853A4C62D5C03C5E3F0CBB7CCBB5776FB63CE58CE8933BE4EBAA4F5887502F","3.4.4+83095146282a96143b23a79a7ecca058a24a709b","B5565DE58D83BFC91F4FFB69A797CE02DFCB10A5A6409323845D05A5732E1A84","5E79575325D94AE8D09B97CD0C1C341EBB6AC0A24C3EEE6AE4817A897F97E7A4","C52377235F70A38C61333009FFA2CC97C0BE2B3C102041CB127587B09AB32A95","CEDF3A831603914A5E024C980CCA65AAAAF25544D98538BC416E963DD8632B12","15","4,168067542579075","0,7022297244986739","1699128","Native managed bytes allocated per benchmark operation; not peak/retained/unmanaged memory","954,5027","1520,3279"
"primary","current","qualified-830951-long-v2-domain0-csv","0","OfficeIMO.Excel.ReaderComparison.Benchmarks","CsvRawReadBenchmarks","ExcelReaderOriginal","RowCount=50000","OfficeIMO.Excel.ReaderComparison.Benchmarks.CsvRawReadBenchmarks.ExcelReaderOriginal(RowCount: 50000)","83095146282a96143b23a79a7ecca058a24a709b","3.4.4+83095146282a96143b23a79a7ecca058a24a709b","F2853A4C62D5C03C5E3F0CBB7CCBB5776FB63CE58CE8933BE4EBAA4F5887502F","3.4.4+83095146282a96143b23a79a7ecca058a24a709b","B5565DE58D83BFC91F4FFB69A797CE02DFCB10A5A6409323845D05A5732E1A84","5E79575325D94AE8D09B97CD0C1C341EBB6AC0A24C3EEE6AE4817A897F97E7A4","C52377235F70A38C61333009FFA2CC97C0BE2B3C102041CB127587B09AB32A95","CEDF3A831603914A5E024C980CCA65AAAAF25544D98538BC416E963DD8632B12","15","2,128649981273408","0,31701960326411077","997","Native managed bytes allocated per benchmark operation; not peak/retained/unmanaged memory","967,3957","1490,2939"
"primary","current","qualified-830951-long-v2-domain0-csv","0","OfficeIMO.Excel.ReaderComparison.Benchmarks","CsvRawReadBenchmarks","OfficeIMOBorrowedUtf8","RowCount=50000","OfficeIMO.Excel.ReaderComparison.Benchmarks.CsvRawReadBenchmarks.OfficeIMOBorrowedUtf8(RowCount: 50000)","83095146282a96143b23a79a7ecca058a24a709b","3.4.4+83095146282a96143b23a79a7ecca058a24a709b","F2853A4C62D5C03C5E3F0CBB7CCBB5776FB63CE58CE8933BE4EBAA4F5887502F","3.4.4+83095146282a96143b23a79a7ecca058a24a709b","B5565DE58D83BFC91F4FFB69A797CE02DFCB10A5A6409323845D05A5732E1A84","5E79575325D94AE8D09B97CD0C1C341EBB6AC0A24C3EEE6AE4817A897F97E7A4","C52377235F70A38C61333009FFA2CC97C0BE2B3C102041CB127587B09AB32A95","CEDF3A831603914A5E024C980CCA65AAAAF25544D98538BC416E963DD8632B12","15","6,640969605263158","0,34986055250175985","3849","Native managed bytes allocated per benchmark operation; not peak/retained/unmanaged memory","930,361","1101,0866"
"primary","current","qualified-830951-long-v2-domain0-csv","0","OfficeIMO.Excel.ReaderComparison.Benchmarks","CsvRawReadBenchmarks","SylvanOriginal","RowCount=50000","OfficeIMO.Excel.ReaderComparison.Benchmarks.CsvRawReadBenchmarks.SylvanOriginal(RowCount: 50000)","83095146282a96143b23a79a7ecca058a24a709b","3.4.4+83095146282a96143b23a79a7ecca058a24a709b","F2853A4C62D5C03C5E3F0CBB7CCBB5776FB63CE58CE8933BE4EBAA4F5887502F","3.4.4+83095146282a96143b23a79a7ecca058a24a709b","B5565DE58D83BFC91F4FFB69A797CE02DFCB10A5A6409323845D05A5732E1A84","5E79575325D94AE8D09B97CD0C1C341EBB6AC0A24C3EEE6AE4817A897F97E7A4","C52377235F70A38C61333009FFA2CC97C0BE2B3C102041CB127587B09AB32A95","CEDF3A831603914A5E024C980CCA65AAAAF25544D98538BC416E963DD8632B12","15","4,114939837398373","0,3509984630954466","38681","Native managed bytes allocated per benchmark operation; not peak/retained/unmanaged memory","796,9695","1142,4316"
"primary","current","qualified-830951-long-v2-domain0-csv","0","OfficeIMO.Excel.ReaderComparison.Benchmarks","CsvRealDataMaterializedReadBenchmarks","ExcelReaderMaterialized","","OfficeIMO.Excel.ReaderComparison.Benchmarks.CsvRealDataMaterializedReadBenchmarks.ExcelReaderMaterialized","83095146282a96143b23a79a7ecca058a24a709b","3.4.4+83095146282a96143b23a79a7ecca058a24a709b","F2853A4C62D5C03C5E3F0CBB7CCBB5776FB63CE58CE8933BE4EBAA4F5887502F","3.4.4+83095146282a96143b23a79a7ecca058a24a709b","B5565DE58D83BFC91F4FFB69A797CE02DFCB10A5A6409323845D05A5732E1A84","5E79575325D94AE8D09B97CD0C1C341EBB6AC0A24C3EEE6AE4817A897F97E7A4","C52377235F70A38C61333009FFA2CC97C0BE2B3C102041CB127587B09AB32A95","CEDF3A831603914A5E024C980CCA65AAAAF25544D98538BC416E963DD8632B12","15","30,621438039215686","1,5932137028942623","37445794","Native managed bytes allocated per benchmark operation; not peak/retained/unmanaged memory","923,5399","1144,9562"
"primary","current","qualified-830951-long-v2-domain0-csv","0","OfficeIMO.Excel.ReaderComparison.Benchmarks","CsvRealDataMaterializedReadBenchmarks","OfficeIMOMaterialized","","OfficeIMO.Excel.ReaderComparison.Benchmarks.CsvRealDataMaterializedReadBenchmarks.OfficeIMOMaterialized","83095146282a96143b23a79a7ecca058a24a709b","3.4.4+83095146282a96143b23a79a7ecca058a24a709b","F2853A4C62D5C03C5E3F0CBB7CCBB5776FB63CE58CE8933BE4EBAA4F5887502F","3.4.4+83095146282a96143b23a79a7ecca058a24a709b","B5565DE58D83BFC91F4FFB69A797CE02DFCB10A5A6409323845D05A5732E1A84","5E79575325D94AE8D09B97CD0C1C341EBB6AC0A24C3EEE6AE4817A897F97E7A4","C52377235F70A38C61333009FFA2CC97C0BE2B3C102041CB127587B09AB32A95","CEDF3A831603914A5E024C980CCA65AAAAF25544D98538BC416E963DD8632B12","15","20,183163466666667","2,0781828799586934","35876551","Native managed bytes allocated per benchmark operation; not peak/retained/unmanaged memory","829,3596","1157,8644"
"primary","current","qualified-830951-long-v2-domain0-csv","0","OfficeIMO.Excel.ReaderComparison.Benchmarks","CsvRealDataMaterializedReadBenchmarks","SylvanMaterialized","","OfficeIMO.Excel.ReaderComparison.Benchmarks.CsvRealDataMaterializedReadBenchmarks.SylvanMaterialized","83095146282a96143b23a79a7ecca058a24a709b","3.4.4+83095146282a96143b23a79a7ecca058a24a709b","F2853A4C62D5C03C5E3F0CBB7CCBB5776FB63CE58CE8933BE4EBAA4F5887502F","3.4.4+83095146282a96143b23a79a7ecca058a24a709b","B5565DE58D83BFC91F4FFB69A797CE02DFCB10A5A6409323845D05A5732E1A84","5E79575325D94AE8D09B97CD0C1C341EBB6AC0A24C3EEE6AE4817A897F97E7A4","C52377235F70A38C61333009FFA2CC97C0BE2B3C102041CB127587B09AB32A95","CEDF3A831603914A5E024C980CCA65AAAAF25544D98538BC416E963DD8632B12","15","16,15785688172043","0,4115730109922613","37483994","Native managed bytes allocated per benchmark operation; not peak/retained/unmanaged memory","957,8219","1043,8879"
"primary","current","qualified-830951-long-v2-domain0-csv","0","OfficeIMO.Excel.ReaderComparison.Benchmarks","CsvRealDataReadBenchmarks","ExcelReaderStream","","OfficeIMO.Excel.ReaderComparison.Benchmarks.CsvRealDataReadBenchmarks.ExcelReaderStream","83095146282a96143b23a79a7ecca058a24a709b","3.4.4+83095146282a96143b23a79a7ecca058a24a709b","F2853A4C62D5C03C5E3F0CBB7CCBB5776FB63CE58CE8933BE4EBAA4F5887502F","3.4.4+83095146282a96143b23a79a7ecca058a24a709b","B5565DE58D83BFC91F4FFB69A797CE02DFCB10A5A6409323845D05A5732E1A84","5E79575325D94AE8D09B97CD0C1C341EBB6AC0A24C3EEE6AE4817A897F97E7A4","C52377235F70A38C61333009FFA2CC97C0BE2B3C102041CB127587B09AB32A95","CEDF3A831603914A5E024C980CCA65AAAAF25544D98538BC416E963DD8632B12","15","11,0494065942029","0,8322728443201386","1712","Native managed bytes allocated per benchmark operation; not peak/retained/unmanaged memory","870,6823","1119,4711"
"primary","current","qualified-830951-long-v2-domain0-csv","0","OfficeIMO.Excel.ReaderComparison.Benchmarks","CsvRealDataReadBenchmarks","ExcelReaderMemory","","OfficeIMO.Excel.ReaderComparison.Benchmarks.CsvRealDataReadBenchmarks.ExcelReaderMemory","83095146282a96143b23a79a7ecca058a24a709b","3.4.4+83095146282a96143b23a79a7ecca058a24a709b","F2853A4C62D5C03C5E3F0CBB7CCBB5776FB63CE58CE8933BE4EBAA4F5887502F","3.4.4+83095146282a96143b23a79a7ecca058a24a709b","B5565DE58D83BFC91F4FFB69A797CE02DFCB10A5A6409323845D05A5732E1A84","5E79575325D94AE8D09B97CD0C1C341EBB6AC0A24C3EEE6AE4817A897F97E7A4","C52377235F70A38C61333009FFA2CC97C0BE2B3C102041CB127587B09AB32A95","CEDF3A831603914A5E024C980CCA65AAAAF25544D98538BC416E963DD8632B12","15","11,308608062015502","0,8368513720508313","738","Native managed bytes allocated per benchmark operation; not peak/retained/unmanaged memory","797,9849","1039,1638"
"primary","current","qualified-830951-long-v2-domain0-csv","0","OfficeIMO.Excel.ReaderComparison.Benchmarks","CsvRealDataReadBenchmarks","OfficeIMOStreamBorrowedUtf8","","OfficeIMO.Excel.ReaderComparison.Benchmarks.CsvRealDataReadBenchmarks.OfficeIMOStreamBorrowedUtf8","83095146282a96143b23a79a7ecca058a24a709b","3.4.4+83095146282a96143b23a79a7ecca058a24a709b","F2853A4C62D5C03C5E3F0CBB7CCBB5776FB63CE58CE8933BE4EBAA4F5887502F","3.4.4+83095146282a96143b23a79a7ecca058a24a709b","B5565DE58D83BFC91F4FFB69A797CE02DFCB10A5A6409323845D05A5732E1A84","5E79575325D94AE8D09B97CD0C1C341EBB6AC0A24C3EEE6AE4817A897F97E7A4","C52377235F70A38C61333009FFA2CC97C0BE2B3C102041CB127587B09AB32A95","CEDF3A831603914A5E024C980CCA65AAAAF25544D98538BC416E963DD8632B12","15","6,414902020202022","0,44505317294923286","2920","Native managed bytes allocated per benchmark operation; not peak/retained/unmanaged memory","938,0036","1240,3297"
"primary","current","qualified-830951-long-v2-domain0-csv","0","OfficeIMO.Excel.ReaderComparison.Benchmarks","CsvRealDataReadBenchmarks","SylvanFieldSpan","","OfficeIMO.Excel.ReaderComparison.Benchmarks.CsvRealDataReadBenchmarks.SylvanFieldSpan","83095146282a96143b23a79a7ecca058a24a709b","3.4.4+83095146282a96143b23a79a7ecca058a24a709b","F2853A4C62D5C03C5E3F0CBB7CCBB5776FB63CE58CE8933BE4EBAA4F5887502F","3.4.4+83095146282a96143b23a79a7ecca058a24a709b","B5565DE58D83BFC91F4FFB69A797CE02DFCB10A5A6409323845D05A5732E1A84","5E79575325D94AE8D09B97CD0C1C341EBB6AC0A24C3EEE6AE4817A897F97E7A4","C52377235F70A38C61333009FFA2CC97C0BE2B3C102041CB127587B09AB32A95","CEDF3A831603914A5E024C980CCA65AAAAF25544D98538BC416E963DD8632B12","15","10,612265412541252","0,26366765719049967","41226","Native managed bytes allocated per benchmark operation; not peak/retained/unmanaged memory","1037,9017","1154,8242"
"primary","current","qualified-830951-long-v2-domain0-csv","0","OfficeIMO.Excel.ReaderComparison.Benchmarks","CsvRecordWriterBenchmarks","ExcelReaderRecordLayout","Mapped=False&RowCount=50000","OfficeIMO.Excel.ReaderComparison.Benchmarks.CsvRecordWriterBenchmarks.ExcelReaderRecordLayout(Mapped: False, RowCount: 50000)","83095146282a96143b23a79a7ecca058a24a709b","3.4.4+83095146282a96143b23a79a7ecca058a24a709b","F2853A4C62D5C03C5E3F0CBB7CCBB5776FB63CE58CE8933BE4EBAA4F5887502F","3.4.4+83095146282a96143b23a79a7ecca058a24a709b","B5565DE58D83BFC91F4FFB69A797CE02DFCB10A5A6409323845D05A5732E1A84","5E79575325D94AE8D09B97CD0C1C341EBB6AC0A24C3EEE6AE4817A897F97E7A4","C52377235F70A38C61333009FFA2CC97C0BE2B3C102041CB127587B09AB32A95","CEDF3A831603914A5E024C980CCA65AAAAF25544D98538BC416E963DD8632B12","15","5,097548510638298","0,2783530215027864","4197566","Native managed bytes allocated per benchmark operation; not peak/retained/unmanaged memory","867,1462","1045,0515"
"primary","current","qualified-830951-long-v2-domain0-csv","0","OfficeIMO.Excel.ReaderComparison.Benchmarks","CsvRecordWriterBenchmarks","OfficeIMOWriteObjects","Mapped=False&RowCount=50000","OfficeIMO.Excel.ReaderComparison.Benchmarks.CsvRecordWriterBenchmarks.OfficeIMOWriteObjects(Mapped: False, RowCount: 50000)","83095146282a96143b23a79a7ecca058a24a709b","3.4.4+83095146282a96143b23a79a7ecca058a24a709b","F2853A4C62D5C03C5E3F0CBB7CCBB5776FB63CE58CE8933BE4EBAA4F5887502F","3.4.4+83095146282a96143b23a79a7ecca058a24a709b","B5565DE58D83BFC91F4FFB69A797CE02DFCB10A5A6409323845D05A5732E1A84","5E79575325D94AE8D09B97CD0C1C341EBB6AC0A24C3EEE6AE4817A897F97E7A4","C52377235F70A38C61333009FFA2CC97C0BE2B3C102041CB127587B09AB32A95","CEDF3A831603914A5E024C980CCA65AAAAF25544D98538BC416E963DD8632B12","15","12,566802817869416","1,1702563201757017","11802535","Native managed bytes allocated per benchmark operation; not peak/retained/unmanaged memory","1010,4823","1356,5506"
"primary","current","qualified-830951-long-v2-domain0-csv","0","OfficeIMO.Excel.ReaderComparison.Benchmarks","CsvRecordWriterBenchmarks","ExcelReaderRecordLayout","Mapped=True&RowCount=50000","OfficeIMO.Excel.ReaderComparison.Benchmarks.CsvRecordWriterBenchmarks.ExcelReaderRecordLayout(Mapped: True, RowCount: 50000)","83095146282a96143b23a79a7ecca058a24a709b","3.4.4+83095146282a96143b23a79a7ecca058a24a709b","F2853A4C62D5C03C5E3F0CBB7CCBB5776FB63CE58CE8933BE4EBAA4F5887502F","3.4.4+83095146282a96143b23a79a7ecca058a24a709b","B5565DE58D83BFC91F4FFB69A797CE02DFCB10A5A6409323845D05A5732E1A84","5E79575325D94AE8D09B97CD0C1C341EBB6AC0A24C3EEE6AE4817A897F97E7A4","C52377235F70A38C61333009FFA2CC97C0BE2B3C102041CB127587B09AB32A95","CEDF3A831603914A5E024C980CCA65AAAAF25544D98538BC416E963DD8632B12","15","5,410687790697675","0,29255413954773024","4197517","Native managed bytes allocated per benchmark operation; not peak/retained/unmanaged memory","849,0304","1007,0986"
"primary","current","qualified-830951-long-v2-domain0-csv","0","OfficeIMO.Excel.ReaderComparison.Benchmarks","CsvRecordWriterBenchmarks","OfficeIMOWriteObjects","Mapped=True&RowCount=50000","OfficeIMO.Excel.ReaderComparison.Benchmarks.CsvRecordWriterBenchmarks.OfficeIMOWriteObjects(Mapped: True, RowCount: 50000)","83095146282a96143b23a79a7ecca058a24a709b","3.4.4+83095146282a96143b23a79a7ecca058a24a709b","F2853A4C62D5C03C5E3F0CBB7CCBB5776FB63CE58CE8933BE4EBAA4F5887502F","3.4.4+83095146282a96143b23a79a7ecca058a24a709b","B5565DE58D83BFC91F4FFB69A797CE02DFCB10A5A6409323845D05A5732E1A84","5E79575325D94AE8D09B97CD0C1C341EBB6AC0A24C3EEE6AE4817A897F97E7A4","C52377235F70A38C61333009FFA2CC97C0BE2B3C102041CB127587B09AB32A95","CEDF3A831603914A5E024C980CCA65AAAAF25544D98538BC416E963DD8632B12","15","12,820091441441441","0,698819143700487","11802533","Native managed bytes allocated per benchmark operation; not peak/retained/unmanaged memory","863,1783","1067,9918"
"primary","current","qualified-830951-long-v2-domain0-csv","0","OfficeIMO.Excel.ReaderComparison.Benchmarks","CsvTypedAsyncBenchmarks","ExcelReaderTypedAsync","RowCount=50000","OfficeIMO.Excel.ReaderComparison.Benchmarks.CsvTypedAsyncBenchmarks.ExcelReaderTypedAsync(RowCount: 50000)","83095146282a96143b23a79a7ecca058a24a709b","3.4.4+83095146282a96143b23a79a7ecca058a24a709b","F2853A4C62D5C03C5E3F0CBB7CCBB5776FB63CE58CE8933BE4EBAA4F5887502F","3.4.4+83095146282a96143b23a79a7ecca058a24a709b","B5565DE58D83BFC91F4FFB69A797CE02DFCB10A5A6409323845D05A5732E1A84","5E79575325D94AE8D09B97CD0C1C341EBB6AC0A24C3EEE6AE4817A897F97E7A4","C52377235F70A38C61333009FFA2CC97C0BE2B3C102041CB127587B09AB32A95","CEDF3A831603914A5E024C980CCA65AAAAF25544D98538BC416E963DD8632B12","15","5,522783674911662","0,1503372054077904","4051472","Native managed bytes allocated per benchmark operation; not peak/retained/unmanaged memory","1505,5202","1631,3586"
"primary","current","qualified-830951-long-v2-domain0-csv","0","OfficeIMO.Excel.ReaderComparison.Benchmarks","CsvTypedAsyncBenchmarks","OfficeIMORowsAsAsync","RowCount=50000","OfficeIMO.Excel.ReaderComparison.Benchmarks.CsvTypedAsyncBenchmarks.OfficeIMORowsAsAsync(RowCount: 50000)","83095146282a96143b23a79a7ecca058a24a709b","3.4.4+83095146282a96143b23a79a7ecca058a24a709b","F2853A4C62D5C03C5E3F0CBB7CCBB5776FB63CE58CE8933BE4EBAA4F5887502F","3.4.4+83095146282a96143b23a79a7ecca058a24a709b","B5565DE58D83BFC91F4FFB69A797CE02DFCB10A5A6409323845D05A5732E1A84","5E79575325D94AE8D09B97CD0C1C341EBB6AC0A24C3EEE6AE4817A897F97E7A4","C52377235F70A38C61333009FFA2CC97C0BE2B3C102041CB127587B09AB32A95","CEDF3A831603914A5E024C980CCA65AAAAF25544D98538BC416E963DD8632B12","15","13,342000701754385","0,6261153547509862","17272936","Native managed bytes allocated per benchmark operation; not peak/retained/unmanaged memory","726,5128","859,4378"
"primary","current","qualified-830951-long-v2-domain0-csv","0","OfficeIMO.Excel.ReaderComparison.Benchmarks","CsvTypedAsyncBenchmarks","SylvanTypedAsync","RowCount=50000","OfficeIMO.Excel.ReaderComparison.Benchmarks.CsvTypedAsyncBenchmarks.SylvanTypedAsync(RowCount: 50000)","83095146282a96143b23a79a7ecca058a24a709b","3.4.4+83095146282a96143b23a79a7ecca058a24a709b","F2853A4C62D5C03C5E3F0CBB7CCBB5776FB63CE58CE8933BE4EBAA4F5887502F","3.4.4+83095146282a96143b23a79a7ecca058a24a709b","B5565DE58D83BFC91F4FFB69A797CE02DFCB10A5A6409323845D05A5732E1A84","5E79575325D94AE8D09B97CD0C1C341EBB6AC0A24C3EEE6AE4817A897F97E7A4","C52377235F70A38C61333009FFA2CC97C0BE2B3C102041CB127587B09AB32A95","CEDF3A831603914A5E024C980CCA65AAAAF25544D98538BC416E963DD8632B12","15","10,099358512396691","2,2697489931440873","11497088","Native managed bytes allocated per benchmark operation; not peak/retained/unmanaged memory","990,1692","1715,2999"
"primary","current","qualified-830951-long-v2-domain0-csv","0","OfficeIMO.Excel.ReaderComparison.Benchmarks","CsvTypedReadBenchmarks","ExcelReaderTyped","RowCount=50000","OfficeIMO.Excel.ReaderComparison.Benchmarks.CsvTypedReadBenchmarks.ExcelReaderTyped(RowCount: 50000)","83095146282a96143b23a79a7ecca058a24a709b","3.4.4+83095146282a96143b23a79a7ecca058a24a709b","F2853A4C62D5C03C5E3F0CBB7CCBB5776FB63CE58CE8933BE4EBAA4F5887502F","3.4.4+83095146282a96143b23a79a7ecca058a24a709b","B5565DE58D83BFC91F4FFB69A797CE02DFCB10A5A6409323845D05A5732E1A84","5E79575325D94AE8D09B97CD0C1C341EBB6AC0A24C3EEE6AE4817A897F97E7A4","C52377235F70A38C61333009FFA2CC97C0BE2B3C102041CB127587B09AB32A95","CEDF3A831603914A5E024C980CCA65AAAAF25544D98538BC416E963DD8632B12","15","3,799762113095238","0,7981005017635687","4051779","Native managed bytes allocated per benchmark operation; not peak/retained/unmanaged memory","728,032","1286,9854"
"primary","current","qualified-830951-long-v2-domain0-csv","0","OfficeIMO.Excel.ReaderComparison.Benchmarks","CsvTypedReadBenchmarks","OfficeIMORowsAs","RowCount=50000","OfficeIMO.Excel.ReaderComparison.Benchmarks.CsvTypedReadBenchmarks.OfficeIMORowsAs(RowCount: 50000)","83095146282a96143b23a79a7ecca058a24a709b","3.4.4+83095146282a96143b23a79a7ecca058a24a709b","F2853A4C62D5C03C5E3F0CBB7CCBB5776FB63CE58CE8933BE4EBAA4F5887502F","3.4.4+83095146282a96143b23a79a7ecca058a24a709b","B5565DE58D83BFC91F4FFB69A797CE02DFCB10A5A6409323845D05A5732E1A84","5E79575325D94AE8D09B97CD0C1C341EBB6AC0A24C3EEE6AE4817A897F97E7A4","C52377235F70A38C61333009FFA2CC97C0BE2B3C102041CB127587B09AB32A95","CEDF3A831603914A5E024C980CCA65AAAAF25544D98538BC416E963DD8632B12","15","8,01436806722689","0,6143469178605704","11449760","Native managed bytes allocated per benchmark operation; not peak/retained/unmanaged memory","842,0334","1060,0869"
"primary","current","qualified-830951-long-v2-domain0-csv","0","OfficeIMO.Excel.ReaderComparison.Benchmarks","CsvTypedReadBenchmarks","SylvanTyped","RowCount=50000","OfficeIMO.Excel.ReaderComparison.Benchmarks.CsvTypedReadBenchmarks.SylvanTyped(RowCount: 50000)","83095146282a96143b23a79a7ecca058a24a709b","3.4.4+83095146282a96143b23a79a7ecca058a24a709b","F2853A4C62D5C03C5E3F0CBB7CCBB5776FB63CE58CE8933BE4EBAA4F5887502F","3.4.4+83095146282a96143b23a79a7ecca058a24a709b","B5565DE58D83BFC91F4FFB69A797CE02DFCB10A5A6409323845D05A5732E1A84","5E79575325D94AE8D09B97CD0C1C341EBB6AC0A24C3EEE6AE4817A897F97E7A4","C52377235F70A38C61333009FFA2CC97C0BE2B3C102041CB127587B09AB32A95","CEDF3A831603914A5E024C980CCA65AAAAF25544D98538BC416E963DD8632B12","15","11,576903076923076","0,8573415988110021","11486693","Native managed bytes allocated per benchmark operation; not peak/retained/unmanaged memory","884,8195","1183,0467"
"primary","current","qualified-830951-long-v2-domain0-csv","0","OfficeIMO.Excel.ReaderComparison.Benchmarks","CsvUtf8WriterBenchmarks","OfficeIMOPublicUtf8Row","","OfficeIMO.Excel.ReaderComparison.Benchmarks.CsvUtf8WriterBenchmarks.OfficeIMOPublicUtf8Row","83095146282a96143b23a79a7ecca058a24a709b","3.4.4+83095146282a96143b23a79a7ecca058a24a709b","F2853A4C62D5C03C5E3F0CBB7CCBB5776FB63CE58CE8933BE4EBAA4F5887502F","3.4.4+83095146282a96143b23a79a7ecca058a24a709b","B5565DE58D83BFC91F4FFB69A797CE02DFCB10A5A6409323845D05A5732E1A84","5E79575325D94AE8D09B97CD0C1C341EBB6AC0A24C3EEE6AE4817A897F97E7A4","C52377235F70A38C61333009FFA2CC97C0BE2B3C102041CB127587B09AB32A95","CEDF3A831603914A5E024C980CCA65AAAAF25544D98538BC416E963DD8632B12","15","8,44223062015504","1,2610766519636782","6134","Native managed bytes allocated per benchmark operation; not peak/retained/unmanaged memory","661,4125","1089,9354"
"primary","current","qualified-830951-long-v2-domain0-csv","0","OfficeIMO.Excel.ReaderComparison.Benchmarks","CsvUtf8WriterBenchmarks","ExcelReaderPublicUtf8","","OfficeIMO.Excel.ReaderComparison.Benchmarks.CsvUtf8WriterBenchmarks.ExcelReaderPublicUtf8","83095146282a96143b23a79a7ecca058a24a709b","3.4.4+83095146282a96143b23a79a7ecca058a24a709b","F2853A4C62D5C03C5E3F0CBB7CCBB5776FB63CE58CE8933BE4EBAA4F5887502F","3.4.4+83095146282a96143b23a79a7ecca058a24a709b","B5565DE58D83BFC91F4FFB69A797CE02DFCB10A5A6409323845D05A5732E1A84","5E79575325D94AE8D09B97CD0C1C341EBB6AC0A24C3EEE6AE4817A897F97E7A4","C52377235F70A38C61333009FFA2CC97C0BE2B3C102041CB127587B09AB32A95","CEDF3A831603914A5E024C980CCA65AAAAF25544D98538BC416E963DD8632B12","15","3,4066535037878785","0,47352419569169024","416","Native managed bytes allocated per benchmark operation; not peak/retained/unmanaged memory","999,8628","1537,9754"
"primary","current","qualified-830951-long-v2-domain0-csv","0","OfficeIMO.Excel.ReaderComparison.Benchmarks","CsvWideReadBenchmarks","ExcelReaderWide","RowCount=50000&MaterializeStrings=False","OfficeIMO.Excel.ReaderComparison.Benchmarks.CsvWideReadBenchmarks.ExcelReaderWide(RowCount: 50000, MaterializeStrings: False)","83095146282a96143b23a79a7ecca058a24a709b","3.4.4+83095146282a96143b23a79a7ecca058a24a709b","F2853A4C62D5C03C5E3F0CBB7CCBB5776FB63CE58CE8933BE4EBAA4F5887502F","3.4.4+83095146282a96143b23a79a7ecca058a24a709b","B5565DE58D83BFC91F4FFB69A797CE02DFCB10A5A6409323845D05A5732E1A84","5E79575325D94AE8D09B97CD0C1C341EBB6AC0A24C3EEE6AE4817A897F97E7A4","C52377235F70A38C61333009FFA2CC97C0BE2B3C102041CB127587B09AB32A95","CEDF3A831603914A5E024C980CCA65AAAAF25544D98538BC416E963DD8632B12","15","6,071380995024875","1,4998847733620253","1243","Native managed bytes allocated per benchmark operation; not peak/retained/unmanaged memory","984,4814","1767,6399"
"primary","current","qualified-830951-long-v2-domain0-csv","0","OfficeIMO.Excel.ReaderComparison.Benchmarks","CsvWideReadBenchmarks","OfficeIMOWide","RowCount=50000&MaterializeStrings=False","OfficeIMO.Excel.ReaderComparison.Benchmarks.CsvWideReadBenchmarks.OfficeIMOWide(RowCount: 50000, MaterializeStrings: False)","83095146282a96143b23a79a7ecca058a24a709b","3.4.4+83095146282a96143b23a79a7ecca058a24a709b","F2853A4C62D5C03C5E3F0CBB7CCBB5776FB63CE58CE8933BE4EBAA4F5887502F","3.4.4+83095146282a96143b23a79a7ecca058a24a709b","B5565DE58D83BFC91F4FFB69A797CE02DFCB10A5A6409323845D05A5732E1A84","5E79575325D94AE8D09B97CD0C1C341EBB6AC0A24C3EEE6AE4817A897F97E7A4","C52377235F70A38C61333009FFA2CC97C0BE2B3C102041CB127587B09AB32A95","CEDF3A831603914A5E024C980CCA65AAAAF25544D98538BC416E963DD8632B12","15","6,348168944099378","0,9266157808787744","4360","Native managed bytes allocated per benchmark operation; not peak/retained/unmanaged memory","937,9675","1446,6482"
"primary","current","qualified-830951-long-v2-domain0-csv","0","OfficeIMO.Excel.ReaderComparison.Benchmarks","CsvWideReadBenchmarks","SylvanWide","RowCount=50000&MaterializeStrings=False","OfficeIMO.Excel.ReaderComparison.Benchmarks.CsvWideReadBenchmarks.SylvanWide(RowCount: 50000, MaterializeStrings: False)","83095146282a96143b23a79a7ecca058a24a709b","3.4.4+83095146282a96143b23a79a7ecca058a24a709b","F2853A4C62D5C03C5E3F0CBB7CCBB5776FB63CE58CE8933BE4EBAA4F5887502F","3.4.4+83095146282a96143b23a79a7ecca058a24a709b","B5565DE58D83BFC91F4FFB69A797CE02DFCB10A5A6409323845D05A5732E1A84","5E79575325D94AE8D09B97CD0C1C341EBB6AC0A24C3EEE6AE4817A897F97E7A4","C52377235F70A38C61333009FFA2CC97C0BE2B3C102041CB127587B09AB32A95","CEDF3A831603914A5E024C980CCA65AAAAF25544D98538BC416E963DD8632B12","15","4,3644727346938765","0,41542897189279965","46377","Native managed bytes allocated per benchmark operation; not peak/retained/unmanaged memory","969,6313","1335,1456"
"primary","current","qualified-830951-long-v2-domain0-csv","0","OfficeIMO.Excel.ReaderComparison.Benchmarks","CsvWideReadBenchmarks","ExcelReaderWide","RowCount=50000&MaterializeStrings=True","OfficeIMO.Excel.ReaderComparison.Benchmarks.CsvWideReadBenchmarks.ExcelReaderWide(RowCount: 50000, MaterializeStrings: True)","83095146282a96143b23a79a7ecca058a24a709b","3.4.4+83095146282a96143b23a79a7ecca058a24a709b","F2853A4C62D5C03C5E3F0CBB7CCBB5776FB63CE58CE8933BE4EBAA4F5887502F","3.4.4+83095146282a96143b23a79a7ecca058a24a709b","B5565DE58D83BFC91F4FFB69A797CE02DFCB10A5A6409323845D05A5732E1A84","5E79575325D94AE8D09B97CD0C1C341EBB6AC0A24C3EEE6AE4817A897F97E7A4","C52377235F70A38C61333009FFA2CC97C0BE2B3C102041CB127587B09AB32A95","CEDF3A831603914A5E024C980CCA65AAAAF25544D98538BC416E963DD8632B12","15","25,899156993464054","3,7474032832603994","52802406","Native managed bytes allocated per benchmark operation; not peak/retained/unmanaged memory","1005,4314","1646,9238"
"primary","current","qualified-830951-long-v2-domain0-csv","0","OfficeIMO.Excel.ReaderComparison.Benchmarks","CsvWideReadBenchmarks","OfficeIMOWide","RowCount=50000&MaterializeStrings=True","OfficeIMO.Excel.ReaderComparison.Benchmarks.CsvWideReadBenchmarks.OfficeIMOWide(RowCount: 50000, MaterializeStrings: True)","83095146282a96143b23a79a7ecca058a24a709b","3.4.4+83095146282a96143b23a79a7ecca058a24a709b","F2853A4C62D5C03C5E3F0CBB7CCBB5776FB63CE58CE8933BE4EBAA4F5887502F","3.4.4+83095146282a96143b23a79a7ecca058a24a709b","B5565DE58D83BFC91F4FFB69A797CE02DFCB10A5A6409323845D05A5732E1A84","5E79575325D94AE8D09B97CD0C1C341EBB6AC0A24C3EEE6AE4817A897F97E7A4","C52377235F70A38C61333009FFA2CC97C0BE2B3C102041CB127587B09AB32A95","CEDF3A831603914A5E024C980CCA65AAAAF25544D98538BC416E963DD8632B12","15","12,97347056910569","1,1771799346389598","52807564","Native managed bytes allocated per benchmark operation; not peak/retained/unmanaged memory","969,1967","1321,707"
"primary","current","qualified-830951-long-v2-domain0-csv","0","OfficeIMO.Excel.ReaderComparison.Benchmarks","CsvWideReadBenchmarks","SylvanWide","RowCount=50000&MaterializeStrings=True","OfficeIMO.Excel.ReaderComparison.Benchmarks.CsvWideReadBenchmarks.SylvanWide(RowCount: 50000, MaterializeStrings: True)","83095146282a96143b23a79a7ecca058a24a709b","3.4.4+83095146282a96143b23a79a7ecca058a24a709b","F2853A4C62D5C03C5E3F0CBB7CCBB5776FB63CE58CE8933BE4EBAA4F5887502F","3.4.4+83095146282a96143b23a79a7ecca058a24a709b","B5565DE58D83BFC91F4FFB69A797CE02DFCB10A5A6409323845D05A5732E1A84","5E79575325D94AE8D09B97CD0C1C341EBB6AC0A24C3EEE6AE4817A897F97E7A4","C52377235F70A38C61333009FFA2CC97C0BE2B3C102041CB127587B09AB32A95","CEDF3A831603914A5E024C980CCA65AAAAF25544D98538BC416E963DD8632B12","15","15,41672241134752","1,2321054664487654","52846584","Native managed bytes allocated per benchmark operation; not peak/retained/unmanaged memory","1196,8822","1592,6706"
"primary","current","qualified-830951-long-v2-domain0-csv","0","OfficeIMO.Excel.ReaderComparison.Benchmarks","CsvWriterBenchmarks","ExcelReaderWriter","RowCount=50000","OfficeIMO.Excel.ReaderComparison.Benchmarks.CsvWriterBenchmarks.ExcelReaderWriter(RowCount: 50000)","83095146282a96143b23a79a7ecca058a24a709b","3.4.4+83095146282a96143b23a79a7ecca058a24a709b","F2853A4C62D5C03C5E3F0CBB7CCBB5776FB63CE58CE8933BE4EBAA4F5887502F","3.4.4+83095146282a96143b23a79a7ecca058a24a709b","B5565DE58D83BFC91F4FFB69A797CE02DFCB10A5A6409323845D05A5732E1A84","5E79575325D94AE8D09B97CD0C1C341EBB6AC0A24C3EEE6AE4817A897F97E7A4","C52377235F70A38C61333009FFA2CC97C0BE2B3C102041CB127587B09AB32A95","CEDF3A831603914A5E024C980CCA65AAAAF25544D98538BC416E963DD8632B12","15","4,0565748176100636","0,31501271746167475","4198070","Native managed bytes allocated per benchmark operation; not peak/retained/unmanaged memory","882,5931","1157,3928"
"primary","current","qualified-830951-long-v2-domain0-csv","0","OfficeIMO.Excel.ReaderComparison.Benchmarks","CsvWriterBenchmarks","OfficeIMOWriteObjects","RowCount=50000","OfficeIMO.Excel.ReaderComparison.Benchmarks.CsvWriterBenchmarks.OfficeIMOWriteObjects(RowCount: 50000)","83095146282a96143b23a79a7ecca058a24a709b","3.4.4+83095146282a96143b23a79a7ecca058a24a709b","F2853A4C62D5C03C5E3F0CBB7CCBB5776FB63CE58CE8933BE4EBAA4F5887502F","3.4.4+83095146282a96143b23a79a7ecca058a24a709b","B5565DE58D83BFC91F4FFB69A797CE02DFCB10A5A6409323845D05A5732E1A84","5E79575325D94AE8D09B97CD0C1C341EBB6AC0A24C3EEE6AE4817A897F97E7A4","C52377235F70A38C61333009FFA2CC97C0BE2B3C102041CB127587B09AB32A95","CEDF3A831603914A5E024C980CCA65AAAAF25544D98538BC416E963DD8632B12","15","14,16702808888889","0,8786401580029696","11802673","Native managed bytes allocated per benchmark operation; not peak/retained/unmanaged memory","949,8028","1194,8416"
"primary","current","qualified-830951-long-v2-domain0-csv","0","OfficeIMO.Excel.ReaderComparison.Benchmarks","CsvWriterBenchmarks","SylvanWriter","RowCount=50000","OfficeIMO.Excel.ReaderComparison.Benchmarks.CsvWriterBenchmarks.SylvanWriter(RowCount: 50000)","83095146282a96143b23a79a7ecca058a24a709b","3.4.4+83095146282a96143b23a79a7ecca058a24a709b","F2853A4C62D5C03C5E3F0CBB7CCBB5776FB63CE58CE8933BE4EBAA4F5887502F","3.4.4+83095146282a96143b23a79a7ecca058a24a709b","B5565DE58D83BFC91F4FFB69A797CE02DFCB10A5A6409323845D05A5732E1A84","5E79575325D94AE8D09B97CD0C1C341EBB6AC0A24C3EEE6AE4817A897F97E7A4","C52377235F70A38C61333009FFA2CC97C0BE2B3C102041CB127587B09AB32A95","CEDF3A831603914A5E024C980CCA65AAAAF25544D98538BC416E963DD8632B12","15","6,673599743589743","0,8308233656349135","4234777","Native managed bytes allocated per benchmark operation; not peak/retained/unmanaged memory","715,4673","1009,2246"
"primary","current","qualified-830951-long-v2-domain0-csv-large-dop1","0","OfficeIMO.Excel.ReaderComparison.Benchmarks","CsvDirectAggregateBenchmarks","ExcelReaderAggregate","Input=Conve(...)00000 [23]&Dop=1","OfficeIMO.Excel.ReaderComparison.Benchmarks.CsvDirectAggregateBenchmarks.ExcelReaderAggregate(Input: ConversionHeavy-4300000, Dop: 1)","83095146282a96143b23a79a7ecca058a24a709b","3.4.4+83095146282a96143b23a79a7ecca058a24a709b","F2853A4C62D5C03C5E3F0CBB7CCBB5776FB63CE58CE8933BE4EBAA4F5887502F","3.4.4+83095146282a96143b23a79a7ecca058a24a709b","B5565DE58D83BFC91F4FFB69A797CE02DFCB10A5A6409323845D05A5732E1A84","5E79575325D94AE8D09B97CD0C1C341EBB6AC0A24C3EEE6AE4817A897F97E7A4","C52377235F70A38C61333009FFA2CC97C0BE2B3C102041CB127587B09AB32A95","CEDF3A831603914A5E024C980CCA65AAAAF25544D98538BC416E963DD8632B12","8","696,78770625","139,8555132281551","1258224","Native managed bytes allocated per benchmark operation; not peak/retained/unmanaged memory","2196,2283","3359,993"
"primary","current","qualified-830951-long-v2-domain0-csv-large-dop1","0","OfficeIMO.Excel.ReaderComparison.Benchmarks","CsvDirectAggregateBenchmarks","OfficeIMOTextOwnedAggregate","Input=Conve(...)00000 [23]&Dop=1","OfficeIMO.Excel.ReaderComparison.Benchmarks.CsvDirectAggregateBenchmarks.OfficeIMOTextOwnedAggregate(Input: ConversionHeavy-4300000, Dop: 1)","83095146282a96143b23a79a7ecca058a24a709b","3.4.4+83095146282a96143b23a79a7ecca058a24a709b","F2853A4C62D5C03C5E3F0CBB7CCBB5776FB63CE58CE8933BE4EBAA4F5887502F","3.4.4+83095146282a96143b23a79a7ecca058a24a709b","B5565DE58D83BFC91F4FFB69A797CE02DFCB10A5A6409323845D05A5732E1A84","5E79575325D94AE8D09B97CD0C1C341EBB6AC0A24C3EEE6AE4817A897F97E7A4","C52377235F70A38C61333009FFA2CC97C0BE2B3C102041CB127587B09AB32A95","CEDF3A831603914A5E024C980CCA65AAAAF25544D98538BC416E963DD8632B12","8","724,655871875","29,201177097013566","832285386","Native managed bytes allocated per benchmark operation; not peak/retained/unmanaged memory","2739,239","3044,1253"
"primary","current","qualified-830951-long-v2-domain0-csv-large-dop1","0","OfficeIMO.Excel.ReaderComparison.Benchmarks","CsvDirectAggregateBenchmarks","OfficeIMOAsyncPathAggregate","Input=Conve(...)00000 [23]&Dop=1","OfficeIMO.Excel.ReaderComparison.Benchmarks.CsvDirectAggregateBenchmarks.OfficeIMOAsyncPathAggregate(Input: ConversionHeavy-4300000, Dop: 1)","83095146282a96143b23a79a7ecca058a24a709b","3.4.4+83095146282a96143b23a79a7ecca058a24a709b","F2853A4C62D5C03C5E3F0CBB7CCBB5776FB63CE58CE8933BE4EBAA4F5887502F","3.4.4+83095146282a96143b23a79a7ecca058a24a709b","B5565DE58D83BFC91F4FFB69A797CE02DFCB10A5A6409323845D05A5732E1A84","5E79575325D94AE8D09B97CD0C1C341EBB6AC0A24C3EEE6AE4817A897F97E7A4","C52377235F70A38C61333009FFA2CC97C0BE2B3C102041CB127587B09AB32A95","CEDF3A831603914A5E024C980CCA65AAAAF25544D98538BC416E963DD8632B12","8","2599,968175","174,63615517804794","1948760284","Native managed bytes allocated per benchmark operation; not peak/retained/unmanaged memory","9090,9123","11199,2535"
"primary","current","qualified-830951-long-v2-domain0-csv-large-dop1","0","OfficeIMO.Excel.ReaderComparison.Benchmarks","CsvDirectAggregateBenchmarks","OfficeIMOAsyncStreamAggregate","Input=Conve(...)00000 [23]&Dop=1","OfficeIMO.Excel.ReaderComparison.Benchmarks.CsvDirectAggregateBenchmarks.OfficeIMOAsyncStreamAggregate(Input: ConversionHeavy-4300000, Dop: 1)","83095146282a96143b23a79a7ecca058a24a709b","3.4.4+83095146282a96143b23a79a7ecca058a24a709b","F2853A4C62D5C03C5E3F0CBB7CCBB5776FB63CE58CE8933BE4EBAA4F5887502F","3.4.4+83095146282a96143b23a79a7ecca058a24a709b","B5565DE58D83BFC91F4FFB69A797CE02DFCB10A5A6409323845D05A5732E1A84","5E79575325D94AE8D09B97CD0C1C341EBB6AC0A24C3EEE6AE4817A897F97E7A4","C52377235F70A38C61333009FFA2CC97C0BE2B3C102041CB127587B09AB32A95","CEDF3A831603914A5E024C980CCA65AAAAF25544D98538BC416E963DD8632B12","8","2196,885715625","343,2480155101769","1948766446","Native managed bytes allocated per benchmark operation; not peak/retained/unmanaged memory","7225,8375","10856,6377"
"primary","current","qualified-830951-long-v2-domain0-csv-large-dop1","0","OfficeIMO.Excel.ReaderComparison.Benchmarks","CsvDirectAggregateBenchmarks","ExcelReaderAggregate","Input=Conve(...)00000 [25]&Dop=1","OfficeIMO.Excel.ReaderComparison.Benchmarks.CsvDirectAggregateBenchmarks.ExcelReaderAggregate(Input: ConversionHeavy3M-3000000, Dop: 1)","83095146282a96143b23a79a7ecca058a24a709b","3.4.4+83095146282a96143b23a79a7ecca058a24a709b","F2853A4C62D5C03C5E3F0CBB7CCBB5776FB63CE58CE8933BE4EBAA4F5887502F","3.4.4+83095146282a96143b23a79a7ecca058a24a709b","B5565DE58D83BFC91F4FFB69A797CE02DFCB10A5A6409323845D05A5732E1A84","5E79575325D94AE8D09B97CD0C1C341EBB6AC0A24C3EEE6AE4817A897F97E7A4","C52377235F70A38C61333009FFA2CC97C0BE2B3C102041CB127587B09AB32A95","CEDF3A831603914A5E024C980CCA65AAAAF25544D98538BC416E963DD8632B12","8","582,75471875","60,22256651321881","951452","Native managed bytes allocated per benchmark operation; not peak/retained/unmanaged memory","2053,5141","2641,0431"
"primary","current","qualified-830951-long-v2-domain0-csv-large-dop1","0","OfficeIMO.Excel.ReaderComparison.Benchmarks","CsvDirectAggregateBenchmarks","OfficeIMOTextOwnedAggregate","Input=Conve(...)00000 [25]&Dop=1","OfficeIMO.Excel.ReaderComparison.Benchmarks.CsvDirectAggregateBenchmarks.OfficeIMOTextOwnedAggregate(Input: ConversionHeavy3M-3000000, Dop: 1)","83095146282a96143b23a79a7ecca058a24a709b","3.4.4+83095146282a96143b23a79a7ecca058a24a709b","F2853A4C62D5C03C5E3F0CBB7CCBB5776FB63CE58CE8933BE4EBAA4F5887502F","3.4.4+83095146282a96143b23a79a7ecca058a24a709b","B5565DE58D83BFC91F4FFB69A797CE02DFCB10A5A6409323845D05A5732E1A84","5E79575325D94AE8D09B97CD0C1C341EBB6AC0A24C3EEE6AE4817A897F97E7A4","C52377235F70A38C61333009FFA2CC97C0BE2B3C102041CB127587B09AB32A95","CEDF3A831603914A5E024C980CCA65AAAAF25544D98538BC416E963DD8632B12","8","498,99990625","26,3587747918972","581031552","Native managed bytes allocated per benchmark operation; not peak/retained/unmanaged memory","1859,2525","2147,2586"
"primary","current","qualified-830951-long-v2-domain0-csv-large-dop1","0","OfficeIMO.Excel.ReaderComparison.Benchmarks","CsvDirectAggregateBenchmarks","OfficeIMOAsyncPathAggregate","Input=Conve(...)00000 [25]&Dop=1","OfficeIMO.Excel.ReaderComparison.Benchmarks.CsvDirectAggregateBenchmarks.OfficeIMOAsyncPathAggregate(Input: ConversionHeavy3M-3000000, Dop: 1)","83095146282a96143b23a79a7ecca058a24a709b","3.4.4+83095146282a96143b23a79a7ecca058a24a709b","F2853A4C62D5C03C5E3F0CBB7CCBB5776FB63CE58CE8933BE4EBAA4F5887502F","3.4.4+83095146282a96143b23a79a7ecca058a24a709b","B5565DE58D83BFC91F4FFB69A797CE02DFCB10A5A6409323845D05A5732E1A84","5E79575325D94AE8D09B97CD0C1C341EBB6AC0A24C3EEE6AE4817A897F97E7A4","C52377235F70A38C61333009FFA2CC97C0BE2B3C102041CB127587B09AB32A95","CEDF3A831603914A5E024C980CCA65AAAAF25544D98538BC416E963DD8632B12","8","1843,204928125","275,1089216309785","1359595902","Native managed bytes allocated per benchmark operation; not peak/retained/unmanaged memory","6202,8044","9541,0079"
"primary","current","qualified-830951-long-v2-domain0-csv-large-dop1","0","OfficeIMO.Excel.ReaderComparison.Benchmarks","CsvDirectAggregateBenchmarks","OfficeIMOAsyncStreamAggregate","Input=Conve(...)00000 [25]&Dop=1","OfficeIMO.Excel.ReaderComparison.Benchmarks.CsvDirectAggregateBenchmarks.OfficeIMOAsyncStreamAggregate(Input: ConversionHeavy3M-3000000, Dop: 1)","83095146282a96143b23a79a7ecca058a24a709b","3.4.4+83095146282a96143b23a79a7ecca058a24a709b","F2853A4C62D5C03C5E3F0CBB7CCBB5776FB63CE58CE8933BE4EBAA4F5887502F","3.4.4+83095146282a96143b23a79a7ecca058a24a709b","B5565DE58D83BFC91F4FFB69A797CE02DFCB10A5A6409323845D05A5732E1A84","5E79575325D94AE8D09B97CD0C1C341EBB6AC0A24C3EEE6AE4817A897F97E7A4","C52377235F70A38C61333009FFA2CC97C0BE2B3C102041CB127587B09AB32A95","CEDF3A831603914A5E024C980CCA65AAAAF25544D98538BC416E963DD8632B12","8","2049,350334375","368,66111731681434","1359611650","Native managed bytes allocated per benchmark operation; not peak/retained/unmanaged memory","7270,7275","11696,6"
"primary","current","qualified-830951-long-v2-domain0-csv-large-dop1","0","OfficeIMO.Excel.ReaderComparison.Benchmarks","CsvDirectAggregateBenchmarks","ExcelReaderAggregate","Input=NarrowInt-8000000&Dop=1","OfficeIMO.Excel.ReaderComparison.Benchmarks.CsvDirectAggregateBenchmarks.ExcelReaderAggregate(Input: NarrowInt-8000000, Dop: 1)","83095146282a96143b23a79a7ecca058a24a709b","3.4.4+83095146282a96143b23a79a7ecca058a24a709b","F2853A4C62D5C03C5E3F0CBB7CCBB5776FB63CE58CE8933BE4EBAA4F5887502F","3.4.4+83095146282a96143b23a79a7ecca058a24a709b","B5565DE58D83BFC91F4FFB69A797CE02DFCB10A5A6409323845D05A5732E1A84","5E79575325D94AE8D09B97CD0C1C341EBB6AC0A24C3EEE6AE4817A897F97E7A4","C52377235F70A38C61333009FFA2CC97C0BE2B3C102041CB127587B09AB32A95","CEDF3A831603914A5E024C980CCA65AAAAF25544D98538BC416E963DD8632B12","8","586,685725","20,154423757692577","1312040","Native managed bytes allocated per benchmark operation; not peak/retained/unmanaged memory","2256,847","2528,9343"
"primary","current","qualified-830951-long-v2-domain0-csv-large-dop1","0","OfficeIMO.Excel.ReaderComparison.Benchmarks","CsvDirectAggregateBenchmarks","OfficeIMOTextOwnedAggregate","Input=NarrowInt-8000000&Dop=1","OfficeIMO.Excel.ReaderComparison.Benchmarks.CsvDirectAggregateBenchmarks.OfficeIMOTextOwnedAggregate(Input: NarrowInt-8000000, Dop: 1)","83095146282a96143b23a79a7ecca058a24a709b","3.4.4+83095146282a96143b23a79a7ecca058a24a709b","F2853A4C62D5C03C5E3F0CBB7CCBB5776FB63CE58CE8933BE4EBAA4F5887502F","3.4.4+83095146282a96143b23a79a7ecca058a24a709b","B5565DE58D83BFC91F4FFB69A797CE02DFCB10A5A6409323845D05A5732E1A84","5E79575325D94AE8D09B97CD0C1C341EBB6AC0A24C3EEE6AE4817A897F97E7A4","C52377235F70A38C61333009FFA2CC97C0BE2B3C102041CB127587B09AB32A95","CEDF3A831603914A5E024C980CCA65AAAAF25544D98538BC416E963DD8632B12","8","894,4480375","45,520151497160725","840761312","Native managed bytes allocated per benchmark operation; not peak/retained/unmanaged memory","3208,2791","3809,5624"
"primary","current","qualified-830951-long-v2-domain0-csv-large-dop1","0","OfficeIMO.Excel.ReaderComparison.Benchmarks","CsvDirectAggregateBenchmarks","OfficeIMOAsyncPathAggregate","Input=NarrowInt-8000000&Dop=1","OfficeIMO.Excel.ReaderComparison.Benchmarks.CsvDirectAggregateBenchmarks.OfficeIMOAsyncPathAggregate(Input: NarrowInt-8000000, Dop: 1)","83095146282a96143b23a79a7ecca058a24a709b","3.4.4+83095146282a96143b23a79a7ecca058a24a709b","F2853A4C62D5C03C5E3F0CBB7CCBB5776FB63CE58CE8933BE4EBAA4F5887502F","3.4.4+83095146282a96143b23a79a7ecca058a24a709b","B5565DE58D83BFC91F4FFB69A797CE02DFCB10A5A6409323845D05A5732E1A84","5E79575325D94AE8D09B97CD0C1C341EBB6AC0A24C3EEE6AE4817A897F97E7A4","C52377235F70A38C61333009FFA2CC97C0BE2B3C102041CB127587B09AB32A95","CEDF3A831603914A5E024C980CCA65AAAAF25544D98538BC416E963DD8632B12","8","3182,489878125","188,65446916832903","2260862556","Native managed bytes allocated per benchmark operation; not peak/retained/unmanaged memory","11749,791","14071,6213"
"primary","current","qualified-830951-long-v2-domain0-csv-large-dop1","0","OfficeIMO.Excel.ReaderComparison.Benchmarks","CsvDirectAggregateBenchmarks","OfficeIMOAsyncStreamAggregate","Input=NarrowInt-8000000&Dop=1","OfficeIMO.Excel.ReaderComparison.Benchmarks.CsvDirectAggregateBenchmarks.OfficeIMOAsyncStreamAggregate(Input: NarrowInt-8000000, Dop: 1)","83095146282a96143b23a79a7ecca058a24a709b","3.4.4+83095146282a96143b23a79a7ecca058a24a709b","F2853A4C62D5C03C5E3F0CBB7CCBB5776FB63CE58CE8933BE4EBAA4F5887502F","3.4.4+83095146282a96143b23a79a7ecca058a24a709b","B5565DE58D83BFC91F4FFB69A797CE02DFCB10A5A6409323845D05A5732E1A84","5E79575325D94AE8D09B97CD0C1C341EBB6AC0A24C3EEE6AE4817A897F97E7A4","C52377235F70A38C61333009FFA2CC97C0BE2B3C102041CB127587B09AB32A95","CEDF3A831603914A5E024C980CCA65AAAAF25544D98538BC416E963DD8632B12","8","3291,022640625","141,2342223680489","2260861670","Native managed bytes allocated per benchmark operation; not peak/retained/unmanaged memory","12465,4007","14062,9273"
"primary","current","qualified-830951-long-v2-domain0-csv-large-dop1","0","OfficeIMO.Excel.ReaderComparison.Benchmarks","CsvParallelTypedBenchmarks","ExcelReaderParallel","Input=Conve(...)00000 [23]&Dop=1","OfficeIMO.Excel.ReaderComparison.Benchmarks.CsvParallelTypedBenchmarks.ExcelReaderParallel(Input: ConversionHeavy-4300000, Dop: 1)","83095146282a96143b23a79a7ecca058a24a709b","3.4.4+83095146282a96143b23a79a7ecca058a24a709b","F2853A4C62D5C03C5E3F0CBB7CCBB5776FB63CE58CE8933BE4EBAA4F5887502F","3.4.4+83095146282a96143b23a79a7ecca058a24a709b","B5565DE58D83BFC91F4FFB69A797CE02DFCB10A5A6409323845D05A5732E1A84","5E79575325D94AE8D09B97CD0C1C341EBB6AC0A24C3EEE6AE4817A897F97E7A4","C52377235F70A38C61333009FFA2CC97C0BE2B3C102041CB127587B09AB32A95","CEDF3A831603914A5E024C980CCA65AAAAF25544D98538BC416E963DD8632B12","8","977,75903125","62,52556935939967","704077504","Native managed bytes allocated per benchmark operation; not peak/retained/unmanaged memory","3495,2412","4264,9375"
"primary","current","qualified-830951-long-v2-domain0-csv-large-dop1","0","OfficeIMO.Excel.ReaderComparison.Benchmarks","CsvParallelTypedBenchmarks","ExcelReaderSequential","Input=Conve(...)00000 [23]&Dop=1","OfficeIMO.Excel.ReaderComparison.Benchmarks.CsvParallelTypedBenchmarks.ExcelReaderSequential(Input: ConversionHeavy-4300000, Dop: 1)","83095146282a96143b23a79a7ecca058a24a709b","3.4.4+83095146282a96143b23a79a7ecca058a24a709b","F2853A4C62D5C03C5E3F0CBB7CCBB5776FB63CE58CE8933BE4EBAA4F5887502F","3.4.4+83095146282a96143b23a79a7ecca058a24a709b","B5565DE58D83BFC91F4FFB69A797CE02DFCB10A5A6409323845D05A5732E1A84","5E79575325D94AE8D09B97CD0C1C341EBB6AC0A24C3EEE6AE4817A897F97E7A4","C52377235F70A38C61333009FFA2CC97C0BE2B3C102041CB127587B09AB32A95","CEDF3A831603914A5E024C980CCA65AAAAF25544D98538BC416E963DD8632B12","8","927,056921875","58,30384993461507","702355214","Native managed bytes allocated per benchmark operation; not peak/retained/unmanaged memory","3343,522","4080,592"
"primary","current","qualified-830951-long-v2-domain0-csv-large-dop1","0","OfficeIMO.Excel.ReaderComparison.Benchmarks","CsvParallelTypedBenchmarks","OfficeIMOCoreParallel","Input=Conve(...)00000 [23]&Dop=1","OfficeIMO.Excel.ReaderComparison.Benchmarks.CsvParallelTypedBenchmarks.OfficeIMOCoreParallel(Input: ConversionHeavy-4300000, Dop: 1)","83095146282a96143b23a79a7ecca058a24a709b","3.4.4+83095146282a96143b23a79a7ecca058a24a709b","F2853A4C62D5C03C5E3F0CBB7CCBB5776FB63CE58CE8933BE4EBAA4F5887502F","3.4.4+83095146282a96143b23a79a7ecca058a24a709b","B5565DE58D83BFC91F4FFB69A797CE02DFCB10A5A6409323845D05A5732E1A84","5E79575325D94AE8D09B97CD0C1C341EBB6AC0A24C3EEE6AE4817A897F97E7A4","C52377235F70A38C61333009FFA2CC97C0BE2B3C102041CB127587B09AB32A95","CEDF3A831603914A5E024C980CCA65AAAAF25544D98538BC416E963DD8632B12","8","762,765096875","14,652646516655016","1352941166","Native managed bytes allocated per benchmark operation; not peak/retained/unmanaged memory","2980,4473","3166,0945"
"primary","current","qualified-830951-long-v2-domain0-csv-large-dop1","0","OfficeIMO.Excel.ReaderComparison.Benchmarks","CsvParallelTypedBenchmarks","OfficeIMOTextParallel","Input=Conve(...)00000 [23]&Dop=1","OfficeIMO.Excel.ReaderComparison.Benchmarks.CsvParallelTypedBenchmarks.OfficeIMOTextParallel(Input: ConversionHeavy-4300000, Dop: 1)","83095146282a96143b23a79a7ecca058a24a709b","3.4.4+83095146282a96143b23a79a7ecca058a24a709b","F2853A4C62D5C03C5E3F0CBB7CCBB5776FB63CE58CE8933BE4EBAA4F5887502F","3.4.4+83095146282a96143b23a79a7ecca058a24a709b","B5565DE58D83BFC91F4FFB69A797CE02DFCB10A5A6409323845D05A5732E1A84","5E79575325D94AE8D09B97CD0C1C341EBB6AC0A24C3EEE6AE4817A897F97E7A4","C52377235F70A38C61333009FFA2CC97C0BE2B3C102041CB127587B09AB32A95","CEDF3A831603914A5E024C980CCA65AAAAF25544D98538BC416E963DD8632B12","8","936,50338125","46,40150928544156","1534968376","Native managed bytes allocated per benchmark operation; not peak/retained/unmanaged memory","3531,5813","3981,2257"
"primary","current","qualified-830951-long-v2-domain0-csv-large-dop1","0","OfficeIMO.Excel.ReaderComparison.Benchmarks","CsvParallelTypedBenchmarks","SylvanSequential","Input=Conve(...)00000 [23]&Dop=1","OfficeIMO.Excel.ReaderComparison.Benchmarks.CsvParallelTypedBenchmarks.SylvanSequential(Input: ConversionHeavy-4300000, Dop: 1)","83095146282a96143b23a79a7ecca058a24a709b","3.4.4+83095146282a96143b23a79a7ecca058a24a709b","F2853A4C62D5C03C5E3F0CBB7CCBB5776FB63CE58CE8933BE4EBAA4F5887502F","3.4.4+83095146282a96143b23a79a7ecca058a24a709b","B5565DE58D83BFC91F4FFB69A797CE02DFCB10A5A6409323845D05A5732E1A84","5E79575325D94AE8D09B97CD0C1C341EBB6AC0A24C3EEE6AE4817A897F97E7A4","C52377235F70A38C61333009FFA2CC97C0BE2B3C102041CB127587B09AB32A95","CEDF3A831603914A5E024C980CCA65AAAAF25544D98538BC416E963DD8632B12","8","1222,93194375","110,75292645466106","1354773944","Native managed bytes allocated per benchmark operation; not peak/retained/unmanaged memory","4594,4648","5739,1173"
"primary","current","qualified-830951-long-v2-domain0-csv-large-dop1","0","OfficeIMO.Excel.ReaderComparison.Benchmarks","CsvParallelTypedBenchmarks","ExcelReaderParallel","Input=Conve(...)00000 [25]&Dop=1","OfficeIMO.Excel.ReaderComparison.Benchmarks.CsvParallelTypedBenchmarks.ExcelReaderParallel(Input: ConversionHeavy3M-3000000, Dop: 1)","83095146282a96143b23a79a7ecca058a24a709b","3.4.4+83095146282a96143b23a79a7ecca058a24a709b","F2853A4C62D5C03C5E3F0CBB7CCBB5776FB63CE58CE8933BE4EBAA4F5887502F","3.4.4+83095146282a96143b23a79a7ecca058a24a709b","B5565DE58D83BFC91F4FFB69A797CE02DFCB10A5A6409323845D05A5732E1A84","5E79575325D94AE8D09B97CD0C1C341EBB6AC0A24C3EEE6AE4817A897F97E7A4","C52377235F70A38C61333009FFA2CC97C0BE2B3C102041CB127587B09AB32A95","CEDF3A831603914A5E024C980CCA65AAAAF25544D98538BC416E963DD8632B12","8","700,5518125","34,231759619224846","491178704","Native managed bytes allocated per benchmark operation; not peak/retained/unmanaged memory","2565,7645","2920,4952"
"primary","current","qualified-830951-long-v2-domain0-csv-large-dop1","0","OfficeIMO.Excel.ReaderComparison.Benchmarks","CsvParallelTypedBenchmarks","ExcelReaderSequential","Input=Conve(...)00000 [25]&Dop=1","OfficeIMO.Excel.ReaderComparison.Benchmarks.CsvParallelTypedBenchmarks.ExcelReaderSequential(Input: ConversionHeavy3M-3000000, Dop: 1)","83095146282a96143b23a79a7ecca058a24a709b","3.4.4+83095146282a96143b23a79a7ecca058a24a709b","F2853A4C62D5C03C5E3F0CBB7CCBB5776FB63CE58CE8933BE4EBAA4F5887502F","3.4.4+83095146282a96143b23a79a7ecca058a24a709b","B5565DE58D83BFC91F4FFB69A797CE02DFCB10A5A6409323845D05A5732E1A84","5E79575325D94AE8D09B97CD0C1C341EBB6AC0A24C3EEE6AE4817A897F97E7A4","C52377235F70A38C61333009FFA2CC97C0BE2B3C102041CB127587B09AB32A95","CEDF3A831603914A5E024C980CCA65AAAAF25544D98538BC416E963DD8632B12","8","702,501940625","18,241260239451158","490002016","Native managed bytes allocated per benchmark operation; not peak/retained/unmanaged memory","2709,6346","2910,1499"
"primary","current","qualified-830951-long-v2-domain0-csv-large-dop1","0","OfficeIMO.Excel.ReaderComparison.Benchmarks","CsvParallelTypedBenchmarks","OfficeIMOCoreParallel","Input=Conve(...)00000 [25]&Dop=1","OfficeIMO.Excel.ReaderComparison.Benchmarks.CsvParallelTypedBenchmarks.OfficeIMOCoreParallel(Input: ConversionHeavy3M-3000000, Dop: 1)","83095146282a96143b23a79a7ecca058a24a709b","3.4.4+83095146282a96143b23a79a7ecca058a24a709b","F2853A4C62D5C03C5E3F0CBB7CCBB5776FB63CE58CE8933BE4EBAA4F5887502F","3.4.4+83095146282a96143b23a79a7ecca058a24a709b","B5565DE58D83BFC91F4FFB69A797CE02DFCB10A5A6409323845D05A5732E1A84","5E79575325D94AE8D09B97CD0C1C341EBB6AC0A24C3EEE6AE4817A897F97E7A4","C52377235F70A38C61333009FFA2CC97C0BE2B3C102041CB127587B09AB32A95","CEDF3A831603914A5E024C980CCA65AAAAF25544D98538BC416E963DD8632B12","8","531,598396875","38,34214367401526","943867768","Native managed bytes allocated per benchmark operation; not peak/retained/unmanaged memory","1765,5022","2261,4311"
"primary","current","qualified-830951-long-v2-domain0-csv-large-dop1","0","OfficeIMO.Excel.ReaderComparison.Benchmarks","CsvParallelTypedBenchmarks","OfficeIMOTextParallel","Input=Conve(...)00000 [25]&Dop=1","OfficeIMO.Excel.ReaderComparison.Benchmarks.CsvParallelTypedBenchmarks.OfficeIMOTextParallel(Input: ConversionHeavy3M-3000000, Dop: 1)","83095146282a96143b23a79a7ecca058a24a709b","3.4.4+83095146282a96143b23a79a7ecca058a24a709b","F2853A4C62D5C03C5E3F0CBB7CCBB5776FB63CE58CE8933BE4EBAA4F5887502F","3.4.4+83095146282a96143b23a79a7ecca058a24a709b","B5565DE58D83BFC91F4FFB69A797CE02DFCB10A5A6409323845D05A5732E1A84","5E79575325D94AE8D09B97CD0C1C341EBB6AC0A24C3EEE6AE4817A897F97E7A4","C52377235F70A38C61333009FFA2CC97C0BE2B3C102041CB127587B09AB32A95","CEDF3A831603914A5E024C980CCA65AAAAF25544D98538BC416E963DD8632B12","8","672,63005","20,72371440134638","1071021116","Native managed bytes allocated per benchmark operation; not peak/retained/unmanaged memory","2548,927","2773,7517"
"primary","current","qualified-830951-long-v2-domain0-csv-large-dop1","0","OfficeIMO.Excel.ReaderComparison.Benchmarks","CsvParallelTypedBenchmarks","SylvanSequential","Input=Conve(...)00000 [25]&Dop=1","OfficeIMO.Excel.ReaderComparison.Benchmarks.CsvParallelTypedBenchmarks.SylvanSequential(Input: ConversionHeavy3M-3000000, Dop: 1)","83095146282a96143b23a79a7ecca058a24a709b","3.4.4+83095146282a96143b23a79a7ecca058a24a709b","F2853A4C62D5C03C5E3F0CBB7CCBB5776FB63CE58CE8933BE4EBAA4F5887502F","3.4.4+83095146282a96143b23a79a7ecca058a24a709b","B5565DE58D83BFC91F4FFB69A797CE02DFCB10A5A6409323845D05A5732E1A84","5E79575325D94AE8D09B97CD0C1C341EBB6AC0A24C3EEE6AE4817A897F97E7A4","C52377235F70A38C61333009FFA2CC97C0BE2B3C102041CB127587B09AB32A95","CEDF3A831603914A5E024C980CCA65AAAAF25544D98538BC416E963DD8632B12","8","987,26838125","56,10099134107988","945204488","Native managed bytes allocated per benchmark operation; not peak/retained/unmanaged memory","3633,9065","4222,6839"
"primary","current","qualified-830951-long-v2-domain0-csv-large-dop1","0","OfficeIMO.Excel.ReaderComparison.Benchmarks","CsvParallelTypedBenchmarks","ExcelReaderParallel","Input=NarrowInt-8000000&Dop=1","OfficeIMO.Excel.ReaderComparison.Benchmarks.CsvParallelTypedBenchmarks.ExcelReaderParallel(Input: NarrowInt-8000000, Dop: 1)","83095146282a96143b23a79a7ecca058a24a709b","3.4.4+83095146282a96143b23a79a7ecca058a24a709b","F2853A4C62D5C03C5E3F0CBB7CCBB5776FB63CE58CE8933BE4EBAA4F5887502F","3.4.4+83095146282a96143b23a79a7ecca058a24a709b","B5565DE58D83BFC91F4FFB69A797CE02DFCB10A5A6409323845D05A5732E1A84","5E79575325D94AE8D09B97CD0C1C341EBB6AC0A24C3EEE6AE4817A897F97E7A4","C52377235F70A38C61333009FFA2CC97C0BE2B3C102041CB127587B09AB32A95","CEDF3A831603914A5E024C980CCA65AAAAF25544D98538BC416E963DD8632B12","8","576,967015625","11,397773222956891","257691296","Native managed bytes allocated per benchmark operation; not peak/retained/unmanaged memory","2234,4241","2380,5997"
"primary","current","qualified-830951-long-v2-domain0-csv-large-dop1","0","OfficeIMO.Excel.ReaderComparison.Benchmarks","CsvParallelTypedBenchmarks","ExcelReaderSequential","Input=NarrowInt-8000000&Dop=1","OfficeIMO.Excel.ReaderComparison.Benchmarks.CsvParallelTypedBenchmarks.ExcelReaderSequential(Input: NarrowInt-8000000, Dop: 1)","83095146282a96143b23a79a7ecca058a24a709b","3.4.4+83095146282a96143b23a79a7ecca058a24a709b","F2853A4C62D5C03C5E3F0CBB7CCBB5776FB63CE58CE8933BE4EBAA4F5887502F","3.4.4+83095146282a96143b23a79a7ecca058a24a709b","B5565DE58D83BFC91F4FFB69A797CE02DFCB10A5A6409323845D05A5732E1A84","5E79575325D94AE8D09B97CD0C1C341EBB6AC0A24C3EEE6AE4817A897F97E7A4","C52377235F70A38C61333009FFA2CC97C0BE2B3C102041CB127587B09AB32A95","CEDF3A831603914A5E024C980CCA65AAAAF25544D98538BC416E963DD8632B12","8","547,282421875","20,401833098673993","256001784","Native managed bytes allocated per benchmark operation; not peak/retained/unmanaged memory","2064,3884","2311,8208"
"primary","current","qualified-830951-long-v2-domain0-csv-large-dop1","0","OfficeIMO.Excel.ReaderComparison.Benchmarks","CsvParallelTypedBenchmarks","OfficeIMOCoreParallel","Input=NarrowInt-8000000&Dop=1","OfficeIMO.Excel.ReaderComparison.Benchmarks.CsvParallelTypedBenchmarks.OfficeIMOCoreParallel(Input: NarrowInt-8000000, Dop: 1)","83095146282a96143b23a79a7ecca058a24a709b","3.4.4+83095146282a96143b23a79a7ecca058a24a709b","F2853A4C62D5C03C5E3F0CBB7CCBB5776FB63CE58CE8933BE4EBAA4F5887502F","3.4.4+83095146282a96143b23a79a7ecca058a24a709b","B5565DE58D83BFC91F4FFB69A797CE02DFCB10A5A6409323845D05A5732E1A84","5E79575325D94AE8D09B97CD0C1C341EBB6AC0A24C3EEE6AE4817A897F97E7A4","C52377235F70A38C61333009FFA2CC97C0BE2B3C102041CB127587B09AB32A95","CEDF3A831603914A5E024C980CCA65AAAAF25544D98538BC416E963DD8632B12","8","728,148496875","27,646178389644426","1214821720","Native managed bytes allocated per benchmark operation; not peak/retained/unmanaged memory","2653,2845","3010,1446"
"primary","current","qualified-830951-long-v2-domain0-csv-large-dop1","0","OfficeIMO.Excel.ReaderComparison.Benchmarks","CsvParallelTypedBenchmarks","OfficeIMOTextParallel","Input=NarrowInt-8000000&Dop=1","OfficeIMO.Excel.ReaderComparison.Benchmarks.CsvParallelTypedBenchmarks.OfficeIMOTextParallel(Input: NarrowInt-8000000, Dop: 1)","83095146282a96143b23a79a7ecca058a24a709b","3.4.4+83095146282a96143b23a79a7ecca058a24a709b","F2853A4C62D5C03C5E3F0CBB7CCBB5776FB63CE58CE8933BE4EBAA4F5887502F","3.4.4+83095146282a96143b23a79a7ecca058a24a709b","B5565DE58D83BFC91F4FFB69A797CE02DFCB10A5A6409323845D05A5732E1A84","5E79575325D94AE8D09B97CD0C1C341EBB6AC0A24C3EEE6AE4817A897F97E7A4","C52377235F70A38C61333009FFA2CC97C0BE2B3C102041CB127587B09AB32A95","CEDF3A831603914A5E024C980CCA65AAAAF25544D98538BC416E963DD8632B12","8","818,60115625","52,54336030664978","1096532138","Native managed bytes allocated per benchmark operation; not peak/retained/unmanaged memory","2919,2262","3576,6247"
"primary","current","qualified-830951-long-v2-domain0-csv-large-dop1","0","OfficeIMO.Excel.ReaderComparison.Benchmarks","CsvParallelTypedBenchmarks","SylvanSequential","Input=NarrowInt-8000000&Dop=1","OfficeIMO.Excel.ReaderComparison.Benchmarks.CsvParallelTypedBenchmarks.SylvanSequential(Input: NarrowInt-8000000, Dop: 1)","83095146282a96143b23a79a7ecca058a24a709b","3.4.4+83095146282a96143b23a79a7ecca058a24a709b","F2853A4C62D5C03C5E3F0CBB7CCBB5776FB63CE58CE8933BE4EBAA4F5887502F","3.4.4+83095146282a96143b23a79a7ecca058a24a709b","B5565DE58D83BFC91F4FFB69A797CE02DFCB10A5A6409323845D05A5732E1A84","5E79575325D94AE8D09B97CD0C1C341EBB6AC0A24C3EEE6AE4817A897F97E7A4","C52377235F70A38C61333009FFA2CC97C0BE2B3C102041CB127587B09AB32A95","CEDF3A831603914A5E024C980CCA65AAAAF25544D98538BC416E963DD8632B12","8","694,094965625","33,270535830743846","1214862504","Native managed bytes allocated per benchmark operation; not peak/retained/unmanaged memory","2582,8954","2973,8795"
"primary","current","qualified-830951-long-v2-domain0-csv-large-dop4","0","OfficeIMO.Excel.ReaderComparison.Benchmarks","CsvDirectAggregateBenchmarks","ExcelReaderAggregate","Input=Conve(...)00000 [23]&Dop=4","OfficeIMO.Excel.ReaderComparison.Benchmarks.CsvDirectAggregateBenchmarks.ExcelReaderAggregate(Input: ConversionHeavy-4300000, Dop: 4)","83095146282a96143b23a79a7ecca058a24a709b","3.4.4+83095146282a96143b23a79a7ecca058a24a709b","F2853A4C62D5C03C5E3F0CBB7CCBB5776FB63CE58CE8933BE4EBAA4F5887502F","3.4.4+83095146282a96143b23a79a7ecca058a24a709b","B5565DE58D83BFC91F4FFB69A797CE02DFCB10A5A6409323845D05A5732E1A84","5E79575325D94AE8D09B97CD0C1C341EBB6AC0A24C3EEE6AE4817A897F97E7A4","C52377235F70A38C61333009FFA2CC97C0BE2B3C102041CB127587B09AB32A95","CEDF3A831603914A5E024C980CCA65AAAAF25544D98538BC416E963DD8632B12","8","214,135171875","4,678511076366633","1521414","Native managed bytes allocated per benchmark operation; not peak/retained/unmanaged memory","829,1117","879,6983"
"primary","current","qualified-830951-long-v2-domain0-csv-large-dop4","0","OfficeIMO.Excel.ReaderComparison.Benchmarks","CsvDirectAggregateBenchmarks","OfficeIMOTextOwnedAggregate","Input=Conve(...)00000 [23]&Dop=4","OfficeIMO.Excel.ReaderComparison.Benchmarks.CsvDirectAggregateBenchmarks.OfficeIMOTextOwnedAggregate(Input: ConversionHeavy-4300000, Dop: 4)","83095146282a96143b23a79a7ecca058a24a709b","3.4.4+83095146282a96143b23a79a7ecca058a24a709b","F2853A4C62D5C03C5E3F0CBB7CCBB5776FB63CE58CE8933BE4EBAA4F5887502F","3.4.4+83095146282a96143b23a79a7ecca058a24a709b","B5565DE58D83BFC91F4FFB69A797CE02DFCB10A5A6409323845D05A5732E1A84","5E79575325D94AE8D09B97CD0C1C341EBB6AC0A24C3EEE6AE4817A897F97E7A4","C52377235F70A38C61333009FFA2CC97C0BE2B3C102041CB127587B09AB32A95","CEDF3A831603914A5E024C980CCA65AAAAF25544D98538BC416E963DD8632B12","8","622,7821625","46,26210231980036","832881376","Native managed bytes allocated per benchmark operation; not peak/retained/unmanaged memory","2238,3364","2816,0651"
"primary","current","qualified-830951-long-v2-domain0-csv-large-dop4","0","OfficeIMO.Excel.ReaderComparison.Benchmarks","CsvDirectAggregateBenchmarks","OfficeIMOAsyncPathAggregate","Input=Conve(...)00000 [23]&Dop=4","OfficeIMO.Excel.ReaderComparison.Benchmarks.CsvDirectAggregateBenchmarks.OfficeIMOAsyncPathAggregate(Input: ConversionHeavy-4300000, Dop: 4)","83095146282a96143b23a79a7ecca058a24a709b","3.4.4+83095146282a96143b23a79a7ecca058a24a709b","F2853A4C62D5C03C5E3F0CBB7CCBB5776FB63CE58CE8933BE4EBAA4F5887502F","3.4.4+83095146282a96143b23a79a7ecca058a24a709b","B5565DE58D83BFC91F4FFB69A797CE02DFCB10A5A6409323845D05A5732E1A84","5E79575325D94AE8D09B97CD0C1C341EBB6AC0A24C3EEE6AE4817A897F97E7A4","C52377235F70A38C61333009FFA2CC97C0BE2B3C102041CB127587B09AB32A95","CEDF3A831603914A5E024C980CCA65AAAAF25544D98538BC416E963DD8632B12","8","2501,23261875","330,6383351679887","1955478974","Native managed bytes allocated per benchmark operation; not peak/retained/unmanaged memory","8023,1432","11841,5136"
"primary","current","qualified-830951-long-v2-domain0-csv-large-dop4","0","OfficeIMO.Excel.ReaderComparison.Benchmarks","CsvDirectAggregateBenchmarks","OfficeIMOAsyncStreamAggregate","Input=Conve(...)00000 [23]&Dop=4","OfficeIMO.Excel.ReaderComparison.Benchmarks.CsvDirectAggregateBenchmarks.OfficeIMOAsyncStreamAggregate(Input: ConversionHeavy-4300000, Dop: 4)","83095146282a96143b23a79a7ecca058a24a709b","3.4.4+83095146282a96143b23a79a7ecca058a24a709b","F2853A4C62D5C03C5E3F0CBB7CCBB5776FB63CE58CE8933BE4EBAA4F5887502F","3.4.4+83095146282a96143b23a79a7ecca058a24a709b","B5565DE58D83BFC91F4FFB69A797CE02DFCB10A5A6409323845D05A5732E1A84","5E79575325D94AE8D09B97CD0C1C341EBB6AC0A24C3EEE6AE4817A897F97E7A4","C52377235F70A38C61333009FFA2CC97C0BE2B3C102041CB127587B09AB32A95","CEDF3A831603914A5E024C980CCA65AAAAF25544D98538BC416E963DD8632B12","8","2662,85039375","261,6150195697251","1955468396","Native managed bytes allocated per benchmark operation; not peak/retained/unmanaged memory","9059,7065","12211,2615"
"primary","current","qualified-830951-long-v2-domain0-csv-large-dop4","0","OfficeIMO.Excel.ReaderComparison.Benchmarks","CsvDirectAggregateBenchmarks","ExcelReaderAggregate","Input=Conve(...)00000 [25]&Dop=4","OfficeIMO.Excel.ReaderComparison.Benchmarks.CsvDirectAggregateBenchmarks.ExcelReaderAggregate(Input: ConversionHeavy3M-3000000, Dop: 4)","83095146282a96143b23a79a7ecca058a24a709b","3.4.4+83095146282a96143b23a79a7ecca058a24a709b","F2853A4C62D5C03C5E3F0CBB7CCBB5776FB63CE58CE8933BE4EBAA4F5887502F","3.4.4+83095146282a96143b23a79a7ecca058a24a709b","B5565DE58D83BFC91F4FFB69A797CE02DFCB10A5A6409323845D05A5732E1A84","5E79575325D94AE8D09B97CD0C1C341EBB6AC0A24C3EEE6AE4817A897F97E7A4","C52377235F70A38C61333009FFA2CC97C0BE2B3C102041CB127587B09AB32A95","CEDF3A831603914A5E024C980CCA65AAAAF25544D98538BC416E963DD8632B12","8","137,864284375","9,880137665691938","1133128","Native managed bytes allocated per benchmark operation; not peak/retained/unmanaged memory","509,7205","632,538"
"primary","current","qualified-830951-long-v2-domain0-csv-large-dop4","0","OfficeIMO.Excel.ReaderComparison.Benchmarks","CsvDirectAggregateBenchmarks","OfficeIMOTextOwnedAggregate","Input=Conve(...)00000 [25]&Dop=4","OfficeIMO.Excel.ReaderComparison.Benchmarks.CsvDirectAggregateBenchmarks.OfficeIMOTextOwnedAggregate(Input: ConversionHeavy3M-3000000, Dop: 4)","83095146282a96143b23a79a7ecca058a24a709b","3.4.4+83095146282a96143b23a79a7ecca058a24a709b","F2853A4C62D5C03C5E3F0CBB7CCBB5776FB63CE58CE8933BE4EBAA4F5887502F","3.4.4+83095146282a96143b23a79a7ecca058a24a709b","B5565DE58D83BFC91F4FFB69A797CE02DFCB10A5A6409323845D05A5732E1A84","5E79575325D94AE8D09B97CD0C1C341EBB6AC0A24C3EEE6AE4817A897F97E7A4","C52377235F70A38C61333009FFA2CC97C0BE2B3C102041CB127587B09AB32A95","CEDF3A831603914A5E024C980CCA65AAAAF25544D98538BC416E963DD8632B12","8","351,114753125","15,470720053992531","582020656","Native managed bytes allocated per benchmark operation; not peak/retained/unmanaged memory","1295,3321","1482,1052"
"primary","current","qualified-830951-long-v2-domain0-csv-large-dop4","0","OfficeIMO.Excel.ReaderComparison.Benchmarks","CsvDirectAggregateBenchmarks","OfficeIMOAsyncPathAggregate","Input=Conve(...)00000 [25]&Dop=4","OfficeIMO.Excel.ReaderComparison.Benchmarks.CsvDirectAggregateBenchmarks.OfficeIMOAsyncPathAggregate(Input: ConversionHeavy3M-3000000, Dop: 4)","83095146282a96143b23a79a7ecca058a24a709b","3.4.4+83095146282a96143b23a79a7ecca058a24a709b","F2853A4C62D5C03C5E3F0CBB7CCBB5776FB63CE58CE8933BE4EBAA4F5887502F","3.4.4+83095146282a96143b23a79a7ecca058a24a709b","B5565DE58D83BFC91F4FFB69A797CE02DFCB10A5A6409323845D05A5732E1A84","5E79575325D94AE8D09B97CD0C1C341EBB6AC0A24C3EEE6AE4817A897F97E7A4","C52377235F70A38C61333009FFA2CC97C0BE2B3C102041CB127587B09AB32A95","CEDF3A831603914A5E024C980CCA65AAAAF25544D98538BC416E963DD8632B12","8","1606,172184375","358,2820502038608","1364298130","Native managed bytes allocated per benchmark operation; not peak/retained/unmanaged memory","5069,6894","9438,721"
"primary","current","qualified-830951-long-v2-domain0-csv-large-dop4","0","OfficeIMO.Excel.ReaderComparison.Benchmarks","CsvDirectAggregateBenchmarks","OfficeIMOAsyncStreamAggregate","Input=Conve(...)00000 [25]&Dop=4","OfficeIMO.Excel.ReaderComparison.Benchmarks.CsvDirectAggregateBenchmarks.OfficeIMOAsyncStreamAggregate(Input: ConversionHeavy3M-3000000, Dop: 4)","83095146282a96143b23a79a7ecca058a24a709b","3.4.4+83095146282a96143b23a79a7ecca058a24a709b","F2853A4C62D5C03C5E3F0CBB7CCBB5776FB63CE58CE8933BE4EBAA4F5887502F","3.4.4+83095146282a96143b23a79a7ecca058a24a709b","B5565DE58D83BFC91F4FFB69A797CE02DFCB10A5A6409323845D05A5732E1A84","5E79575325D94AE8D09B97CD0C1C341EBB6AC0A24C3EEE6AE4817A897F97E7A4","C52377235F70A38C61333009FFA2CC97C0BE2B3C102041CB127587B09AB32A95","CEDF3A831603914A5E024C980CCA65AAAAF25544D98538BC416E963DD8632B12","8","1626,694209375","126,89786080425705","1364299718","Native managed bytes allocated per benchmark operation; not peak/retained/unmanaged memory","6023,5706","7364,6345"
"primary","current","qualified-830951-long-v2-domain0-csv-large-dop4","0","OfficeIMO.Excel.ReaderComparison.Benchmarks","CsvDirectAggregateBenchmarks","ExcelReaderAggregate","Input=NarrowInt-8000000&Dop=4","OfficeIMO.Excel.ReaderComparison.Benchmarks.CsvDirectAggregateBenchmarks.ExcelReaderAggregate(Input: NarrowInt-8000000, Dop: 4)","83095146282a96143b23a79a7ecca058a24a709b","3.4.4+83095146282a96143b23a79a7ecca058a24a709b","F2853A4C62D5C03C5E3F0CBB7CCBB5776FB63CE58CE8933BE4EBAA4F5887502F","3.4.4+83095146282a96143b23a79a7ecca058a24a709b","B5565DE58D83BFC91F4FFB69A797CE02DFCB10A5A6409323845D05A5732E1A84","5E79575325D94AE8D09B97CD0C1C341EBB6AC0A24C3EEE6AE4817A897F97E7A4","C52377235F70A38C61333009FFA2CC97C0BE2B3C102041CB127587B09AB32A95","CEDF3A831603914A5E024C980CCA65AAAAF25544D98538BC416E963DD8632B12","8","117,026996875","8,241936202699208","1557756","Native managed bytes allocated per benchmark operation; not peak/retained/unmanaged memory","421,4114","508,0949"
"primary","current","qualified-830951-long-v2-domain0-csv-large-dop4","0","OfficeIMO.Excel.ReaderComparison.Benchmarks","CsvDirectAggregateBenchmarks","OfficeIMOTextOwnedAggregate","Input=NarrowInt-8000000&Dop=4","OfficeIMO.Excel.ReaderComparison.Benchmarks.CsvDirectAggregateBenchmarks.OfficeIMOTextOwnedAggregate(Input: NarrowInt-8000000, Dop: 4)","83095146282a96143b23a79a7ecca058a24a709b","3.4.4+83095146282a96143b23a79a7ecca058a24a709b","F2853A4C62D5C03C5E3F0CBB7CCBB5776FB63CE58CE8933BE4EBAA4F5887502F","3.4.4+83095146282a96143b23a79a7ecca058a24a709b","B5565DE58D83BFC91F4FFB69A797CE02DFCB10A5A6409323845D05A5732E1A84","5E79575325D94AE8D09B97CD0C1C341EBB6AC0A24C3EEE6AE4817A897F97E7A4","C52377235F70A38C61333009FFA2CC97C0BE2B3C102041CB127587B09AB32A95","CEDF3A831603914A5E024C980CCA65AAAAF25544D98538BC416E963DD8632B12","8","608,608884375","24,944381333346023","841142644","Native managed bytes allocated per benchmark operation; not peak/retained/unmanaged memory","2293,2618","2558,7554"
"primary","current","qualified-830951-long-v2-domain0-csv-large-dop4","0","OfficeIMO.Excel.ReaderComparison.Benchmarks","CsvDirectAggregateBenchmarks","OfficeIMOAsyncPathAggregate","Input=NarrowInt-8000000&Dop=4","OfficeIMO.Excel.ReaderComparison.Benchmarks.CsvDirectAggregateBenchmarks.OfficeIMOAsyncPathAggregate(Input: NarrowInt-8000000, Dop: 4)","83095146282a96143b23a79a7ecca058a24a709b","3.4.4+83095146282a96143b23a79a7ecca058a24a709b","F2853A4C62D5C03C5E3F0CBB7CCBB5776FB63CE58CE8933BE4EBAA4F5887502F","3.4.4+83095146282a96143b23a79a7ecca058a24a709b","B5565DE58D83BFC91F4FFB69A797CE02DFCB10A5A6409323845D05A5732E1A84","5E79575325D94AE8D09B97CD0C1C341EBB6AC0A24C3EEE6AE4817A897F97E7A4","C52377235F70A38C61333009FFA2CC97C0BE2B3C102041CB127587B09AB32A95","CEDF3A831603914A5E024C980CCA65AAAAF25544D98538BC416E963DD8632B12","8","2521,224875","337,9118409401186","2273364216","Native managed bytes allocated per benchmark operation; not peak/retained/unmanaged memory","8424,9587","11986,9647"
"primary","current","qualified-830951-long-v2-domain0-csv-large-dop4","0","OfficeIMO.Excel.ReaderComparison.Benchmarks","CsvDirectAggregateBenchmarks","OfficeIMOAsyncStreamAggregate","Input=NarrowInt-8000000&Dop=4","OfficeIMO.Excel.ReaderComparison.Benchmarks.CsvDirectAggregateBenchmarks.OfficeIMOAsyncStreamAggregate(Input: NarrowInt-8000000, Dop: 4)","83095146282a96143b23a79a7ecca058a24a709b","3.4.4+83095146282a96143b23a79a7ecca058a24a709b","F2853A4C62D5C03C5E3F0CBB7CCBB5776FB63CE58CE8933BE4EBAA4F5887502F","3.4.4+83095146282a96143b23a79a7ecca058a24a709b","B5565DE58D83BFC91F4FFB69A797CE02DFCB10A5A6409323845D05A5732E1A84","5E79575325D94AE8D09B97CD0C1C341EBB6AC0A24C3EEE6AE4817A897F97E7A4","C52377235F70A38C61333009FFA2CC97C0BE2B3C102041CB127587B09AB32A95","CEDF3A831603914A5E024C980CCA65AAAAF25544D98538BC416E963DD8632B12","8","2634,036475","226,14497489041145","2273374356","Native managed bytes allocated per benchmark operation; not peak/retained/unmanaged memory","8875,9888","11550,3422"
"primary","current","qualified-830951-long-v2-domain0-csv-large-dop4","0","OfficeIMO.Excel.ReaderComparison.Benchmarks","CsvParallelTypedBenchmarks","ExcelReaderParallel","Input=Conve(...)00000 [23]&Dop=4","OfficeIMO.Excel.ReaderComparison.Benchmarks.CsvParallelTypedBenchmarks.ExcelReaderParallel(Input: ConversionHeavy-4300000, Dop: 4)","83095146282a96143b23a79a7ecca058a24a709b","3.4.4+83095146282a96143b23a79a7ecca058a24a709b","F2853A4C62D5C03C5E3F0CBB7CCBB5776FB63CE58CE8933BE4EBAA4F5887502F","3.4.4+83095146282a96143b23a79a7ecca058a24a709b","B5565DE58D83BFC91F4FFB69A797CE02DFCB10A5A6409323845D05A5732E1A84","5E79575325D94AE8D09B97CD0C1C341EBB6AC0A24C3EEE6AE4817A897F97E7A4","C52377235F70A38C61333009FFA2CC97C0BE2B3C102041CB127587B09AB32A95","CEDF3A831603914A5E024C980CCA65AAAAF25544D98538BC416E963DD8632B12","8","325,83603125","18,21320726168508","713241318","Native managed bytes allocated per benchmark operation; not peak/retained/unmanaged memory","1191,1871","1384,744"
"primary","current","qualified-830951-long-v2-domain0-csv-large-dop4","0","OfficeIMO.Excel.ReaderComparison.Benchmarks","CsvParallelTypedBenchmarks","OfficeIMOCoreParallel","Input=Conve(...)00000 [23]&Dop=4","OfficeIMO.Excel.ReaderComparison.Benchmarks.CsvParallelTypedBenchmarks.OfficeIMOCoreParallel(Input: ConversionHeavy-4300000, Dop: 4)","83095146282a96143b23a79a7ecca058a24a709b","3.4.4+83095146282a96143b23a79a7ecca058a24a709b","F2853A4C62D5C03C5E3F0CBB7CCBB5776FB63CE58CE8933BE4EBAA4F5887502F","3.4.4+83095146282a96143b23a79a7ecca058a24a709b","B5565DE58D83BFC91F4FFB69A797CE02DFCB10A5A6409323845D05A5732E1A84","5E79575325D94AE8D09B97CD0C1C341EBB6AC0A24C3EEE6AE4817A897F97E7A4","C52377235F70A38C61333009FFA2CC97C0BE2B3C102041CB127587B09AB32A95","CEDF3A831603914A5E024C980CCA65AAAAF25544D98538BC416E963DD8632B12","8","1256,494553125","118,40252928479478","1920274754","Native managed bytes allocated per benchmark operation; not peak/retained/unmanaged memory","4405,7691","5529,1623"
"primary","current","qualified-830951-long-v2-domain0-csv-large-dop4","0","OfficeIMO.Excel.ReaderComparison.Benchmarks","CsvParallelTypedBenchmarks","OfficeIMOTextParallel","Input=Conve(...)00000 [23]&Dop=4","OfficeIMO.Excel.ReaderComparison.Benchmarks.CsvParallelTypedBenchmarks.OfficeIMOTextParallel(Input: ConversionHeavy-4300000, Dop: 4)","83095146282a96143b23a79a7ecca058a24a709b","3.4.4+83095146282a96143b23a79a7ecca058a24a709b","F2853A4C62D5C03C5E3F0CBB7CCBB5776FB63CE58CE8933BE4EBAA4F5887502F","3.4.4+83095146282a96143b23a79a7ecca058a24a709b","B5565DE58D83BFC91F4FFB69A797CE02DFCB10A5A6409323845D05A5732E1A84","5E79575325D94AE8D09B97CD0C1C341EBB6AC0A24C3EEE6AE4817A897F97E7A4","C52377235F70A38C61333009FFA2CC97C0BE2B3C102041CB127587B09AB32A95","CEDF3A831603914A5E024C980CCA65AAAAF25544D98538BC416E963DD8632B12","8","562,46880625","65,93452475053884","1537859510","Native managed bytes allocated per benchmark operation; not peak/retained/unmanaged memory","1895,1048","2701,0775"
"primary","current","qualified-830951-long-v2-domain0-csv-large-dop4","0","OfficeIMO.Excel.ReaderComparison.Benchmarks","CsvParallelTypedBenchmarks","ExcelReaderParallel","Input=Conve(...)00000 [25]&Dop=4","OfficeIMO.Excel.ReaderComparison.Benchmarks.CsvParallelTypedBenchmarks.ExcelReaderParallel(Input: ConversionHeavy3M-3000000, Dop: 4)","83095146282a96143b23a79a7ecca058a24a709b","3.4.4+83095146282a96143b23a79a7ecca058a24a709b","F2853A4C62D5C03C5E3F0CBB7CCBB5776FB63CE58CE8933BE4EBAA4F5887502F","3.4.4+83095146282a96143b23a79a7ecca058a24a709b","B5565DE58D83BFC91F4FFB69A797CE02DFCB10A5A6409323845D05A5732E1A84","5E79575325D94AE8D09B97CD0C1C341EBB6AC0A24C3EEE6AE4817A897F97E7A4","C52377235F70A38C61333009FFA2CC97C0BE2B3C102041CB127587B09AB32A95","CEDF3A831603914A5E024C980CCA65AAAAF25544D98538BC416E963DD8632B12","8","240,231753125","15,051926190883092","497787094","Native managed bytes allocated per benchmark operation; not peak/retained/unmanaged memory","878,9806","1070,0605"
"primary","current","qualified-830951-long-v2-domain0-csv-large-dop4","0","OfficeIMO.Excel.ReaderComparison.Benchmarks","CsvParallelTypedBenchmarks","OfficeIMOCoreParallel","Input=Conve(...)00000 [25]&Dop=4","OfficeIMO.Excel.ReaderComparison.Benchmarks.CsvParallelTypedBenchmarks.OfficeIMOCoreParallel(Input: ConversionHeavy3M-3000000, Dop: 4)","83095146282a96143b23a79a7ecca058a24a709b","3.4.4+83095146282a96143b23a79a7ecca058a24a709b","F2853A4C62D5C03C5E3F0CBB7CCBB5776FB63CE58CE8933BE4EBAA4F5887502F","3.4.4+83095146282a96143b23a79a7ecca058a24a709b","B5565DE58D83BFC91F4FFB69A797CE02DFCB10A5A6409323845D05A5732E1A84","5E79575325D94AE8D09B97CD0C1C341EBB6AC0A24C3EEE6AE4817A897F97E7A4","C52377235F70A38C61333009FFA2CC97C0BE2B3C102041CB127587B09AB32A95","CEDF3A831603914A5E024C980CCA65AAAAF25544D98538BC416E963DD8632B12","8","871,284015625","75,411375960532","1339748386","Native managed bytes allocated per benchmark operation; not peak/retained/unmanaged memory","3202,4086","4057,9623"
"primary","current","qualified-830951-long-v2-domain0-csv-large-dop4","0","OfficeIMO.Excel.ReaderComparison.Benchmarks","CsvParallelTypedBenchmarks","OfficeIMOTextParallel","Input=Conve(...)00000 [25]&Dop=4","OfficeIMO.Excel.ReaderComparison.Benchmarks.CsvParallelTypedBenchmarks.OfficeIMOTextParallel(Input: ConversionHeavy3M-3000000, Dop: 4)","83095146282a96143b23a79a7ecca058a24a709b","3.4.4+83095146282a96143b23a79a7ecca058a24a709b","F2853A4C62D5C03C5E3F0CBB7CCBB5776FB63CE58CE8933BE4EBAA4F5887502F","3.4.4+83095146282a96143b23a79a7ecca058a24a709b","B5565DE58D83BFC91F4FFB69A797CE02DFCB10A5A6409323845D05A5732E1A84","5E79575325D94AE8D09B97CD0C1C341EBB6AC0A24C3EEE6AE4817A897F97E7A4","C52377235F70A38C61333009FFA2CC97C0BE2B3C102041CB127587B09AB32A95","CEDF3A831603914A5E024C980CCA65AAAAF25544D98538BC416E963DD8632B12","8","437,37705","22,736573211992297","1072116748","Native managed bytes allocated per benchmark operation; not peak/retained/unmanaged memory","1630,4544","1897,0394"
"primary","current","qualified-830951-long-v2-domain0-csv-large-dop4","0","OfficeIMO.Excel.ReaderComparison.Benchmarks","CsvParallelTypedBenchmarks","ExcelReaderParallel","Input=NarrowInt-8000000&Dop=4","OfficeIMO.Excel.ReaderComparison.Benchmarks.CsvParallelTypedBenchmarks.ExcelReaderParallel(Input: NarrowInt-8000000, Dop: 4)","83095146282a96143b23a79a7ecca058a24a709b","3.4.4+83095146282a96143b23a79a7ecca058a24a709b","F2853A4C62D5C03C5E3F0CBB7CCBB5776FB63CE58CE8933BE4EBAA4F5887502F","3.4.4+83095146282a96143b23a79a7ecca058a24a709b","B5565DE58D83BFC91F4FFB69A797CE02DFCB10A5A6409323845D05A5732E1A84","5E79575325D94AE8D09B97CD0C1C341EBB6AC0A24C3EEE6AE4817A897F97E7A4","C52377235F70A38C61333009FFA2CC97C0BE2B3C102041CB127587B09AB32A95","CEDF3A831603914A5E024C980CCA65AAAAF25544D98538BC416E963DD8632B12","8","223,156978125","4,233855409933242","267190958","Native managed bytes allocated per benchmark operation; not peak/retained/unmanaged memory","871,8466","926,7361"
"primary","current","qualified-830951-long-v2-domain0-csv-large-dop4","0","OfficeIMO.Excel.ReaderComparison.Benchmarks","CsvParallelTypedBenchmarks","OfficeIMOCoreParallel","Input=NarrowInt-8000000&Dop=4","OfficeIMO.Excel.ReaderComparison.Benchmarks.CsvParallelTypedBenchmarks.OfficeIMOCoreParallel(Input: NarrowInt-8000000, Dop: 4)","83095146282a96143b23a79a7ecca058a24a709b","3.4.4+83095146282a96143b23a79a7ecca058a24a709b","F2853A4C62D5C03C5E3F0CBB7CCBB5776FB63CE58CE8933BE4EBAA4F5887502F","3.4.4+83095146282a96143b23a79a7ecca058a24a709b","B5565DE58D83BFC91F4FFB69A797CE02DFCB10A5A6409323845D05A5732E1A84","5E79575325D94AE8D09B97CD0C1C341EBB6AC0A24C3EEE6AE4817A897F97E7A4","C52377235F70A38C61333009FFA2CC97C0BE2B3C102041CB127587B09AB32A95","CEDF3A831603914A5E024C980CCA65AAAAF25544D98538BC416E963DD8632B12","8","1951,674928125","114,07421523589245","1950392250","Native managed bytes allocated per benchmark operation; not peak/retained/unmanaged memory","7207,6506","8525,3491"
"primary","current","qualified-830951-long-v2-domain0-csv-large-dop4","0","OfficeIMO.Excel.ReaderComparison.Benchmarks","CsvParallelTypedBenchmarks","OfficeIMOTextParallel","Input=NarrowInt-8000000&Dop=4","OfficeIMO.Excel.ReaderComparison.Benchmarks.CsvParallelTypedBenchmarks.OfficeIMOTextParallel(Input: NarrowInt-8000000, Dop: 4)","83095146282a96143b23a79a7ecca058a24a709b","3.4.4+83095146282a96143b23a79a7ecca058a24a709b","F2853A4C62D5C03C5E3F0CBB7CCBB5776FB63CE58CE8933BE4EBAA4F5887502F","3.4.4+83095146282a96143b23a79a7ecca058a24a709b","B5565DE58D83BFC91F4FFB69A797CE02DFCB10A5A6409323845D05A5732E1A84","5E79575325D94AE8D09B97CD0C1C341EBB6AC0A24C3EEE6AE4817A897F97E7A4","C52377235F70A38C61333009FFA2CC97C0BE2B3C102041CB127587B09AB32A95","CEDF3A831603914A5E024C980CCA65AAAAF25544D98538BC416E963DD8632B12","8","570,764328125","26,086119544642887","1097690672","Native managed bytes allocated per benchmark operation; not peak/retained/unmanaged memory","2106,7979","2401,0483"
"primary","current","qualified-830951-long-v2-domain0-arrow","0","OfficeIMO.Excel.ReaderComparison.Benchmarks","ArrowConversionBenchmarks","ExcelReader","RowCount=100000&Scenario=CsvAllString","OfficeIMO.Excel.ReaderComparison.Benchmarks.ArrowConversionBenchmarks.ExcelReader(RowCount: 100000, Scenario: CsvAllString)","83095146282a96143b23a79a7ecca058a24a709b","3.4.4+83095146282a96143b23a79a7ecca058a24a709b","F2853A4C62D5C03C5E3F0CBB7CCBB5776FB63CE58CE8933BE4EBAA4F5887502F","3.4.4+83095146282a96143b23a79a7ecca058a24a709b","B5565DE58D83BFC91F4FFB69A797CE02DFCB10A5A6409323845D05A5732E1A84","5E79575325D94AE8D09B97CD0C1C341EBB6AC0A24C3EEE6AE4817A897F97E7A4","C52377235F70A38C61333009FFA2CC97C0BE2B3C102041CB127587B09AB32A95","CEDF3A831603914A5E024C980CCA65AAAAF25544D98538BC416E963DD8632B12","15","14,610975294117647","1,127036924556826","17058621","Native managed bytes allocated per benchmark operation; not peak/retained/unmanaged memory","878,8831","1148,6805"
"primary","current","qualified-830951-long-v2-domain0-arrow","0","OfficeIMO.Excel.ReaderComparison.Benchmarks","ArrowConversionBenchmarks","OfficeIMO","RowCount=100000&Scenario=CsvAllString","OfficeIMO.Excel.ReaderComparison.Benchmarks.ArrowConversionBenchmarks.OfficeIMO(RowCount: 100000, Scenario: CsvAllString)","83095146282a96143b23a79a7ecca058a24a709b","3.4.4+83095146282a96143b23a79a7ecca058a24a709b","F2853A4C62D5C03C5E3F0CBB7CCBB5776FB63CE58CE8933BE4EBAA4F5887502F","3.4.4+83095146282a96143b23a79a7ecca058a24a709b","B5565DE58D83BFC91F4FFB69A797CE02DFCB10A5A6409323845D05A5732E1A84","5E79575325D94AE8D09B97CD0C1C341EBB6AC0A24C3EEE6AE4817A897F97E7A4","C52377235F70A38C61333009FFA2CC97C0BE2B3C102041CB127587B09AB32A95","CEDF3A831603914A5E024C980CCA65AAAAF25544D98538BC416E963DD8632B12","15","42,74724435897436","3,614945552168875","51803353","Native managed bytes allocated per benchmark operation; not peak/retained/unmanaged memory","906,1808","1264,1386"
"primary","current","qualified-830951-long-v2-domain0-arrow","0","OfficeIMO.Excel.ReaderComparison.Benchmarks","ArrowConversionBenchmarks","ExcelReader","RowCount=100000&Scenario=CsvTyped","OfficeIMO.Excel.ReaderComparison.Benchmarks.ArrowConversionBenchmarks.ExcelReader(RowCount: 100000, Scenario: CsvTyped)","83095146282a96143b23a79a7ecca058a24a709b","3.4.4+83095146282a96143b23a79a7ecca058a24a709b","F2853A4C62D5C03C5E3F0CBB7CCBB5776FB63CE58CE8933BE4EBAA4F5887502F","3.4.4+83095146282a96143b23a79a7ecca058a24a709b","B5565DE58D83BFC91F4FFB69A797CE02DFCB10A5A6409323845D05A5732E1A84","5E79575325D94AE8D09B97CD0C1C341EBB6AC0A24C3EEE6AE4817A897F97E7A4","C52377235F70A38C61333009FFA2CC97C0BE2B3C102041CB127587B09AB32A95","CEDF3A831603914A5E024C980CCA65AAAAF25544D98538BC416E963DD8632B12","15","9,690893231292517","0,9417372451179138","8528877","Native managed bytes allocated per benchmark operation; not peak/retained/unmanaged memory","785,8063","1076,4015"
"primary","current","qualified-830951-long-v2-domain0-arrow","0","OfficeIMO.Excel.ReaderComparison.Benchmarks","ArrowConversionBenchmarks","OfficeIMO","RowCount=100000&Scenario=CsvTyped","OfficeIMO.Excel.ReaderComparison.Benchmarks.ArrowConversionBenchmarks.OfficeIMO(RowCount: 100000, Scenario: CsvTyped)","83095146282a96143b23a79a7ecca058a24a709b","3.4.4+83095146282a96143b23a79a7ecca058a24a709b","F2853A4C62D5C03C5E3F0CBB7CCBB5776FB63CE58CE8933BE4EBAA4F5887502F","3.4.4+83095146282a96143b23a79a7ecca058a24a709b","B5565DE58D83BFC91F4FFB69A797CE02DFCB10A5A6409323845D05A5732E1A84","5E79575325D94AE8D09B97CD0C1C341EBB6AC0A24C3EEE6AE4817A897F97E7A4","C52377235F70A38C61333009FFA2CC97C0BE2B3C102041CB127587B09AB32A95","CEDF3A831603914A5E024C980CCA65AAAAF25544D98538BC416E963DD8632B12","15","26,87048941666667","1,480779690223094","22597304","Native managed bytes allocated per benchmark operation; not peak/retained/unmanaged memory","970,6542","1207,0938"
"primary","current","qualified-830951-long-v2-domain0-arrow","0","OfficeIMO.Excel.ReaderComparison.Benchmarks","ArrowConversionBenchmarks","ExcelReader","RowCount=100000&Scenario=XlsbTyped","OfficeIMO.Excel.ReaderComparison.Benchmarks.ArrowConversionBenchmarks.ExcelReader(RowCount: 100000, Scenario: XlsbTyped)","83095146282a96143b23a79a7ecca058a24a709b","3.4.4+83095146282a96143b23a79a7ecca058a24a709b","F2853A4C62D5C03C5E3F0CBB7CCBB5776FB63CE58CE8933BE4EBAA4F5887502F","3.4.4+83095146282a96143b23a79a7ecca058a24a709b","B5565DE58D83BFC91F4FFB69A797CE02DFCB10A5A6409323845D05A5732E1A84","5E79575325D94AE8D09B97CD0C1C341EBB6AC0A24C3EEE6AE4817A897F97E7A4","C52377235F70A38C61333009FFA2CC97C0BE2B3C102041CB127587B09AB32A95","CEDF3A831603914A5E024C980CCA65AAAAF25544D98538BC416E963DD8632B12","15","15,154068787878783","0,9650260419540745","8532085","Native managed bytes allocated per benchmark operation; not peak/retained/unmanaged memory","898,0488","1124,5644"
"primary","current","qualified-830951-long-v2-domain0-arrow","0","OfficeIMO.Excel.ReaderComparison.Benchmarks","ArrowConversionBenchmarks","OfficeIMO","RowCount=100000&Scenario=XlsbTyped","OfficeIMO.Excel.ReaderComparison.Benchmarks.ArrowConversionBenchmarks.OfficeIMO(RowCount: 100000, Scenario: XlsbTyped)","83095146282a96143b23a79a7ecca058a24a709b","3.4.4+83095146282a96143b23a79a7ecca058a24a709b","F2853A4C62D5C03C5E3F0CBB7CCBB5776FB63CE58CE8933BE4EBAA4F5887502F","3.4.4+83095146282a96143b23a79a7ecca058a24a709b","B5565DE58D83BFC91F4FFB69A797CE02DFCB10A5A6409323845D05A5732E1A84","5E79575325D94AE8D09B97CD0C1C341EBB6AC0A24C3EEE6AE4817A897F97E7A4","C52377235F70A38C61333009FFA2CC97C0BE2B3C102041CB127587B09AB32A95","CEDF3A831603914A5E024C980CCA65AAAAF25544D98538BC416E963DD8632B12","15","24,169844912280695","2,3510288571666615","9529745","Native managed bytes allocated per benchmark operation; not peak/retained/unmanaged memory","726,5266","1037,7244"
"primary","current","qualified-830951-long-v2-domain0-arrow","0","OfficeIMO.Excel.ReaderComparison.Benchmarks","ArrowInferredConversionBenchmarks","ExcelReader_CsvTypedWithInference","RowCount=100000","OfficeIMO.Excel.ReaderComparison.Benchmarks.ArrowInferredConversionBenchmarks.ExcelReader_CsvTypedWithInference(RowCount: 100000)","83095146282a96143b23a79a7ecca058a24a709b","3.4.4+83095146282a96143b23a79a7ecca058a24a709b","F2853A4C62D5C03C5E3F0CBB7CCBB5776FB63CE58CE8933BE4EBAA4F5887502F","3.4.4+83095146282a96143b23a79a7ecca058a24a709b","B5565DE58D83BFC91F4FFB69A797CE02DFCB10A5A6409323845D05A5732E1A84","5E79575325D94AE8D09B97CD0C1C341EBB6AC0A24C3EEE6AE4817A897F97E7A4","C52377235F70A38C61333009FFA2CC97C0BE2B3C102041CB127587B09AB32A95","CEDF3A831603914A5E024C980CCA65AAAAF25544D98538BC416E963DD8632B12","15","10,948996627450981","0,551513120628137","15610025","Native managed bytes allocated per benchmark operation; not peak/retained/unmanaged memory","866,5309","1031,7811"
"primary","current","qualified-830951-long-v2-domain0-encrypted","0","OfficeIMO.Excel.ReaderComparison.Benchmarks","EncryptedVerifiedAsyncReadBenchmarks","ExcelReaderVerifiedStreamAsync","Input=OriginalSmallXlsx","OfficeIMO.Excel.ReaderComparison.Benchmarks.EncryptedVerifiedAsyncReadBenchmarks.ExcelReaderVerifiedStreamAsync(Input: OriginalSmallXlsx)","83095146282a96143b23a79a7ecca058a24a709b","3.4.4+83095146282a96143b23a79a7ecca058a24a709b","F2853A4C62D5C03C5E3F0CBB7CCBB5776FB63CE58CE8933BE4EBAA4F5887502F","3.4.4+83095146282a96143b23a79a7ecca058a24a709b","B5565DE58D83BFC91F4FFB69A797CE02DFCB10A5A6409323845D05A5732E1A84","5E79575325D94AE8D09B97CD0C1C341EBB6AC0A24C3EEE6AE4817A897F97E7A4","C52377235F70A38C61333009FFA2CC97C0BE2B3C102041CB127587B09AB32A95","CEDF3A831603914A5E024C980CCA65AAAAF25544D98538BC416E963DD8632B12","12","23,18231481481481","1,5430773227689136","64866","Native managed bytes allocated per benchmark operation; not peak/retained/unmanaged memory","769,4922","916,5684"
"primary","current","qualified-830951-long-v2-domain0-encrypted","0","OfficeIMO.Excel.ReaderComparison.Benchmarks","EncryptedVerifiedAsyncReadBenchmarks","OfficeIMOVerifiedStreamAsync","Input=OriginalSmallXlsx","OfficeIMO.Excel.ReaderComparison.Benchmarks.EncryptedVerifiedAsyncReadBenchmarks.OfficeIMOVerifiedStreamAsync(Input: OriginalSmallXlsx)","83095146282a96143b23a79a7ecca058a24a709b","3.4.4+83095146282a96143b23a79a7ecca058a24a709b","F2853A4C62D5C03C5E3F0CBB7CCBB5776FB63CE58CE8933BE4EBAA4F5887502F","3.4.4+83095146282a96143b23a79a7ecca058a24a709b","B5565DE58D83BFC91F4FFB69A797CE02DFCB10A5A6409323845D05A5732E1A84","5E79575325D94AE8D09B97CD0C1C341EBB6AC0A24C3EEE6AE4817A897F97E7A4","C52377235F70A38C61333009FFA2CC97C0BE2B3C102041CB127587B09AB32A95","CEDF3A831603914A5E024C980CCA65AAAAF25544D98538BC416E963DD8632B12","12","22,73902482993197","0,7648882117628425","269044","Native managed bytes allocated per benchmark operation; not peak/retained/unmanaged memory","1044,1375","1163,0463"
"primary","current","qualified-830951-long-v2-domain0-encrypted","0","OfficeIMO.Excel.ReaderComparison.Benchmarks","EncryptedVerifiedAsyncReadBenchmarks","ExcelReaderVerifiedStreamAsync","Input=GeneratedLargeXlsx","OfficeIMO.Excel.ReaderComparison.Benchmarks.EncryptedVerifiedAsyncReadBenchmarks.ExcelReaderVerifiedStreamAsync(Input: GeneratedLargeXlsx)","83095146282a96143b23a79a7ecca058a24a709b","3.4.4+83095146282a96143b23a79a7ecca058a24a709b","F2853A4C62D5C03C5E3F0CBB7CCBB5776FB63CE58CE8933BE4EBAA4F5887502F","3.4.4+83095146282a96143b23a79a7ecca058a24a709b","B5565DE58D83BFC91F4FFB69A797CE02DFCB10A5A6409323845D05A5732E1A84","5E79575325D94AE8D09B97CD0C1C341EBB6AC0A24C3EEE6AE4817A897F97E7A4","C52377235F70A38C61333009FFA2CC97C0BE2B3C102041CB127587B09AB32A95","CEDF3A831603914A5E024C980CCA65AAAAF25544D98538BC416E963DD8632B12","12","72,79918333333333","5,148859349752656","10294252","Native managed bytes allocated per benchmark operation; not peak/retained/unmanaged memory","604,4302","753,4426"
"primary","current","qualified-830951-long-v2-domain0-encrypted","0","OfficeIMO.Excel.ReaderComparison.Benchmarks","EncryptedVerifiedAsyncReadBenchmarks","OfficeIMOVerifiedStreamAsync","Input=GeneratedLargeXlsx","OfficeIMO.Excel.ReaderComparison.Benchmarks.EncryptedVerifiedAsyncReadBenchmarks.OfficeIMOVerifiedStreamAsync(Input: GeneratedLargeXlsx)","83095146282a96143b23a79a7ecca058a24a709b","3.4.4+83095146282a96143b23a79a7ecca058a24a709b","F2853A4C62D5C03C5E3F0CBB7CCBB5776FB63CE58CE8933BE4EBAA4F5887502F","3.4.4+83095146282a96143b23a79a7ecca058a24a709b","B5565DE58D83BFC91F4FFB69A797CE02DFCB10A5A6409323845D05A5732E1A84","5E79575325D94AE8D09B97CD0C1C341EBB6AC0A24C3EEE6AE4817A897F97E7A4","C52377235F70A38C61333009FFA2CC97C0BE2B3C102041CB127587B09AB32A95","CEDF3A831603914A5E024C980CCA65AAAAF25544D98538BC416E963DD8632B12","12","157,3207875","11,963928274535863","68264531","Native managed bytes allocated per benchmark operation; not peak/retained/unmanaged memory","745,874","1030,9797"
"primary","current","qualified-830951-long-v2-domain0-encrypted","0","OfficeIMO.Excel.ReaderComparison.Benchmarks","EncryptedVerifiedReadBenchmarks","ExcelReaderVerifiedFullFields","Input=OriginalSmallXlsx&MemoryInput=False","OfficeIMO.Excel.ReaderComparison.Benchmarks.EncryptedVerifiedReadBenchmarks.ExcelReaderVerifiedFullFields(Input: OriginalSmallXlsx, MemoryInput: False)","83095146282a96143b23a79a7ecca058a24a709b","3.4.4+83095146282a96143b23a79a7ecca058a24a709b","F2853A4C62D5C03C5E3F0CBB7CCBB5776FB63CE58CE8933BE4EBAA4F5887502F","3.4.4+83095146282a96143b23a79a7ecca058a24a709b","B5565DE58D83BFC91F4FFB69A797CE02DFCB10A5A6409323845D05A5732E1A84","5E79575325D94AE8D09B97CD0C1C341EBB6AC0A24C3EEE6AE4817A897F97E7A4","C52377235F70A38C61333009FFA2CC97C0BE2B3C102041CB127587B09AB32A95","CEDF3A831603914A5E024C980CCA65AAAAF25544D98538BC416E963DD8632B12","12","21,92135544217687","1,4673146977189873","41564","Native managed bytes allocated per benchmark operation; not peak/retained/unmanaged memory","982,0481","1200,4077"
"primary","current","qualified-830951-long-v2-domain0-encrypted","0","OfficeIMO.Excel.ReaderComparison.Benchmarks","EncryptedVerifiedReadBenchmarks","OfficeIMOVerifiedFullFields","Input=OriginalSmallXlsx&MemoryInput=False","OfficeIMO.Excel.ReaderComparison.Benchmarks.EncryptedVerifiedReadBenchmarks.OfficeIMOVerifiedFullFields(Input: OriginalSmallXlsx, MemoryInput: False)","83095146282a96143b23a79a7ecca058a24a709b","3.4.4+83095146282a96143b23a79a7ecca058a24a709b","F2853A4C62D5C03C5E3F0CBB7CCBB5776FB63CE58CE8933BE4EBAA4F5887502F","3.4.4+83095146282a96143b23a79a7ecca058a24a709b","B5565DE58D83BFC91F4FFB69A797CE02DFCB10A5A6409323845D05A5732E1A84","5E79575325D94AE8D09B97CD0C1C341EBB6AC0A24C3EEE6AE4817A897F97E7A4","C52377235F70A38C61333009FFA2CC97C0BE2B3C102041CB127587B09AB32A95","CEDF3A831603914A5E024C980CCA65AAAAF25544D98538BC416E963DD8632B12","12","24,06175376984127","0,9476134619054079","267713","Native managed bytes allocated per benchmark operation; not peak/retained/unmanaged memory","928,8489","1062,1631"
"primary","current","qualified-830951-long-v2-domain0-encrypted","0","OfficeIMO.Excel.ReaderComparison.Benchmarks","EncryptedVerifiedReadBenchmarks","ExcelReaderVerifiedFullFields","Input=OriginalSmallXlsx&MemoryInput=True","OfficeIMO.Excel.ReaderComparison.Benchmarks.EncryptedVerifiedReadBenchmarks.ExcelReaderVerifiedFullFields(Input: OriginalSmallXlsx, MemoryInput: True)","83095146282a96143b23a79a7ecca058a24a709b","3.4.4+83095146282a96143b23a79a7ecca058a24a709b","F2853A4C62D5C03C5E3F0CBB7CCBB5776FB63CE58CE8933BE4EBAA4F5887502F","3.4.4+83095146282a96143b23a79a7ecca058a24a709b","B5565DE58D83BFC91F4FFB69A797CE02DFCB10A5A6409323845D05A5732E1A84","5E79575325D94AE8D09B97CD0C1C341EBB6AC0A24C3EEE6AE4817A897F97E7A4","C52377235F70A38C61333009FFA2CC97C0BE2B3C102041CB127587B09AB32A95","CEDF3A831603914A5E024C980CCA65AAAAF25544D98538BC416E963DD8632B12","12","23,22013031914894","1,2390657237159228","54858","Native managed bytes allocated per benchmark operation; not peak/retained/unmanaged memory","1013,1057","1183,735"
"primary","current","qualified-830951-long-v2-domain0-encrypted","0","OfficeIMO.Excel.ReaderComparison.Benchmarks","EncryptedVerifiedReadBenchmarks","OfficeIMOVerifiedFullFields","Input=OriginalSmallXlsx&MemoryInput=True","OfficeIMO.Excel.ReaderComparison.Benchmarks.EncryptedVerifiedReadBenchmarks.OfficeIMOVerifiedFullFields(Input: OriginalSmallXlsx, MemoryInput: True)","83095146282a96143b23a79a7ecca058a24a709b","3.4.4+83095146282a96143b23a79a7ecca058a24a709b","F2853A4C62D5C03C5E3F0CBB7CCBB5776FB63CE58CE8933BE4EBAA4F5887502F","3.4.4+83095146282a96143b23a79a7ecca058a24a709b","B5565DE58D83BFC91F4FFB69A797CE02DFCB10A5A6409323845D05A5732E1A84","5E79575325D94AE8D09B97CD0C1C341EBB6AC0A24C3EEE6AE4817A897F97E7A4","C52377235F70A38C61333009FFA2CC97C0BE2B3C102041CB127587B09AB32A95","CEDF3A831603914A5E024C980CCA65AAAAF25544D98538BC416E963DD8632B12","12","23,865896768707483","1,7152976486790892","247948","Native managed bytes allocated per benchmark operation; not peak/retained/unmanaged memory","1034,729","1263,0326"
"primary","current","qualified-830951-long-v2-domain0-encrypted","0","OfficeIMO.Excel.ReaderComparison.Benchmarks","EncryptedVerifiedReadBenchmarks","ExcelReaderVerifiedFullFields","Input=GeneratedLargeXlsx&MemoryInput=False","OfficeIMO.Excel.ReaderComparison.Benchmarks.EncryptedVerifiedReadBenchmarks.ExcelReaderVerifiedFullFields(Input: GeneratedLargeXlsx, MemoryInput: False)","83095146282a96143b23a79a7ecca058a24a709b","3.4.4+83095146282a96143b23a79a7ecca058a24a709b","F2853A4C62D5C03C5E3F0CBB7CCBB5776FB63CE58CE8933BE4EBAA4F5887502F","3.4.4+83095146282a96143b23a79a7ecca058a24a709b","B5565DE58D83BFC91F4FFB69A797CE02DFCB10A5A6409323845D05A5732E1A84","5E79575325D94AE8D09B97CD0C1C341EBB6AC0A24C3EEE6AE4817A897F97E7A4","C52377235F70A38C61333009FFA2CC97C0BE2B3C102041CB127587B09AB32A95","CEDF3A831603914A5E024C980CCA65AAAAF25544D98538BC416E963DD8632B12","12","71,6742875","5,240246696691301","9932730","Native managed bytes allocated per benchmark operation; not peak/retained/unmanaged memory","640,3038","793,0129"
"primary","current","qualified-830951-long-v2-domain0-encrypted","0","OfficeIMO.Excel.ReaderComparison.Benchmarks","EncryptedVerifiedReadBenchmarks","OfficeIMOVerifiedFullFields","Input=GeneratedLargeXlsx&MemoryInput=False","OfficeIMO.Excel.ReaderComparison.Benchmarks.EncryptedVerifiedReadBenchmarks.OfficeIMOVerifiedFullFields(Input: GeneratedLargeXlsx, MemoryInput: False)","83095146282a96143b23a79a7ecca058a24a709b","3.4.4+83095146282a96143b23a79a7ecca058a24a709b","F2853A4C62D5C03C5E3F0CBB7CCBB5776FB63CE58CE8933BE4EBAA4F5887502F","3.4.4+83095146282a96143b23a79a7ecca058a24a709b","B5565DE58D83BFC91F4FFB69A797CE02DFCB10A5A6409323845D05A5732E1A84","5E79575325D94AE8D09B97CD0C1C341EBB6AC0A24C3EEE6AE4817A897F97E7A4","C52377235F70A38C61333009FFA2CC97C0BE2B3C102041CB127587B09AB32A95","CEDF3A831603914A5E024C980CCA65AAAAF25544D98538BC416E963DD8632B12","12","135,53054166666666","13,731635733133736","68263793","Native managed bytes allocated per benchmark operation; not peak/retained/unmanaged memory","821,1778","1190,3007"
"primary","current","qualified-830951-long-v2-domain0-encrypted","0","OfficeIMO.Excel.ReaderComparison.Benchmarks","EncryptedVerifiedReadBenchmarks","ExcelReaderVerifiedFullFields","Input=GeneratedLargeXlsx&MemoryInput=True","OfficeIMO.Excel.ReaderComparison.Benchmarks.EncryptedVerifiedReadBenchmarks.ExcelReaderVerifiedFullFields(Input: GeneratedLargeXlsx, MemoryInput: True)","83095146282a96143b23a79a7ecca058a24a709b","3.4.4+83095146282a96143b23a79a7ecca058a24a709b","F2853A4C62D5C03C5E3F0CBB7CCBB5776FB63CE58CE8933BE4EBAA4F5887502F","3.4.4+83095146282a96143b23a79a7ecca058a24a709b","B5565DE58D83BFC91F4FFB69A797CE02DFCB10A5A6409323845D05A5732E1A84","5E79575325D94AE8D09B97CD0C1C341EBB6AC0A24C3EEE6AE4817A897F97E7A4","C52377235F70A38C61333009FFA2CC97C0BE2B3C102041CB127587B09AB32A95","CEDF3A831603914A5E024C980CCA65AAAAF25544D98538BC416E963DD8632B12","12","74,2320375","7,048682310968902","19191434","Native managed bytes allocated per benchmark operation; not peak/retained/unmanaged memory","628,3462","852,4551"
"primary","current","qualified-830951-long-v2-domain0-encrypted","0","OfficeIMO.Excel.ReaderComparison.Benchmarks","EncryptedVerifiedReadBenchmarks","OfficeIMOVerifiedFullFields","Input=GeneratedLargeXlsx&MemoryInput=True","OfficeIMO.Excel.ReaderComparison.Benchmarks.EncryptedVerifiedReadBenchmarks.OfficeIMOVerifiedFullFields(Input: GeneratedLargeXlsx, MemoryInput: True)","83095146282a96143b23a79a7ecca058a24a709b","3.4.4+83095146282a96143b23a79a7ecca058a24a709b","F2853A4C62D5C03C5E3F0CBB7CCBB5776FB63CE58CE8933BE4EBAA4F5887502F","3.4.4+83095146282a96143b23a79a7ecca058a24a709b","B5565DE58D83BFC91F4FFB69A797CE02DFCB10A5A6409323845D05A5732E1A84","5E79575325D94AE8D09B97CD0C1C341EBB6AC0A24C3EEE6AE4817A897F97E7A4","C52377235F70A38C61333009FFA2CC97C0BE2B3C102041CB127587B09AB32A95","CEDF3A831603914A5E024C980CCA65AAAAF25544D98538BC416E963DD8632B12","12","139,84604761904765","14,515418002508394","63594265","Native managed bytes allocated per benchmark operation; not peak/retained/unmanaged memory","822,4644","1152,1995"
"primary","current","qualified-830951-long-v2-domain0-cold","0","OfficeIMO.Excel.ReaderComparison.Benchmarks","ColdStartReadBenchmarks","ExcelReaderAttributes","","OfficeIMO.Excel.ReaderComparison.Benchmarks.ColdStartReadBenchmarks.ExcelReaderAttributes","83095146282a96143b23a79a7ecca058a24a709b","3.4.4+83095146282a96143b23a79a7ecca058a24a709b","F2853A4C62D5C03C5E3F0CBB7CCBB5776FB63CE58CE8933BE4EBAA4F5887502F","3.4.4+83095146282a96143b23a79a7ecca058a24a709b","B5565DE58D83BFC91F4FFB69A797CE02DFCB10A5A6409323845D05A5732E1A84","5E79575325D94AE8D09B97CD0C1C341EBB6AC0A24C3EEE6AE4817A897F97E7A4","C52377235F70A38C61333009FFA2CC97C0BE2B3C102041CB127587B09AB32A95","CEDF3A831603914A5E024C980CCA65AAAAF25544D98538BC416E963DD8632B12","16","29,20935","4,337817974204696","21600","Subsequent MemoryDiagnoser extra-statistics invocation: second-use diagnostic allocation, not first-use initialization allocation","26,9602","43,9893"
"primary","current","qualified-830951-long-v2-domain0-cold","0","OfficeIMO.Excel.ReaderComparison.Benchmarks","ColdStartReadBenchmarks","OfficeIMOAutomaticMapping","","OfficeIMO.Excel.ReaderComparison.Benchmarks.ColdStartReadBenchmarks.OfficeIMOAutomaticMapping","83095146282a96143b23a79a7ecca058a24a709b","3.4.4+83095146282a96143b23a79a7ecca058a24a709b","F2853A4C62D5C03C5E3F0CBB7CCBB5776FB63CE58CE8933BE4EBAA4F5887502F","3.4.4+83095146282a96143b23a79a7ecca058a24a709b","B5565DE58D83BFC91F4FFB69A797CE02DFCB10A5A6409323845D05A5732E1A84","5E79575325D94AE8D09B97CD0C1C341EBB6AC0A24C3EEE6AE4817A897F97E7A4","C52377235F70A38C61333009FFA2CC97C0BE2B3C102041CB127587B09AB32A95","CEDF3A831603914A5E024C980CCA65AAAAF25544D98538BC416E963DD8632B12","16","78,42551875","49,66016664438704","96048","Subsequent MemoryDiagnoser extra-statistics invocation: second-use diagnostic allocation, not first-use initialization allocation","64,8492","264,6214"
"primary","current","qualified-830951-long-v2-domain0-cold","0","OfficeIMO.Excel.ReaderComparison.Benchmarks","ColdStartReadBenchmarks","ExcelReaderFluentMapping","","OfficeIMO.Excel.ReaderComparison.Benchmarks.ColdStartReadBenchmarks.ExcelReaderFluentMapping","83095146282a96143b23a79a7ecca058a24a709b","3.4.4+83095146282a96143b23a79a7ecca058a24a709b","F2853A4C62D5C03C5E3F0CBB7CCBB5776FB63CE58CE8933BE4EBAA4F5887502F","3.4.4+83095146282a96143b23a79a7ecca058a24a709b","B5565DE58D83BFC91F4FFB69A797CE02DFCB10A5A6409323845D05A5732E1A84","5E79575325D94AE8D09B97CD0C1C341EBB6AC0A24C3EEE6AE4817A897F97E7A4","C52377235F70A38C61333009FFA2CC97C0BE2B3C102041CB127587B09AB32A95","CEDF3A831603914A5E024C980CCA65AAAAF25544D98538BC416E963DD8632B12","16","24,8942125","2,295675378873648","24608","Subsequent MemoryDiagnoser extra-statistics invocation: second-use diagnostic allocation, not first-use initialization allocation","23,4032","31,4025"
"primary","current","qualified-830951-long-v2-domain0-cold","0","OfficeIMO.Excel.ReaderComparison.Benchmarks","ColdStartReadBenchmarks","ExcelReaderAttributeFallback","","OfficeIMO.Excel.ReaderComparison.Benchmarks.ColdStartReadBenchmarks.ExcelReaderAttributeFallback","83095146282a96143b23a79a7ecca058a24a709b","3.4.4+83095146282a96143b23a79a7ecca058a24a709b","F2853A4C62D5C03C5E3F0CBB7CCBB5776FB63CE58CE8933BE4EBAA4F5887502F","3.4.4+83095146282a96143b23a79a7ecca058a24a709b","B5565DE58D83BFC91F4FFB69A797CE02DFCB10A5A6409323845D05A5732E1A84","5E79575325D94AE8D09B97CD0C1C341EBB6AC0A24C3EEE6AE4817A897F97E7A4","C52377235F70A38C61333009FFA2CC97C0BE2B3C102041CB127587B09AB32A95","CEDF3A831603914A5E024C980CCA65AAAAF25544D98538BC416E963DD8632B12","16","30,0403625","1,8234834227836199","26784","Subsequent MemoryDiagnoser extra-statistics invocation: second-use diagnostic allocation, not first-use initialization allocation","28,82","35,8788"
"primary","current","qualified-830951-long-v2-domain0-cold","0","OfficeIMO.Excel.ReaderComparison.Benchmarks","ColdStartWriteBenchmarks","ExcelReaderAutomaticLayout","","OfficeIMO.Excel.ReaderComparison.Benchmarks.ColdStartWriteBenchmarks.ExcelReaderAutomaticLayout","83095146282a96143b23a79a7ecca058a24a709b","3.4.4+83095146282a96143b23a79a7ecca058a24a709b","F2853A4C62D5C03C5E3F0CBB7CCBB5776FB63CE58CE8933BE4EBAA4F5887502F","3.4.4+83095146282a96143b23a79a7ecca058a24a709b","B5565DE58D83BFC91F4FFB69A797CE02DFCB10A5A6409323845D05A5732E1A84","5E79575325D94AE8D09B97CD0C1C341EBB6AC0A24C3EEE6AE4817A897F97E7A4","C52377235F70A38C61333009FFA2CC97C0BE2B3C102041CB127587B09AB32A95","CEDF3A831603914A5E024C980CCA65AAAAF25544D98538BC416E963DD8632B12","16","33,94255","0,5654885062197699","86272","Subsequent MemoryDiagnoser extra-statistics invocation: second-use diagnostic allocation, not first-use initialization allocation","33,2169","34,9048"
"primary","current","qualified-830951-long-v2-domain0-cold","0","OfficeIMO.Excel.ReaderComparison.Benchmarks","ColdStartWriteBenchmarks","OfficeIMOAutomaticLayout","","OfficeIMO.Excel.ReaderComparison.Benchmarks.ColdStartWriteBenchmarks.OfficeIMOAutomaticLayout","83095146282a96143b23a79a7ecca058a24a709b","3.4.4+83095146282a96143b23a79a7ecca058a24a709b","F2853A4C62D5C03C5E3F0CBB7CCBB5776FB63CE58CE8933BE4EBAA4F5887502F","3.4.4+83095146282a96143b23a79a7ecca058a24a709b","B5565DE58D83BFC91F4FFB69A797CE02DFCB10A5A6409323845D05A5732E1A84","5E79575325D94AE8D09B97CD0C1C341EBB6AC0A24C3EEE6AE4817A897F97E7A4","C52377235F70A38C61333009FFA2CC97C0BE2B3C102041CB127587B09AB32A95","CEDF3A831603914A5E024C980CCA65AAAAF25544D98538BC416E963DD8632B12","16","125,10815625","2,0882653994703357","680816","Subsequent MemoryDiagnoser extra-statistics invocation: second-use diagnostic allocation, not first-use initialization allocation","122,783","130,0802"
"primary","current","qualified-830951-long-v2-domain1-generated","1","OfficeIMO.Excel.ReaderComparison.Benchmarks","BorrowedRefStructReadBenchmarks","ExcelReaderMappedRefStruct","RowCount=50000","OfficeIMO.Excel.ReaderComparison.Benchmarks.BorrowedRefStructReadBenchmarks.ExcelReaderMappedRefStruct(RowCount: 50000)","83095146282a96143b23a79a7ecca058a24a709b","3.4.4+83095146282a96143b23a79a7ecca058a24a709b","F2853A4C62D5C03C5E3F0CBB7CCBB5776FB63CE58CE8933BE4EBAA4F5887502F","3.4.4+83095146282a96143b23a79a7ecca058a24a709b","B5565DE58D83BFC91F4FFB69A797CE02DFCB10A5A6409323845D05A5732E1A84","5E79575325D94AE8D09B97CD0C1C341EBB6AC0A24C3EEE6AE4817A897F97E7A4","C52377235F70A38C61333009FFA2CC97C0BE2B3C102041CB127587B09AB32A95","CEDF3A831603914A5E024C980CCA65AAAAF25544D98538BC416E963DD8632B12","15","7,661197384615386","0,4267533546424047","4464","Native managed bytes allocated per benchmark operation; not peak/retained/unmanaged memory","933,8476","1090,3222"
"primary","current","qualified-830951-long-v2-domain1-generated","1","OfficeIMO.Excel.ReaderComparison.Benchmarks","BorrowedRefStructReadBenchmarks","OfficeIMOFactoryRefStruct","RowCount=50000","OfficeIMO.Excel.ReaderComparison.Benchmarks.BorrowedRefStructReadBenchmarks.OfficeIMOFactoryRefStruct(RowCount: 50000)","83095146282a96143b23a79a7ecca058a24a709b","3.4.4+83095146282a96143b23a79a7ecca058a24a709b","F2853A4C62D5C03C5E3F0CBB7CCBB5776FB63CE58CE8933BE4EBAA4F5887502F","3.4.4+83095146282a96143b23a79a7ecca058a24a709b","B5565DE58D83BFC91F4FFB69A797CE02DFCB10A5A6409323845D05A5732E1A84","5E79575325D94AE8D09B97CD0C1C341EBB6AC0A24C3EEE6AE4817A897F97E7A4","C52377235F70A38C61333009FFA2CC97C0BE2B3C102041CB127587B09AB32A95","CEDF3A831603914A5E024C980CCA65AAAAF25544D98538BC416E963DD8632B12","15","8,938377227138645","0,4076324403459745","79155","Native managed bytes allocated per benchmark operation; not peak/retained/unmanaged memory","953,9539","1084,1075"
"primary","current","qualified-830951-long-v2-domain1-generated","1","OfficeIMO.Excel.ReaderComparison.Benchmarks","MaterializedRawAsyncReadBenchmarks","ExcelReaderStringsMaterializedAsync","RowCount=50000&Format=Xlsx","OfficeIMO.Excel.ReaderComparison.Benchmarks.MaterializedRawAsyncReadBenchmarks.ExcelReaderStringsMaterializedAsync(RowCount: 50000, Format: Xlsx)","83095146282a96143b23a79a7ecca058a24a709b","3.4.4+83095146282a96143b23a79a7ecca058a24a709b","F2853A4C62D5C03C5E3F0CBB7CCBB5776FB63CE58CE8933BE4EBAA4F5887502F","3.4.4+83095146282a96143b23a79a7ecca058a24a709b","B5565DE58D83BFC91F4FFB69A797CE02DFCB10A5A6409323845D05A5732E1A84","5E79575325D94AE8D09B97CD0C1C341EBB6AC0A24C3EEE6AE4817A897F97E7A4","C52377235F70A38C61333009FFA2CC97C0BE2B3C102041CB127587B09AB32A95","CEDF3A831603914A5E024C980CCA65AAAAF25544D98538BC416E963DD8632B12","15","6,839998498896247","0,3836496328560686","1653984","Native managed bytes allocated per benchmark operation; not peak/retained/unmanaged memory","945,265","1118,6272"
"primary","current","qualified-830951-long-v2-domain1-generated","1","OfficeIMO.Excel.ReaderComparison.Benchmarks","MaterializedRawAsyncReadBenchmarks","OfficeIMOAsync","RowCount=50000&Format=Xlsx","OfficeIMO.Excel.ReaderComparison.Benchmarks.MaterializedRawAsyncReadBenchmarks.OfficeIMOAsync(RowCount: 50000, Format: Xlsx)","83095146282a96143b23a79a7ecca058a24a709b","3.4.4+83095146282a96143b23a79a7ecca058a24a709b","F2853A4C62D5C03C5E3F0CBB7CCBB5776FB63CE58CE8933BE4EBAA4F5887502F","3.4.4+83095146282a96143b23a79a7ecca058a24a709b","B5565DE58D83BFC91F4FFB69A797CE02DFCB10A5A6409323845D05A5732E1A84","5E79575325D94AE8D09B97CD0C1C341EBB6AC0A24C3EEE6AE4817A897F97E7A4","C52377235F70A38C61333009FFA2CC97C0BE2B3C102041CB127587B09AB32A95","CEDF3A831603914A5E024C980CCA65AAAAF25544D98538BC416E963DD8632B12","15","11,799580793650794","1,1361005157834623","3678393","Native managed bytes allocated per benchmark operation; not peak/retained/unmanaged memory","866,1756","1240,7412"
"primary","current","qualified-830951-long-v2-domain1-generated","1","OfficeIMO.Excel.ReaderComparison.Benchmarks","MaterializedRawAsyncReadBenchmarks","SylvanAsync","RowCount=50000&Format=Xlsx","OfficeIMO.Excel.ReaderComparison.Benchmarks.MaterializedRawAsyncReadBenchmarks.SylvanAsync(RowCount: 50000, Format: Xlsx)","83095146282a96143b23a79a7ecca058a24a709b","3.4.4+83095146282a96143b23a79a7ecca058a24a709b","F2853A4C62D5C03C5E3F0CBB7CCBB5776FB63CE58CE8933BE4EBAA4F5887502F","3.4.4+83095146282a96143b23a79a7ecca058a24a709b","B5565DE58D83BFC91F4FFB69A797CE02DFCB10A5A6409323845D05A5732E1A84","5E79575325D94AE8D09B97CD0C1C341EBB6AC0A24C3EEE6AE4817A897F97E7A4","C52377235F70A38C61333009FFA2CC97C0BE2B3C102041CB127587B09AB32A95","CEDF3A831603914A5E024C980CCA65AAAAF25544D98538BC416E963DD8632B12","15","28,504115476190474","1,9521271194633345","1986624","Native managed bytes allocated per benchmark operation; not peak/retained/unmanaged memory","755,23","921,2916"
"primary","current","qualified-830951-long-v2-domain1-generated","1","OfficeIMO.Excel.ReaderComparison.Benchmarks","MaterializedRawAsyncReadBenchmarks","ExcelReaderStringsMaterializedAsync","RowCount=50000&Format=Xlsb","OfficeIMO.Excel.ReaderComparison.Benchmarks.MaterializedRawAsyncReadBenchmarks.ExcelReaderStringsMaterializedAsync(RowCount: 50000, Format: Xlsb)","83095146282a96143b23a79a7ecca058a24a709b","3.4.4+83095146282a96143b23a79a7ecca058a24a709b","F2853A4C62D5C03C5E3F0CBB7CCBB5776FB63CE58CE8933BE4EBAA4F5887502F","3.4.4+83095146282a96143b23a79a7ecca058a24a709b","B5565DE58D83BFC91F4FFB69A797CE02DFCB10A5A6409323845D05A5732E1A84","5E79575325D94AE8D09B97CD0C1C341EBB6AC0A24C3EEE6AE4817A897F97E7A4","C52377235F70A38C61333009FFA2CC97C0BE2B3C102041CB127587B09AB32A95","CEDF3A831603914A5E024C980CCA65AAAAF25544D98538BC416E963DD8632B12","15","4,459442743362832","0,03925673156998195","1656408","Native managed bytes allocated per benchmark operation; not peak/retained/unmanaged memory","1001,3755","1038,8344"
"primary","current","qualified-830951-long-v2-domain1-generated","1","OfficeIMO.Excel.ReaderComparison.Benchmarks","MaterializedRawAsyncReadBenchmarks","OfficeIMOAsync","RowCount=50000&Format=Xlsb","OfficeIMO.Excel.ReaderComparison.Benchmarks.MaterializedRawAsyncReadBenchmarks.OfficeIMOAsync(RowCount: 50000, Format: Xlsb)","83095146282a96143b23a79a7ecca058a24a709b","3.4.4+83095146282a96143b23a79a7ecca058a24a709b","F2853A4C62D5C03C5E3F0CBB7CCBB5776FB63CE58CE8933BE4EBAA4F5887502F","3.4.4+83095146282a96143b23a79a7ecca058a24a709b","B5565DE58D83BFC91F4FFB69A797CE02DFCB10A5A6409323845D05A5732E1A84","5E79575325D94AE8D09B97CD0C1C341EBB6AC0A24C3EEE6AE4817A897F97E7A4","C52377235F70A38C61333009FFA2CC97C0BE2B3C102041CB127587B09AB32A95","CEDF3A831603914A5E024C980CCA65AAAAF25544D98538BC416E963DD8632B12","15","7,156961958041958","0,31558093150102945","5372438","Native managed bytes allocated per benchmark operation; not peak/retained/unmanaged memory","987,2237","1158,0091"
"primary","current","qualified-830951-long-v2-domain1-generated","1","OfficeIMO.Excel.ReaderComparison.Benchmarks","MaterializedRawAsyncReadBenchmarks","SylvanAsync","RowCount=50000&Format=Xlsb","OfficeIMO.Excel.ReaderComparison.Benchmarks.MaterializedRawAsyncReadBenchmarks.SylvanAsync(RowCount: 50000, Format: Xlsb)","83095146282a96143b23a79a7ecca058a24a709b","3.4.4+83095146282a96143b23a79a7ecca058a24a709b","F2853A4C62D5C03C5E3F0CBB7CCBB5776FB63CE58CE8933BE4EBAA4F5887502F","3.4.4+83095146282a96143b23a79a7ecca058a24a709b","B5565DE58D83BFC91F4FFB69A797CE02DFCB10A5A6409323845D05A5732E1A84","5E79575325D94AE8D09B97CD0C1C341EBB6AC0A24C3EEE6AE4817A897F97E7A4","C52377235F70A38C61333009FFA2CC97C0BE2B3C102041CB127587B09AB32A95","CEDF3A831603914A5E024C980CCA65AAAAF25544D98538BC416E963DD8632B12","15","5,8159410173160175","0,07085866242315526","1911216","Native managed bytes allocated per benchmark operation; not peak/retained/unmanaged memory","880,948","930,4763"
"primary","current","qualified-830951-long-v2-domain1-generated","1","OfficeIMO.Excel.ReaderComparison.Benchmarks","MaterializedRawAsyncReadBenchmarks","ExcelReaderStringsMaterializedAsync","RowCount=50000&Format=Xls","OfficeIMO.Excel.ReaderComparison.Benchmarks.MaterializedRawAsyncReadBenchmarks.ExcelReaderStringsMaterializedAsync(RowCount: 50000, Format: Xls)","83095146282a96143b23a79a7ecca058a24a709b","3.4.4+83095146282a96143b23a79a7ecca058a24a709b","F2853A4C62D5C03C5E3F0CBB7CCBB5776FB63CE58CE8933BE4EBAA4F5887502F","3.4.4+83095146282a96143b23a79a7ecca058a24a709b","B5565DE58D83BFC91F4FFB69A797CE02DFCB10A5A6409323845D05A5732E1A84","5E79575325D94AE8D09B97CD0C1C341EBB6AC0A24C3EEE6AE4817A897F97E7A4","C52377235F70A38C61333009FFA2CC97C0BE2B3C102041CB127587B09AB32A95","CEDF3A831603914A5E024C980CCA65AAAAF25544D98538BC416E963DD8632B12","15","2,8202478618113918","0,015922457780555736","1652976","Native managed bytes allocated per benchmark operation; not peak/retained/unmanaged memory","1000,4251","1015,6999"
"primary","current","qualified-830951-long-v2-domain1-generated","1","OfficeIMO.Excel.ReaderComparison.Benchmarks","MaterializedRawAsyncReadBenchmarks","OfficeIMOAsync","RowCount=50000&Format=Xls","OfficeIMO.Excel.ReaderComparison.Benchmarks.MaterializedRawAsyncReadBenchmarks.OfficeIMOAsync(RowCount: 50000, Format: Xls)","83095146282a96143b23a79a7ecca058a24a709b","3.4.4+83095146282a96143b23a79a7ecca058a24a709b","F2853A4C62D5C03C5E3F0CBB7CCBB5776FB63CE58CE8933BE4EBAA4F5887502F","3.4.4+83095146282a96143b23a79a7ecca058a24a709b","B5565DE58D83BFC91F4FFB69A797CE02DFCB10A5A6409323845D05A5732E1A84","5E79575325D94AE8D09B97CD0C1C341EBB6AC0A24C3EEE6AE4817A897F97E7A4","C52377235F70A38C61333009FFA2CC97C0BE2B3C102041CB127587B09AB32A95","CEDF3A831603914A5E024C980CCA65AAAAF25544D98538BC416E963DD8632B12","15","5,454352399267401","0,09510975793351399","10751205","Native managed bytes allocated per benchmark operation; not peak/retained/unmanaged memory","979,0954","1038,4406"
"primary","current","qualified-830951-long-v2-domain1-generated","1","OfficeIMO.Excel.ReaderComparison.Benchmarks","MaterializedRawAsyncReadBenchmarks","SylvanAsync","RowCount=50000&Format=Xls","OfficeIMO.Excel.ReaderComparison.Benchmarks.MaterializedRawAsyncReadBenchmarks.SylvanAsync(RowCount: 50000, Format: Xls)","83095146282a96143b23a79a7ecca058a24a709b","3.4.4+83095146282a96143b23a79a7ecca058a24a709b","F2853A4C62D5C03C5E3F0CBB7CCBB5776FB63CE58CE8933BE4EBAA4F5887502F","3.4.4+83095146282a96143b23a79a7ecca058a24a709b","B5565DE58D83BFC91F4FFB69A797CE02DFCB10A5A6409323845D05A5732E1A84","5E79575325D94AE8D09B97CD0C1C341EBB6AC0A24C3EEE6AE4817A897F97E7A4","C52377235F70A38C61333009FFA2CC97C0BE2B3C102041CB127587B09AB32A95","CEDF3A831603914A5E024C980CCA65AAAAF25544D98538BC416E963DD8632B12","15","4,8126814705882355","0,12093612736420384","1760296","Native managed bytes allocated per benchmark operation; not peak/retained/unmanaged memory","953,1201","1042,0183"
"primary","current","qualified-830951-long-v2-domain1-generated","1","OfficeIMO.Excel.ReaderComparison.Benchmarks","MaterializedRawReadBenchmarks","ExcelReaderStringsMaterialized","RowCount=50000&Format=Xlsx","OfficeIMO.Excel.ReaderComparison.Benchmarks.MaterializedRawReadBenchmarks.ExcelReaderStringsMaterialized(RowCount: 50000, Format: Xlsx)","83095146282a96143b23a79a7ecca058a24a709b","3.4.4+83095146282a96143b23a79a7ecca058a24a709b","F2853A4C62D5C03C5E3F0CBB7CCBB5776FB63CE58CE8933BE4EBAA4F5887502F","3.4.4+83095146282a96143b23a79a7ecca058a24a709b","B5565DE58D83BFC91F4FFB69A797CE02DFCB10A5A6409323845D05A5732E1A84","5E79575325D94AE8D09B97CD0C1C341EBB6AC0A24C3EEE6AE4817A897F97E7A4","C52377235F70A38C61333009FFA2CC97C0BE2B3C102041CB127587B09AB32A95","CEDF3A831603914A5E024C980CCA65AAAAF25544D98538BC416E963DD8632B12","15","5,971665189620758","0,08555161601557884","1653912","Native managed bytes allocated per benchmark operation; not peak/retained/unmanaged memory","986,2036","1037,3056"
"primary","current","qualified-830951-long-v2-domain1-generated","1","OfficeIMO.Excel.ReaderComparison.Benchmarks","MaterializedRawReadBenchmarks","OfficeIMOOriginal","RowCount=50000&Format=Xlsx","OfficeIMO.Excel.ReaderComparison.Benchmarks.MaterializedRawReadBenchmarks.OfficeIMOOriginal(RowCount: 50000, Format: Xlsx)","83095146282a96143b23a79a7ecca058a24a709b","3.4.4+83095146282a96143b23a79a7ecca058a24a709b","F2853A4C62D5C03C5E3F0CBB7CCBB5776FB63CE58CE8933BE4EBAA4F5887502F","3.4.4+83095146282a96143b23a79a7ecca058a24a709b","B5565DE58D83BFC91F4FFB69A797CE02DFCB10A5A6409323845D05A5732E1A84","5E79575325D94AE8D09B97CD0C1C341EBB6AC0A24C3EEE6AE4817A897F97E7A4","C52377235F70A38C61333009FFA2CC97C0BE2B3C102041CB127587B09AB32A95","CEDF3A831603914A5E024C980CCA65AAAAF25544D98538BC416E963DD8632B12","15","9,957900701754385","0,8239292467416093","3678278","Native managed bytes allocated per benchmark operation; not peak/retained/unmanaged memory","181,7318","243,8558"
"primary","current","qualified-830951-long-v2-domain1-generated","1","OfficeIMO.Excel.ReaderComparison.Benchmarks","MaterializedRawReadBenchmarks","Sylvan","RowCount=50000&Format=Xlsx","OfficeIMO.Excel.ReaderComparison.Benchmarks.MaterializedRawReadBenchmarks.Sylvan(RowCount: 50000, Format: Xlsx)","83095146282a96143b23a79a7ecca058a24a709b","3.4.4+83095146282a96143b23a79a7ecca058a24a709b","F2853A4C62D5C03C5E3F0CBB7CCBB5776FB63CE58CE8933BE4EBAA4F5887502F","3.4.4+83095146282a96143b23a79a7ecca058a24a709b","B5565DE58D83BFC91F4FFB69A797CE02DFCB10A5A6409323845D05A5732E1A84","5E79575325D94AE8D09B97CD0C1C341EBB6AC0A24C3EEE6AE4817A897F97E7A4","C52377235F70A38C61333009FFA2CC97C0BE2B3C102041CB127587B09AB32A95","CEDF3A831603914A5E024C980CCA65AAAAF25544D98538BC416E963DD8632B12","15","25,989272072072072","0,17910636704927643","1985697","Native managed bytes allocated per benchmark operation; not peak/retained/unmanaged memory","953,8302","975,5008"
"primary","current","qualified-830951-long-v2-domain1-generated","1","OfficeIMO.Excel.ReaderComparison.Benchmarks","MaterializedRawReadBenchmarks","ExcelReaderStringsMaterialized","RowCount=50000&Format=Xlsb","OfficeIMO.Excel.ReaderComparison.Benchmarks.MaterializedRawReadBenchmarks.ExcelReaderStringsMaterialized(RowCount: 50000, Format: Xlsb)","83095146282a96143b23a79a7ecca058a24a709b","3.4.4+83095146282a96143b23a79a7ecca058a24a709b","F2853A4C62D5C03C5E3F0CBB7CCBB5776FB63CE58CE8933BE4EBAA4F5887502F","3.4.4+83095146282a96143b23a79a7ecca058a24a709b","B5565DE58D83BFC91F4FFB69A797CE02DFCB10A5A6409323845D05A5732E1A84","5E79575325D94AE8D09B97CD0C1C341EBB6AC0A24C3EEE6AE4817A897F97E7A4","C52377235F70A38C61333009FFA2CC97C0BE2B3C102041CB127587B09AB32A95","CEDF3A831603914A5E024C980CCA65AAAAF25544D98538BC416E963DD8632B12","15","4,372454919941775","0,02434013657462758","1654232","Native managed bytes allocated per benchmark operation; not peak/retained/unmanaged memory","990,8513","1010,396"
"primary","current","qualified-830951-long-v2-domain1-generated","1","OfficeIMO.Excel.ReaderComparison.Benchmarks","MaterializedRawReadBenchmarks","OfficeIMOOriginal","RowCount=50000&Format=Xlsb","OfficeIMO.Excel.ReaderComparison.Benchmarks.MaterializedRawReadBenchmarks.OfficeIMOOriginal(RowCount: 50000, Format: Xlsb)","83095146282a96143b23a79a7ecca058a24a709b","3.4.4+83095146282a96143b23a79a7ecca058a24a709b","F2853A4C62D5C03C5E3F0CBB7CCBB5776FB63CE58CE8933BE4EBAA4F5887502F","3.4.4+83095146282a96143b23a79a7ecca058a24a709b","B5565DE58D83BFC91F4FFB69A797CE02DFCB10A5A6409323845D05A5732E1A84","5E79575325D94AE8D09B97CD0C1C341EBB6AC0A24C3EEE6AE4817A897F97E7A4","C52377235F70A38C61333009FFA2CC97C0BE2B3C102041CB127587B09AB32A95","CEDF3A831603914A5E024C980CCA65AAAAF25544D98538BC416E963DD8632B12","15","6,554813809523809","0,10541068424656251","5372355","Native managed bytes allocated per benchmark operation; not peak/retained/unmanaged memory","905,0686","957,6884"
"primary","current","qualified-830951-long-v2-domain1-generated","1","OfficeIMO.Excel.ReaderComparison.Benchmarks","MaterializedRawReadBenchmarks","Sylvan","RowCount=50000&Format=Xlsb","OfficeIMO.Excel.ReaderComparison.Benchmarks.MaterializedRawReadBenchmarks.Sylvan(RowCount: 50000, Format: Xlsb)","83095146282a96143b23a79a7ecca058a24a709b","3.4.4+83095146282a96143b23a79a7ecca058a24a709b","F2853A4C62D5C03C5E3F0CBB7CCBB5776FB63CE58CE8933BE4EBAA4F5887502F","3.4.4+83095146282a96143b23a79a7ecca058a24a709b","B5565DE58D83BFC91F4FFB69A797CE02DFCB10A5A6409323845D05A5732E1A84","5E79575325D94AE8D09B97CD0C1C341EBB6AC0A24C3EEE6AE4817A897F97E7A4","C52377235F70A38C61333009FFA2CC97C0BE2B3C102041CB127587B09AB32A95","CEDF3A831603914A5E024C980CCA65AAAAF25544D98538BC416E963DD8632B12","15","5,448824130434782","0,09704197966682411","1910288","Native managed bytes allocated per benchmark operation; not peak/retained/unmanaged memory","989,3853","1060,0686"
"primary","current","qualified-830951-long-v2-domain1-generated","1","OfficeIMO.Excel.ReaderComparison.Benchmarks","MaterializedRawReadBenchmarks","ExcelReaderStringsMaterialized","RowCount=50000&Format=Xls","OfficeIMO.Excel.ReaderComparison.Benchmarks.MaterializedRawReadBenchmarks.ExcelReaderStringsMaterialized(RowCount: 50000, Format: Xls)","83095146282a96143b23a79a7ecca058a24a709b","3.4.4+83095146282a96143b23a79a7ecca058a24a709b","F2853A4C62D5C03C5E3F0CBB7CCBB5776FB63CE58CE8933BE4EBAA4F5887502F","3.4.4+83095146282a96143b23a79a7ecca058a24a709b","B5565DE58D83BFC91F4FFB69A797CE02DFCB10A5A6409323845D05A5732E1A84","5E79575325D94AE8D09B97CD0C1C341EBB6AC0A24C3EEE6AE4817A897F97E7A4","C52377235F70A38C61333009FFA2CC97C0BE2B3C102041CB127587B09AB32A95","CEDF3A831603914A5E024C980CCA65AAAAF25544D98538BC416E963DD8632B12","15","2,96010449657869","0,1073582314914462","1652904","Native managed bytes allocated per benchmark operation; not peak/retained/unmanaged memory","988,1139","1137,1967"
"primary","current","qualified-830951-long-v2-domain1-generated","1","OfficeIMO.Excel.ReaderComparison.Benchmarks","MaterializedRawReadBenchmarks","OfficeIMOOriginal","RowCount=50000&Format=Xls","OfficeIMO.Excel.ReaderComparison.Benchmarks.MaterializedRawReadBenchmarks.OfficeIMOOriginal(RowCount: 50000, Format: Xls)","83095146282a96143b23a79a7ecca058a24a709b","3.4.4+83095146282a96143b23a79a7ecca058a24a709b","F2853A4C62D5C03C5E3F0CBB7CCBB5776FB63CE58CE8933BE4EBAA4F5887502F","3.4.4+83095146282a96143b23a79a7ecca058a24a709b","B5565DE58D83BFC91F4FFB69A797CE02DFCB10A5A6409323845D05A5732E1A84","5E79575325D94AE8D09B97CD0C1C341EBB6AC0A24C3EEE6AE4817A897F97E7A4","C52377235F70A38C61333009FFA2CC97C0BE2B3C102041CB127587B09AB32A95","CEDF3A831603914A5E024C980CCA65AAAAF25544D98538BC416E963DD8632B12","15","4,803279262820512","0,055100895146540006","10751134","Native managed bytes allocated per benchmark operation; not peak/retained/unmanaged memory","987,5433","1032,8424"
"primary","current","qualified-830951-long-v2-domain1-generated","1","OfficeIMO.Excel.ReaderComparison.Benchmarks","MaterializedRawReadBenchmarks","Sylvan","RowCount=50000&Format=Xls","OfficeIMO.Excel.ReaderComparison.Benchmarks.MaterializedRawReadBenchmarks.Sylvan(RowCount: 50000, Format: Xls)","83095146282a96143b23a79a7ecca058a24a709b","3.4.4+83095146282a96143b23a79a7ecca058a24a709b","F2853A4C62D5C03C5E3F0CBB7CCBB5776FB63CE58CE8933BE4EBAA4F5887502F","3.4.4+83095146282a96143b23a79a7ecca058a24a709b","B5565DE58D83BFC91F4FFB69A797CE02DFCB10A5A6409323845D05A5732E1A84","5E79575325D94AE8D09B97CD0C1C341EBB6AC0A24C3EEE6AE4817A897F97E7A4","C52377235F70A38C61333009FFA2CC97C0BE2B3C102041CB127587B09AB32A95","CEDF3A831603914A5E024C980CCA65AAAAF25544D98538BC416E963DD8632B12","15","4,268475299145299","0,027882234317101552","1758984","Native managed bytes allocated per benchmark operation; not peak/retained/unmanaged memory","989,262","1007,1711"
"primary","current","qualified-830951-long-v2-domain1-generated","1","OfficeIMO.Excel.ReaderComparison.Benchmarks","RawAsyncReadBenchmarks","ExcelReaderAsync","RowCount=50000&Format=Xlsx","OfficeIMO.Excel.ReaderComparison.Benchmarks.RawAsyncReadBenchmarks.ExcelReaderAsync(RowCount: 50000, Format: Xlsx)","83095146282a96143b23a79a7ecca058a24a709b","3.4.4+83095146282a96143b23a79a7ecca058a24a709b","F2853A4C62D5C03C5E3F0CBB7CCBB5776FB63CE58CE8933BE4EBAA4F5887502F","3.4.4+83095146282a96143b23a79a7ecca058a24a709b","B5565DE58D83BFC91F4FFB69A797CE02DFCB10A5A6409323845D05A5732E1A84","5E79575325D94AE8D09B97CD0C1C341EBB6AC0A24C3EEE6AE4817A897F97E7A4","C52377235F70A38C61333009FFA2CC97C0BE2B3C102041CB127587B09AB32A95","CEDF3A831603914A5E024C980CCA65AAAAF25544D98538BC416E963DD8632B12","15","5,501424835164833","0,09795309674373147","3984","Native managed bytes allocated per benchmark operation; not peak/retained/unmanaged memory","989,4963","1059,0307"
"primary","current","qualified-830951-long-v2-domain1-generated","1","OfficeIMO.Excel.ReaderComparison.Benchmarks","RawAsyncReadBenchmarks","OfficeIMOAsync","RowCount=50000&Format=Xlsx","OfficeIMO.Excel.ReaderComparison.Benchmarks.RawAsyncReadBenchmarks.OfficeIMOAsync(RowCount: 50000, Format: Xlsx)","83095146282a96143b23a79a7ecca058a24a709b","3.4.4+83095146282a96143b23a79a7ecca058a24a709b","F2853A4C62D5C03C5E3F0CBB7CCBB5776FB63CE58CE8933BE4EBAA4F5887502F","3.4.4+83095146282a96143b23a79a7ecca058a24a709b","B5565DE58D83BFC91F4FFB69A797CE02DFCB10A5A6409323845D05A5732E1A84","5E79575325D94AE8D09B97CD0C1C341EBB6AC0A24C3EEE6AE4817A897F97E7A4","C52377235F70A38C61333009FFA2CC97C0BE2B3C102041CB127587B09AB32A95","CEDF3A831603914A5E024C980CCA65AAAAF25544D98538BC416E963DD8632B12","15","9,96229052631579","0,07425950258771322","3678350","Native managed bytes allocated per benchmark operation; not peak/retained/unmanaged memory","187,8512","193,7087"
"primary","current","qualified-830951-long-v2-domain1-generated","1","OfficeIMO.Excel.ReaderComparison.Benchmarks","RawAsyncReadBenchmarks","SylvanAsync","RowCount=50000&Format=Xlsx","OfficeIMO.Excel.ReaderComparison.Benchmarks.RawAsyncReadBenchmarks.SylvanAsync(RowCount: 50000, Format: Xlsx)","83095146282a96143b23a79a7ecca058a24a709b","3.4.4+83095146282a96143b23a79a7ecca058a24a709b","F2853A4C62D5C03C5E3F0CBB7CCBB5776FB63CE58CE8933BE4EBAA4F5887502F","3.4.4+83095146282a96143b23a79a7ecca058a24a709b","B5565DE58D83BFC91F4FFB69A797CE02DFCB10A5A6409323845D05A5732E1A84","5E79575325D94AE8D09B97CD0C1C341EBB6AC0A24C3EEE6AE4817A897F97E7A4","C52377235F70A38C61333009FFA2CC97C0BE2B3C102041CB127587B09AB32A95","CEDF3A831603914A5E024C980CCA65AAAAF25544D98538BC416E963DD8632B12","15","29,91240432432432","2,5150224981084466","1986625","Native managed bytes allocated per benchmark operation; not peak/retained/unmanaged memory","997,8872","1349,9058"
"primary","current","qualified-830951-long-v2-domain1-generated","1","OfficeIMO.Excel.ReaderComparison.Benchmarks","RawAsyncReadBenchmarks","ExcelReaderAsync","RowCount=50000&Format=Xlsb","OfficeIMO.Excel.ReaderComparison.Benchmarks.RawAsyncReadBenchmarks.ExcelReaderAsync(RowCount: 50000, Format: Xlsb)","83095146282a96143b23a79a7ecca058a24a709b","3.4.4+83095146282a96143b23a79a7ecca058a24a709b","F2853A4C62D5C03C5E3F0CBB7CCBB5776FB63CE58CE8933BE4EBAA4F5887502F","3.4.4+83095146282a96143b23a79a7ecca058a24a709b","B5565DE58D83BFC91F4FFB69A797CE02DFCB10A5A6409323845D05A5732E1A84","5E79575325D94AE8D09B97CD0C1C341EBB6AC0A24C3EEE6AE4817A897F97E7A4","C52377235F70A38C61333009FFA2CC97C0BE2B3C102041CB127587B09AB32A95","CEDF3A831603914A5E024C980CCA65AAAAF25544D98538BC416E963DD8632B12","15","4,745046777777778","0,40691914778039034","4304","Native managed bytes allocated per benchmark operation; not peak/retained/unmanaged memory","1003,2482","1299,2408"
"primary","current","qualified-830951-long-v2-domain1-generated","1","OfficeIMO.Excel.ReaderComparison.Benchmarks","RawAsyncReadBenchmarks","OfficeIMOAsync","RowCount=50000&Format=Xlsb","OfficeIMO.Excel.ReaderComparison.Benchmarks.RawAsyncReadBenchmarks.OfficeIMOAsync(RowCount: 50000, Format: Xlsb)","83095146282a96143b23a79a7ecca058a24a709b","3.4.4+83095146282a96143b23a79a7ecca058a24a709b","F2853A4C62D5C03C5E3F0CBB7CCBB5776FB63CE58CE8933BE4EBAA4F5887502F","3.4.4+83095146282a96143b23a79a7ecca058a24a709b","B5565DE58D83BFC91F4FFB69A797CE02DFCB10A5A6409323845D05A5732E1A84","5E79575325D94AE8D09B97CD0C1C341EBB6AC0A24C3EEE6AE4817A897F97E7A4","C52377235F70A38C61333009FFA2CC97C0BE2B3C102041CB127587B09AB32A95","CEDF3A831603914A5E024C980CCA65AAAAF25544D98538BC416E963DD8632B12","15","6,938982097902097","0,05995444534275816","5372438","Native managed bytes allocated per benchmark operation; not peak/retained/unmanaged memory","982,4622","1010,1399"
"primary","current","qualified-830951-long-v2-domain1-generated","1","OfficeIMO.Excel.ReaderComparison.Benchmarks","RawAsyncReadBenchmarks","SylvanAsync","RowCount=50000&Format=Xlsb","OfficeIMO.Excel.ReaderComparison.Benchmarks.RawAsyncReadBenchmarks.SylvanAsync(RowCount: 50000, Format: Xlsb)","83095146282a96143b23a79a7ecca058a24a709b","3.4.4+83095146282a96143b23a79a7ecca058a24a709b","F2853A4C62D5C03C5E3F0CBB7CCBB5776FB63CE58CE8933BE4EBAA4F5887502F","3.4.4+83095146282a96143b23a79a7ecca058a24a709b","B5565DE58D83BFC91F4FFB69A797CE02DFCB10A5A6409323845D05A5732E1A84","5E79575325D94AE8D09B97CD0C1C341EBB6AC0A24C3EEE6AE4817A897F97E7A4","C52377235F70A38C61333009FFA2CC97C0BE2B3C102041CB127587B09AB32A95","CEDF3A831603914A5E024C980CCA65AAAAF25544D98538BC416E963DD8632B12","15","6,201189185185184","0,27045661573069085","1911217","Native managed bytes allocated per benchmark operation; not peak/retained/unmanaged memory","259,7429","299,6511"
"primary","current","qualified-830951-long-v2-domain1-generated","1","OfficeIMO.Excel.ReaderComparison.Benchmarks","RawAsyncReadBenchmarks","ExcelReaderAsync","RowCount=50000&Format=Xls","OfficeIMO.Excel.ReaderComparison.Benchmarks.RawAsyncReadBenchmarks.ExcelReaderAsync(RowCount: 50000, Format: Xls)","83095146282a96143b23a79a7ecca058a24a709b","3.4.4+83095146282a96143b23a79a7ecca058a24a709b","F2853A4C62D5C03C5E3F0CBB7CCBB5776FB63CE58CE8933BE4EBAA4F5887502F","3.4.4+83095146282a96143b23a79a7ecca058a24a709b","B5565DE58D83BFC91F4FFB69A797CE02DFCB10A5A6409323845D05A5732E1A84","5E79575325D94AE8D09B97CD0C1C341EBB6AC0A24C3EEE6AE4817A897F97E7A4","C52377235F70A38C61333009FFA2CC97C0BE2B3C102041CB127587B09AB32A95","CEDF3A831603914A5E024C980CCA65AAAAF25544D98538BC416E963DD8632B12","15","2,794264342211461","0,3659352196980392","2976","Native managed bytes allocated per benchmark operation; not peak/retained/unmanaged memory","999,8596","1417,4426"
"primary","current","qualified-830951-long-v2-domain1-generated","1","OfficeIMO.Excel.ReaderComparison.Benchmarks","RawAsyncReadBenchmarks","OfficeIMOAsync","RowCount=50000&Format=Xls","OfficeIMO.Excel.ReaderComparison.Benchmarks.RawAsyncReadBenchmarks.OfficeIMOAsync(RowCount: 50000, Format: Xls)","83095146282a96143b23a79a7ecca058a24a709b","3.4.4+83095146282a96143b23a79a7ecca058a24a709b","F2853A4C62D5C03C5E3F0CBB7CCBB5776FB63CE58CE8933BE4EBAA4F5887502F","3.4.4+83095146282a96143b23a79a7ecca058a24a709b","B5565DE58D83BFC91F4FFB69A797CE02DFCB10A5A6409323845D05A5732E1A84","5E79575325D94AE8D09B97CD0C1C341EBB6AC0A24C3EEE6AE4817A897F97E7A4","C52377235F70A38C61333009FFA2CC97C0BE2B3C102041CB127587B09AB32A95","CEDF3A831603914A5E024C980CCA65AAAAF25544D98538BC416E963DD8632B12","15","5,265990499108735","0,07049020709411473","10751205","Native managed bytes allocated per benchmark operation; not peak/retained/unmanaged memory","972,5655","1028,5823"
"primary","current","qualified-830951-long-v2-domain1-generated","1","OfficeIMO.Excel.ReaderComparison.Benchmarks","RawAsyncReadBenchmarks","SylvanAsync","RowCount=50000&Format=Xls","OfficeIMO.Excel.ReaderComparison.Benchmarks.RawAsyncReadBenchmarks.SylvanAsync(RowCount: 50000, Format: Xls)","83095146282a96143b23a79a7ecca058a24a709b","3.4.4+83095146282a96143b23a79a7ecca058a24a709b","F2853A4C62D5C03C5E3F0CBB7CCBB5776FB63CE58CE8933BE4EBAA4F5887502F","3.4.4+83095146282a96143b23a79a7ecca058a24a709b","B5565DE58D83BFC91F4FFB69A797CE02DFCB10A5A6409323845D05A5732E1A84","5E79575325D94AE8D09B97CD0C1C341EBB6AC0A24C3EEE6AE4817A897F97E7A4","C52377235F70A38C61333009FFA2CC97C0BE2B3C102041CB127587B09AB32A95","CEDF3A831603914A5E024C980CCA65AAAAF25544D98538BC416E963DD8632B12","15","5,405704703703703","0,48602724834849276","1760296","Native managed bytes allocated per benchmark operation; not peak/retained/unmanaged memory","902,168","1252,1651"
"primary","current","qualified-830951-long-v2-domain1-generated","1","OfficeIMO.Excel.ReaderComparison.Benchmarks","RawReadBenchmarks","ExcelReaderOriginal","RowCount=50000&Format=Xlsx","OfficeIMO.Excel.ReaderComparison.Benchmarks.RawReadBenchmarks.ExcelReaderOriginal(RowCount: 50000, Format: Xlsx)","83095146282a96143b23a79a7ecca058a24a709b","3.4.4+83095146282a96143b23a79a7ecca058a24a709b","F2853A4C62D5C03C5E3F0CBB7CCBB5776FB63CE58CE8933BE4EBAA4F5887502F","3.4.4+83095146282a96143b23a79a7ecca058a24a709b","B5565DE58D83BFC91F4FFB69A797CE02DFCB10A5A6409323845D05A5732E1A84","5E79575325D94AE8D09B97CD0C1C341EBB6AC0A24C3EEE6AE4817A897F97E7A4","C52377235F70A38C61333009FFA2CC97C0BE2B3C102041CB127587B09AB32A95","CEDF3A831603914A5E024C980CCA65AAAAF25544D98538BC416E963DD8632B12","15","5,322051329787234","0,0451836773313147","3912","Native managed bytes allocated per benchmark operation; not peak/retained/unmanaged memory","990,8124","1023,333"
"primary","current","qualified-830951-long-v2-domain1-generated","1","OfficeIMO.Excel.ReaderComparison.Benchmarks","RawReadBenchmarks","OfficeIMOOriginal","RowCount=50000&Format=Xlsx","OfficeIMO.Excel.ReaderComparison.Benchmarks.RawReadBenchmarks.OfficeIMOOriginal(RowCount: 50000, Format: Xlsx)","83095146282a96143b23a79a7ecca058a24a709b","3.4.4+83095146282a96143b23a79a7ecca058a24a709b","F2853A4C62D5C03C5E3F0CBB7CCBB5776FB63CE58CE8933BE4EBAA4F5887502F","3.4.4+83095146282a96143b23a79a7ecca058a24a709b","B5565DE58D83BFC91F4FFB69A797CE02DFCB10A5A6409323845D05A5732E1A84","5E79575325D94AE8D09B97CD0C1C341EBB6AC0A24C3EEE6AE4817A897F97E7A4","C52377235F70A38C61333009FFA2CC97C0BE2B3C102041CB127587B09AB32A95","CEDF3A831603914A5E024C980CCA65AAAAF25544D98538BC416E963DD8632B12","15","16,714102","0,3108775739097306","3808385","Native managed bytes allocated per benchmark operation; not peak/retained/unmanaged memory","325,9807","347,9556"
"primary","current","qualified-830951-long-v2-domain1-generated","1","OfficeIMO.Excel.ReaderComparison.Benchmarks","RawReadBenchmarks","Sylvan","RowCount=50000&Format=Xlsx","OfficeIMO.Excel.ReaderComparison.Benchmarks.RawReadBenchmarks.Sylvan(RowCount: 50000, Format: Xlsx)","83095146282a96143b23a79a7ecca058a24a709b","3.4.4+83095146282a96143b23a79a7ecca058a24a709b","F2853A4C62D5C03C5E3F0CBB7CCBB5776FB63CE58CE8933BE4EBAA4F5887502F","3.4.4+83095146282a96143b23a79a7ecca058a24a709b","B5565DE58D83BFC91F4FFB69A797CE02DFCB10A5A6409323845D05A5732E1A84","5E79575325D94AE8D09B97CD0C1C341EBB6AC0A24C3EEE6AE4817A897F97E7A4","C52377235F70A38C61333009FFA2CC97C0BE2B3C102041CB127587B09AB32A95","CEDF3A831603914A5E024C980CCA65AAAAF25544D98538BC416E963DD8632B12","15","26,888213333333333","0,5091285281842994","1985697","Native managed bytes allocated per benchmark operation; not peak/retained/unmanaged memory","791,0319","851,514"
"primary","current","qualified-830951-long-v2-domain1-generated","1","OfficeIMO.Excel.ReaderComparison.Benchmarks","RawReadBenchmarks","ExcelReaderOriginal","RowCount=50000&Format=Xlsb","OfficeIMO.Excel.ReaderComparison.Benchmarks.RawReadBenchmarks.ExcelReaderOriginal(RowCount: 50000, Format: Xlsb)","83095146282a96143b23a79a7ecca058a24a709b","3.4.4+83095146282a96143b23a79a7ecca058a24a709b","F2853A4C62D5C03C5E3F0CBB7CCBB5776FB63CE58CE8933BE4EBAA4F5887502F","3.4.4+83095146282a96143b23a79a7ecca058a24a709b","B5565DE58D83BFC91F4FFB69A797CE02DFCB10A5A6409323845D05A5732E1A84","5E79575325D94AE8D09B97CD0C1C341EBB6AC0A24C3EEE6AE4817A897F97E7A4","C52377235F70A38C61333009FFA2CC97C0BE2B3C102041CB127587B09AB32A95","CEDF3A831603914A5E024C980CCA65AAAAF25544D98538BC416E963DD8632B12","15","4,009978432934927","0,1569138385573197","4232","Native managed bytes allocated per benchmark operation; not peak/retained/unmanaged memory","982,8927","1140,1616"
"primary","current","qualified-830951-long-v2-domain1-generated","1","OfficeIMO.Excel.ReaderComparison.Benchmarks","RawReadBenchmarks","OfficeIMOOriginal","RowCount=50000&Format=Xlsb","OfficeIMO.Excel.ReaderComparison.Benchmarks.RawReadBenchmarks.OfficeIMOOriginal(RowCount: 50000, Format: Xlsb)","83095146282a96143b23a79a7ecca058a24a709b","3.4.4+83095146282a96143b23a79a7ecca058a24a709b","F2853A4C62D5C03C5E3F0CBB7CCBB5776FB63CE58CE8933BE4EBAA4F5887502F","3.4.4+83095146282a96143b23a79a7ecca058a24a709b","B5565DE58D83BFC91F4FFB69A797CE02DFCB10A5A6409323845D05A5732E1A84","5E79575325D94AE8D09B97CD0C1C341EBB6AC0A24C3EEE6AE4817A897F97E7A4","C52377235F70A38C61333009FFA2CC97C0BE2B3C102041CB127587B09AB32A95","CEDF3A831603914A5E024C980CCA65AAAAF25544D98538BC416E963DD8632B12","15","7,7777265600000005","0,746558645639712","5372367","Native managed bytes allocated per benchmark operation; not peak/retained/unmanaged memory","941,05","1308,473"
"primary","current","qualified-830951-long-v2-domain1-generated","1","OfficeIMO.Excel.ReaderComparison.Benchmarks","RawReadBenchmarks","Sylvan","RowCount=50000&Format=Xlsb","OfficeIMO.Excel.ReaderComparison.Benchmarks.RawReadBenchmarks.Sylvan(RowCount: 50000, Format: Xlsb)","83095146282a96143b23a79a7ecca058a24a709b","3.4.4+83095146282a96143b23a79a7ecca058a24a709b","F2853A4C62D5C03C5E3F0CBB7CCBB5776FB63CE58CE8933BE4EBAA4F5887502F","3.4.4+83095146282a96143b23a79a7ecca058a24a709b","B5565DE58D83BFC91F4FFB69A797CE02DFCB10A5A6409323845D05A5732E1A84","5E79575325D94AE8D09B97CD0C1C341EBB6AC0A24C3EEE6AE4817A897F97E7A4","C52377235F70A38C61333009FFA2CC97C0BE2B3C102041CB127587B09AB32A95","CEDF3A831603914A5E024C980CCA65AAAAF25544D98538BC416E963DD8632B12","15","5,571313697632059","0,15513410338421357","1910358","Native managed bytes allocated per benchmark operation; not peak/retained/unmanaged memory","986,2195","1083,1734"
"primary","current","qualified-830951-long-v2-domain1-generated","1","OfficeIMO.Excel.ReaderComparison.Benchmarks","RawReadBenchmarks","ExcelReaderOriginal","RowCount=50000&Format=Xls","OfficeIMO.Excel.ReaderComparison.Benchmarks.RawReadBenchmarks.ExcelReaderOriginal(RowCount: 50000, Format: Xls)","83095146282a96143b23a79a7ecca058a24a709b","3.4.4+83095146282a96143b23a79a7ecca058a24a709b","F2853A4C62D5C03C5E3F0CBB7CCBB5776FB63CE58CE8933BE4EBAA4F5887502F","3.4.4+83095146282a96143b23a79a7ecca058a24a709b","B5565DE58D83BFC91F4FFB69A797CE02DFCB10A5A6409323845D05A5732E1A84","5E79575325D94AE8D09B97CD0C1C341EBB6AC0A24C3EEE6AE4817A897F97E7A4","C52377235F70A38C61333009FFA2CC97C0BE2B3C102041CB127587B09AB32A95","CEDF3A831603914A5E024C980CCA65AAAAF25544D98538BC416E963DD8632B12","15","2,533229473684211","0,01813710877612022","3185","Native managed bytes allocated per benchmark operation; not peak/retained/unmanaged memory","1001,4734","1025,7686"
"primary","current","qualified-830951-long-v2-domain1-generated","1","OfficeIMO.Excel.ReaderComparison.Benchmarks","RawReadBenchmarks","OfficeIMOOriginal","RowCount=50000&Format=Xls","OfficeIMO.Excel.ReaderComparison.Benchmarks.RawReadBenchmarks.OfficeIMOOriginal(RowCount: 50000, Format: Xls)","83095146282a96143b23a79a7ecca058a24a709b","3.4.4+83095146282a96143b23a79a7ecca058a24a709b","F2853A4C62D5C03C5E3F0CBB7CCBB5776FB63CE58CE8933BE4EBAA4F5887502F","3.4.4+83095146282a96143b23a79a7ecca058a24a709b","B5565DE58D83BFC91F4FFB69A797CE02DFCB10A5A6409323845D05A5732E1A84","5E79575325D94AE8D09B97CD0C1C341EBB6AC0A24C3EEE6AE4817A897F97E7A4","C52377235F70A38C61333009FFA2CC97C0BE2B3C102041CB127587B09AB32A95","CEDF3A831603914A5E024C980CCA65AAAAF25544D98538BC416E963DD8632B12","15","4,877663735909822","0,13437073678302855","10772666","Native managed bytes allocated per benchmark operation; not peak/retained/unmanaged memory","982,2995","1095,067"
"primary","current","qualified-830951-long-v2-domain1-generated","1","OfficeIMO.Excel.ReaderComparison.Benchmarks","RawReadBenchmarks","Sylvan","RowCount=50000&Format=Xls","OfficeIMO.Excel.ReaderComparison.Benchmarks.RawReadBenchmarks.Sylvan(RowCount: 50000, Format: Xls)","83095146282a96143b23a79a7ecca058a24a709b","3.4.4+83095146282a96143b23a79a7ecca058a24a709b","F2853A4C62D5C03C5E3F0CBB7CCBB5776FB63CE58CE8933BE4EBAA4F5887502F","3.4.4+83095146282a96143b23a79a7ecca058a24a709b","B5565DE58D83BFC91F4FFB69A797CE02DFCB10A5A6409323845D05A5732E1A84","5E79575325D94AE8D09B97CD0C1C341EBB6AC0A24C3EEE6AE4817A897F97E7A4","C52377235F70A38C61333009FFA2CC97C0BE2B3C102041CB127587B09AB32A95","CEDF3A831603914A5E024C980CCA65AAAAF25544D98538BC416E963DD8632B12","15","4,436722099853157","0,2659111153242013","1758983","Native managed bytes allocated per benchmark operation; not peak/retained/unmanaged memory","966,9593","1197,7049"
"primary","current","qualified-830951-long-v2-domain1-generated","1","OfficeIMO.Excel.ReaderComparison.Benchmarks","TypedAsyncReadBenchmarks","OfficeIMOTypedAsync","RowCount=50000&Shape=Original","OfficeIMO.Excel.ReaderComparison.Benchmarks.TypedAsyncReadBenchmarks.OfficeIMOTypedAsync(RowCount: 50000, Shape: ""Original"")","83095146282a96143b23a79a7ecca058a24a709b","3.4.4+83095146282a96143b23a79a7ecca058a24a709b","F2853A4C62D5C03C5E3F0CBB7CCBB5776FB63CE58CE8933BE4EBAA4F5887502F","3.4.4+83095146282a96143b23a79a7ecca058a24a709b","B5565DE58D83BFC91F4FFB69A797CE02DFCB10A5A6409323845D05A5732E1A84","5E79575325D94AE8D09B97CD0C1C341EBB6AC0A24C3EEE6AE4817A897F97E7A4","C52377235F70A38C61333009FFA2CC97C0BE2B3C102041CB127587B09AB32A95","CEDF3A831603914A5E024C980CCA65AAAAF25544D98538BC416E963DD8632B12","15","11,03774564102564","0,9923035622005651","2479830","Native managed bytes allocated per benchmark operation; not peak/retained/unmanaged memory","136,8291","187,9778"
"primary","current","qualified-830951-long-v2-domain1-generated","1","OfficeIMO.Excel.ReaderComparison.Benchmarks","TypedAsyncReadBenchmarks","ExcelReaderTypedAsync","RowCount=50000&Shape=Original","OfficeIMO.Excel.ReaderComparison.Benchmarks.TypedAsyncReadBenchmarks.ExcelReaderTypedAsync(RowCount: 50000, Shape: ""Original"")","83095146282a96143b23a79a7ecca058a24a709b","3.4.4+83095146282a96143b23a79a7ecca058a24a709b","F2853A4C62D5C03C5E3F0CBB7CCBB5776FB63CE58CE8933BE4EBAA4F5887502F","3.4.4+83095146282a96143b23a79a7ecca058a24a709b","B5565DE58D83BFC91F4FFB69A797CE02DFCB10A5A6409323845D05A5732E1A84","5E79575325D94AE8D09B97CD0C1C341EBB6AC0A24C3EEE6AE4817A897F97E7A4","C52377235F70A38C61333009FFA2CC97C0BE2B3C102041CB127587B09AB32A95","CEDF3A831603914A5E024C980CCA65AAAAF25544D98538BC416E963DD8632B12","15","7,680030707070707","0,14106408587307043","4054576","Native managed bytes allocated per benchmark operation; not peak/retained/unmanaged memory","995,9679","1067,8442"
"primary","current","qualified-830951-long-v2-domain1-generated","1","OfficeIMO.Excel.ReaderComparison.Benchmarks","TypedAsyncReadBenchmarks","SylvanTypedAsync","RowCount=50000&Shape=Original","OfficeIMO.Excel.ReaderComparison.Benchmarks.TypedAsyncReadBenchmarks.SylvanTypedAsync(RowCount: 50000, Shape: ""Original"")","83095146282a96143b23a79a7ecca058a24a709b","3.4.4+83095146282a96143b23a79a7ecca058a24a709b","F2853A4C62D5C03C5E3F0CBB7CCBB5776FB63CE58CE8933BE4EBAA4F5887502F","3.4.4+83095146282a96143b23a79a7ecca058a24a709b","B5565DE58D83BFC91F4FFB69A797CE02DFCB10A5A6409323845D05A5732E1A84","5E79575325D94AE8D09B97CD0C1C341EBB6AC0A24C3EEE6AE4817A897F97E7A4","C52377235F70A38C61333009FFA2CC97C0BE2B3C102041CB127587B09AB32A95","CEDF3A831603914A5E024C980CCA65AAAAF25544D98538BC416E963DD8632B12","15","43,821895","1,040636371416205","10984840","Native managed bytes allocated per benchmark operation; not peak/retained/unmanaged memory","853,9052","921,3888"
"primary","current","qualified-830951-long-v2-domain1-generated","1","OfficeIMO.Excel.ReaderComparison.Benchmarks","TypedModelReadBenchmarks","ExcelReaderAutomatic","RowCount=50000&Model=Class","OfficeIMO.Excel.ReaderComparison.Benchmarks.TypedModelReadBenchmarks.ExcelReaderAutomatic(RowCount: 50000, Model: Class)","83095146282a96143b23a79a7ecca058a24a709b","3.4.4+83095146282a96143b23a79a7ecca058a24a709b","F2853A4C62D5C03C5E3F0CBB7CCBB5776FB63CE58CE8933BE4EBAA4F5887502F","3.4.4+83095146282a96143b23a79a7ecca058a24a709b","B5565DE58D83BFC91F4FFB69A797CE02DFCB10A5A6409323845D05A5732E1A84","5E79575325D94AE8D09B97CD0C1C341EBB6AC0A24C3EEE6AE4817A897F97E7A4","C52377235F70A38C61333009FFA2CC97C0BE2B3C102041CB127587B09AB32A95","CEDF3A831603914A5E024C980CCA65AAAAF25544D98538BC416E963DD8632B12","15","7,5283228070175445","0,16282569593297114","4054600","Native managed bytes allocated per benchmark operation; not peak/retained/unmanaged memory","985,4772","1075,061"
"primary","current","qualified-830951-long-v2-domain1-generated","1","OfficeIMO.Excel.ReaderComparison.Benchmarks","TypedModelReadBenchmarks","OfficeIMOAutomatic","RowCount=50000&Model=Class","OfficeIMO.Excel.ReaderComparison.Benchmarks.TypedModelReadBenchmarks.OfficeIMOAutomatic(RowCount: 50000, Model: Class)","83095146282a96143b23a79a7ecca058a24a709b","3.4.4+83095146282a96143b23a79a7ecca058a24a709b","F2853A4C62D5C03C5E3F0CBB7CCBB5776FB63CE58CE8933BE4EBAA4F5887502F","3.4.4+83095146282a96143b23a79a7ecca058a24a709b","B5565DE58D83BFC91F4FFB69A797CE02DFCB10A5A6409323845D05A5732E1A84","5E79575325D94AE8D09B97CD0C1C341EBB6AC0A24C3EEE6AE4817A897F97E7A4","C52377235F70A38C61333009FFA2CC97C0BE2B3C102041CB127587B09AB32A95","CEDF3A831603914A5E024C980CCA65AAAAF25544D98538BC416E963DD8632B12","15","9,978033804713805","0,29962644005313605","2479717","Native managed bytes allocated per benchmark operation; not peak/retained/unmanaged memory","962,7845","1076,6438"
"primary","current","qualified-830951-long-v2-domain1-generated","1","OfficeIMO.Excel.ReaderComparison.Benchmarks","TypedModelReadBenchmarks","ExcelReaderAutomatic","RowCount=50000&Model=Struct","OfficeIMO.Excel.ReaderComparison.Benchmarks.TypedModelReadBenchmarks.ExcelReaderAutomatic(RowCount: 50000, Model: Struct)","83095146282a96143b23a79a7ecca058a24a709b","3.4.4+83095146282a96143b23a79a7ecca058a24a709b","F2853A4C62D5C03C5E3F0CBB7CCBB5776FB63CE58CE8933BE4EBAA4F5887502F","3.4.4+83095146282a96143b23a79a7ecca058a24a709b","B5565DE58D83BFC91F4FFB69A797CE02DFCB10A5A6409323845D05A5732E1A84","5E79575325D94AE8D09B97CD0C1C341EBB6AC0A24C3EEE6AE4817A897F97E7A4","C52377235F70A38C61333009FFA2CC97C0BE2B3C102041CB127587B09AB32A95","CEDF3A831603914A5E024C980CCA65AAAAF25544D98538BC416E963DD8632B12","15","7,408372262773724","0,17158085942056878","1654600","Native managed bytes allocated per benchmark operation; not peak/retained/unmanaged memory","993,9953","1088,1604"
"primary","current","qualified-830951-long-v2-domain1-generated","1","OfficeIMO.Excel.ReaderComparison.Benchmarks","TypedModelReadBenchmarks","OfficeIMOAutomatic","RowCount=50000&Model=Struct","OfficeIMO.Excel.ReaderComparison.Benchmarks.TypedModelReadBenchmarks.OfficeIMOAutomatic(RowCount: 50000, Model: Struct)","83095146282a96143b23a79a7ecca058a24a709b","3.4.4+83095146282a96143b23a79a7ecca058a24a709b","F2853A4C62D5C03C5E3F0CBB7CCBB5776FB63CE58CE8933BE4EBAA4F5887502F","3.4.4+83095146282a96143b23a79a7ecca058a24a709b","B5565DE58D83BFC91F4FFB69A797CE02DFCB10A5A6409323845D05A5732E1A84","5E79575325D94AE8D09B97CD0C1C341EBB6AC0A24C3EEE6AE4817A897F97E7A4","C52377235F70A38C61333009FFA2CC97C0BE2B3C102041CB127587B09AB32A95","CEDF3A831603914A5E024C980CCA65AAAAF25544D98538BC416E963DD8632B12","15","10,144059219858157","0,26123559472949753","79621","Native managed bytes allocated per benchmark operation; not peak/retained/unmanaged memory","936,9355","1030,6402"
"primary","current","qualified-830951-long-v2-domain1-generated","1","OfficeIMO.Excel.ReaderComparison.Benchmarks","TypedStreamAsyncReadBenchmarks","OfficeIMOStreamOpenTypedAsync","RowCount=50000&Shape=Original","OfficeIMO.Excel.ReaderComparison.Benchmarks.TypedStreamAsyncReadBenchmarks.OfficeIMOStreamOpenTypedAsync(RowCount: 50000, Shape: ""Original"")","83095146282a96143b23a79a7ecca058a24a709b","3.4.4+83095146282a96143b23a79a7ecca058a24a709b","F2853A4C62D5C03C5E3F0CBB7CCBB5776FB63CE58CE8933BE4EBAA4F5887502F","3.4.4+83095146282a96143b23a79a7ecca058a24a709b","B5565DE58D83BFC91F4FFB69A797CE02DFCB10A5A6409323845D05A5732E1A84","5E79575325D94AE8D09B97CD0C1C341EBB6AC0A24C3EEE6AE4817A897F97E7A4","C52377235F70A38C61333009FFA2CC97C0BE2B3C102041CB127587B09AB32A95","CEDF3A831603914A5E024C980CCA65AAAAF25544D98538BC416E963DD8632B12","15","11,04511822222222","0,22590749544493008","3254681","Native managed bytes allocated per benchmark operation; not peak/retained/unmanaged memory","162,91","174,8818"
"primary","current","qualified-830951-long-v2-domain1-generated","1","OfficeIMO.Excel.ReaderComparison.Benchmarks","TypedStreamAsyncReadBenchmarks","ExcelReaderStreamOpenTypedAsync","RowCount=50000&Shape=Original","OfficeIMO.Excel.ReaderComparison.Benchmarks.TypedStreamAsyncReadBenchmarks.ExcelReaderStreamOpenTypedAsync(RowCount: 50000, Shape: ""Original"")","83095146282a96143b23a79a7ecca058a24a709b","3.4.4+83095146282a96143b23a79a7ecca058a24a709b","F2853A4C62D5C03C5E3F0CBB7CCBB5776FB63CE58CE8933BE4EBAA4F5887502F","3.4.4+83095146282a96143b23a79a7ecca058a24a709b","B5565DE58D83BFC91F4FFB69A797CE02DFCB10A5A6409323845D05A5732E1A84","5E79575325D94AE8D09B97CD0C1C341EBB6AC0A24C3EEE6AE4817A897F97E7A4","C52377235F70A38C61333009FFA2CC97C0BE2B3C102041CB127587B09AB32A95","CEDF3A831603914A5E024C980CCA65AAAAF25544D98538BC416E963DD8632B12","15","7,544433383458647","0,040939691777152","4054576","Native managed bytes allocated per benchmark operation; not peak/retained/unmanaged memory","994,9012","1014,6852"
"primary","current","qualified-830951-long-v2-domain1-generated","1","OfficeIMO.Excel.ReaderComparison.Benchmarks","TypedStreamAsyncReadBenchmarks","SylvanStreamOpenTypedAsync","RowCount=50000&Shape=Original","OfficeIMO.Excel.ReaderComparison.Benchmarks.TypedStreamAsyncReadBenchmarks.SylvanStreamOpenTypedAsync(RowCount: 50000, Shape: ""Original"")","83095146282a96143b23a79a7ecca058a24a709b","3.4.4+83095146282a96143b23a79a7ecca058a24a709b","F2853A4C62D5C03C5E3F0CBB7CCBB5776FB63CE58CE8933BE4EBAA4F5887502F","3.4.4+83095146282a96143b23a79a7ecca058a24a709b","B5565DE58D83BFC91F4FFB69A797CE02DFCB10A5A6409323845D05A5732E1A84","5E79575325D94AE8D09B97CD0C1C341EBB6AC0A24C3EEE6AE4817A897F97E7A4","C52377235F70A38C61333009FFA2CC97C0BE2B3C102041CB127587B09AB32A95","CEDF3A831603914A5E024C980CCA65AAAAF25544D98538BC416E963DD8632B12","15","43,64729818181817","0,667481935885733","10984841","Native managed bytes allocated per benchmark operation; not peak/retained/unmanaged memory","942,5059","992,7804"
"primary","current","qualified-830951-long-v2-domain1-generated","1","OfficeIMO.Excel.ReaderComparison.Benchmarks","TypedXlsbAsyncReadBenchmarks","ExcelReaderTypedXlsbAsync","RowCount=50000","OfficeIMO.Excel.ReaderComparison.Benchmarks.TypedXlsbAsyncReadBenchmarks.ExcelReaderTypedXlsbAsync(RowCount: 50000)","83095146282a96143b23a79a7ecca058a24a709b","3.4.4+83095146282a96143b23a79a7ecca058a24a709b","F2853A4C62D5C03C5E3F0CBB7CCBB5776FB63CE58CE8933BE4EBAA4F5887502F","3.4.4+83095146282a96143b23a79a7ecca058a24a709b","B5565DE58D83BFC91F4FFB69A797CE02DFCB10A5A6409323845D05A5732E1A84","5E79575325D94AE8D09B97CD0C1C341EBB6AC0A24C3EEE6AE4817A897F97E7A4","C52377235F70A38C61333009FFA2CC97C0BE2B3C102041CB127587B09AB32A95","CEDF3A831603914A5E024C980CCA65AAAAF25544D98538BC416E963DD8632B12","15","6,162182919132151","0,27616910079280815","4054896","Native managed bytes allocated per benchmark operation; not peak/retained/unmanaged memory","964,2689","1122,09"
"primary","current","qualified-830951-long-v2-domain1-generated","1","OfficeIMO.Excel.ReaderComparison.Benchmarks","TypedXlsbAsyncReadBenchmarks","OfficeIMOTypedXlsbAsync","RowCount=50000","OfficeIMO.Excel.ReaderComparison.Benchmarks.TypedXlsbAsyncReadBenchmarks.OfficeIMOTypedXlsbAsync(RowCount: 50000)","83095146282a96143b23a79a7ecca058a24a709b","3.4.4+83095146282a96143b23a79a7ecca058a24a709b","F2853A4C62D5C03C5E3F0CBB7CCBB5776FB63CE58CE8933BE4EBAA4F5887502F","3.4.4+83095146282a96143b23a79a7ecca058a24a709b","B5565DE58D83BFC91F4FFB69A797CE02DFCB10A5A6409323845D05A5732E1A84","5E79575325D94AE8D09B97CD0C1C341EBB6AC0A24C3EEE6AE4817A897F97E7A4","C52377235F70A38C61333009FFA2CC97C0BE2B3C102041CB127587B09AB32A95","CEDF3A831603914A5E024C980CCA65AAAAF25544D98538BC416E963DD8632B12","15","11,0900540625","0,9587016477364002","8973770","Native managed bytes allocated per benchmark operation; not peak/retained/unmanaged memory","633,3494","825,0541"
"primary","current","qualified-830951-long-v2-domain1-generated","1","OfficeIMO.Excel.ReaderComparison.Benchmarks","TypedXlsbAsyncReadBenchmarks","SylvanTypedXlsbAsync","RowCount=50000","OfficeIMO.Excel.ReaderComparison.Benchmarks.TypedXlsbAsyncReadBenchmarks.SylvanTypedXlsbAsync(RowCount: 50000)","83095146282a96143b23a79a7ecca058a24a709b","3.4.4+83095146282a96143b23a79a7ecca058a24a709b","F2853A4C62D5C03C5E3F0CBB7CCBB5776FB63CE58CE8933BE4EBAA4F5887502F","3.4.4+83095146282a96143b23a79a7ecca058a24a709b","B5565DE58D83BFC91F4FFB69A797CE02DFCB10A5A6409323845D05A5732E1A84","5E79575325D94AE8D09B97CD0C1C341EBB6AC0A24C3EEE6AE4817A897F97E7A4","C52377235F70A38C61333009FFA2CC97C0BE2B3C102041CB127587B09AB32A95","CEDF3A831603914A5E024C980CCA65AAAAF25544D98538BC416E963DD8632B12","15","23,80669904761905","2,945756218786984","10908970","Native managed bytes allocated per benchmark operation; not peak/retained/unmanaged memory","427,8937","631,7879"
"primary","current","qualified-830951-long-v2-domain1-generated","1","OfficeIMO.Excel.ReaderComparison.Benchmarks","TypedXlsbReadBenchmarks","ExcelReaderTypedXlsb","RowCount=50000","OfficeIMO.Excel.ReaderComparison.Benchmarks.TypedXlsbReadBenchmarks.ExcelReaderTypedXlsb(RowCount: 50000)","83095146282a96143b23a79a7ecca058a24a709b","3.4.4+83095146282a96143b23a79a7ecca058a24a709b","F2853A4C62D5C03C5E3F0CBB7CCBB5776FB63CE58CE8933BE4EBAA4F5887502F","3.4.4+83095146282a96143b23a79a7ecca058a24a709b","B5565DE58D83BFC91F4FFB69A797CE02DFCB10A5A6409323845D05A5732E1A84","5E79575325D94AE8D09B97CD0C1C341EBB6AC0A24C3EEE6AE4817A897F97E7A4","C52377235F70A38C61333009FFA2CC97C0BE2B3C102041CB127587B09AB32A95","CEDF3A831603914A5E024C980CCA65AAAAF25544D98538BC416E963DD8632B12","15","6,156216580645162","0,17645697619903206","4054784","Native managed bytes allocated per benchmark operation; not peak/retained/unmanaged memory","911,3112","1016,384"
"primary","current","qualified-830951-long-v2-domain1-generated","1","OfficeIMO.Excel.ReaderComparison.Benchmarks","TypedXlsbReadBenchmarks","OfficeIMOTypedXlsb","RowCount=50000","OfficeIMO.Excel.ReaderComparison.Benchmarks.TypedXlsbReadBenchmarks.OfficeIMOTypedXlsb(RowCount: 50000)","83095146282a96143b23a79a7ecca058a24a709b","3.4.4+83095146282a96143b23a79a7ecca058a24a709b","F2853A4C62D5C03C5E3F0CBB7CCBB5776FB63CE58CE8933BE4EBAA4F5887502F","3.4.4+83095146282a96143b23a79a7ecca058a24a709b","B5565DE58D83BFC91F4FFB69A797CE02DFCB10A5A6409323845D05A5732E1A84","5E79575325D94AE8D09B97CD0C1C341EBB6AC0A24C3EEE6AE4817A897F97E7A4","C52377235F70A38C61333009FFA2CC97C0BE2B3C102041CB127587B09AB32A95","CEDF3A831603914A5E024C980CCA65AAAAF25544D98538BC416E963DD8632B12","15","6,953645539906104","0,1674135592023274","4173060","Native managed bytes allocated per benchmark operation; not peak/retained/unmanaged memory","951,5698","1020,4758"
"primary","current","qualified-830951-long-v2-domain1-generated","1","OfficeIMO.Excel.ReaderComparison.Benchmarks","TypedXlsbReadBenchmarks","SylvanTypedXlsb","RowCount=50000","OfficeIMO.Excel.ReaderComparison.Benchmarks.TypedXlsbReadBenchmarks.SylvanTypedXlsb(RowCount: 50000)","83095146282a96143b23a79a7ecca058a24a709b","3.4.4+83095146282a96143b23a79a7ecca058a24a709b","F2853A4C62D5C03C5E3F0CBB7CCBB5776FB63CE58CE8933BE4EBAA4F5887502F","3.4.4+83095146282a96143b23a79a7ecca058a24a709b","B5565DE58D83BFC91F4FFB69A797CE02DFCB10A5A6409323845D05A5732E1A84","5E79575325D94AE8D09B97CD0C1C341EBB6AC0A24C3EEE6AE4817A897F97E7A4","C52377235F70A38C61333009FFA2CC97C0BE2B3C102041CB127587B09AB32A95","CEDF3A831603914A5E024C980CCA65AAAAF25544D98538BC416E963DD8632B12","15","19,54462888888889","1,3814406801843577","10907980","Native managed bytes allocated per benchmark operation; not peak/retained/unmanaged memory","430,2654","517,2733"
"primary","current","qualified-830951-long-v2-domain1-real","1","OfficeIMO.Excel.ReaderComparison.Benchmarks","MaterializedRealDataReadBenchmarks","ExcelReaderStringsMaterialized","Format=Xlsx","OfficeIMO.Excel.ReaderComparison.Benchmarks.MaterializedRealDataReadBenchmarks.ExcelReaderStringsMaterialized(Format: Xlsx)","83095146282a96143b23a79a7ecca058a24a709b","3.4.4+83095146282a96143b23a79a7ecca058a24a709b","F2853A4C62D5C03C5E3F0CBB7CCBB5776FB63CE58CE8933BE4EBAA4F5887502F","3.4.4+83095146282a96143b23a79a7ecca058a24a709b","B5565DE58D83BFC91F4FFB69A797CE02DFCB10A5A6409323845D05A5732E1A84","5E79575325D94AE8D09B97CD0C1C341EBB6AC0A24C3EEE6AE4817A897F97E7A4","C52377235F70A38C61333009FFA2CC97C0BE2B3C102041CB127587B09AB32A95","CEDF3A831603914A5E024C980CCA65AAAAF25544D98538BC416E963DD8632B12","15","42,63479386666667","2,5127191693607225","17504","Native managed bytes allocated per benchmark operation; not peak/retained/unmanaged memory","978,246","1160,4881"
"primary","current","qualified-830951-long-v2-domain1-real","1","OfficeIMO.Excel.ReaderComparison.Benchmarks","MaterializedRealDataReadBenchmarks","OfficeIMOBytes","Format=Xlsx","OfficeIMO.Excel.ReaderComparison.Benchmarks.MaterializedRealDataReadBenchmarks.OfficeIMOBytes(Format: Xlsx)","83095146282a96143b23a79a7ecca058a24a709b","3.4.4+83095146282a96143b23a79a7ecca058a24a709b","F2853A4C62D5C03C5E3F0CBB7CCBB5776FB63CE58CE8933BE4EBAA4F5887502F","3.4.4+83095146282a96143b23a79a7ecca058a24a709b","B5565DE58D83BFC91F4FFB69A797CE02DFCB10A5A6409323845D05A5732E1A84","5E79575325D94AE8D09B97CD0C1C341EBB6AC0A24C3EEE6AE4817A897F97E7A4","C52377235F70A38C61333009FFA2CC97C0BE2B3C102041CB127587B09AB32A95","CEDF3A831603914A5E024C980CCA65AAAAF25544D98538BC416E963DD8632B12","15","67,22703333333332","6,031048198368313","14274442","Native managed bytes allocated per benchmark operation; not peak/retained/unmanaged memory","238,6809","309,6206"
"primary","current","qualified-830951-long-v2-domain1-real","1","OfficeIMO.Excel.ReaderComparison.Benchmarks","MaterializedRealDataReadBenchmarks","OfficeIMOStream","Format=Xlsx","OfficeIMO.Excel.ReaderComparison.Benchmarks.MaterializedRealDataReadBenchmarks.OfficeIMOStream(Format: Xlsx)","83095146282a96143b23a79a7ecca058a24a709b","3.4.4+83095146282a96143b23a79a7ecca058a24a709b","F2853A4C62D5C03C5E3F0CBB7CCBB5776FB63CE58CE8933BE4EBAA4F5887502F","3.4.4+83095146282a96143b23a79a7ecca058a24a709b","B5565DE58D83BFC91F4FFB69A797CE02DFCB10A5A6409323845D05A5732E1A84","5E79575325D94AE8D09B97CD0C1C341EBB6AC0A24C3EEE6AE4817A897F97E7A4","C52377235F70A38C61333009FFA2CC97C0BE2B3C102041CB127587B09AB32A95","CEDF3A831603914A5E024C980CCA65AAAAF25544D98538BC416E963DD8632B12","15","64,92595666666666","5,441464344900863","20995842","Native managed bytes allocated per benchmark operation; not peak/retained/unmanaged memory","231,6284","295,3799"
"primary","current","qualified-830951-long-v2-domain1-real","1","OfficeIMO.Excel.ReaderComparison.Benchmarks","MaterializedRealDataReadBenchmarks","Sylvan","Format=Xlsx","OfficeIMO.Excel.ReaderComparison.Benchmarks.MaterializedRealDataReadBenchmarks.Sylvan(Format: Xlsx)","83095146282a96143b23a79a7ecca058a24a709b","3.4.4+83095146282a96143b23a79a7ecca058a24a709b","F2853A4C62D5C03C5E3F0CBB7CCBB5776FB63CE58CE8933BE4EBAA4F5887502F","3.4.4+83095146282a96143b23a79a7ecca058a24a709b","B5565DE58D83BFC91F4FFB69A797CE02DFCB10A5A6409323845D05A5732E1A84","5E79575325D94AE8D09B97CD0C1C341EBB6AC0A24C3EEE6AE4817A897F97E7A4","C52377235F70A38C61333009FFA2CC97C0BE2B3C102041CB127587B09AB32A95","CEDF3A831603914A5E024C980CCA65AAAAF25544D98538BC416E963DD8632B12","15","155,7498819047619","7,373789706473227","660029","Native managed bytes allocated per benchmark operation; not peak/retained/unmanaged memory","1024,9361","1200,2727"
"primary","current","qualified-830951-long-v2-domain1-real","1","OfficeIMO.Excel.ReaderComparison.Benchmarks","MaterializedRealDataReadBenchmarks","ExcelReaderStringsMaterialized","Format=Xlsm","OfficeIMO.Excel.ReaderComparison.Benchmarks.MaterializedRealDataReadBenchmarks.ExcelReaderStringsMaterialized(Format: Xlsm)","83095146282a96143b23a79a7ecca058a24a709b","3.4.4+83095146282a96143b23a79a7ecca058a24a709b","F2853A4C62D5C03C5E3F0CBB7CCBB5776FB63CE58CE8933BE4EBAA4F5887502F","3.4.4+83095146282a96143b23a79a7ecca058a24a709b","B5565DE58D83BFC91F4FFB69A797CE02DFCB10A5A6409323845D05A5732E1A84","5E79575325D94AE8D09B97CD0C1C341EBB6AC0A24C3EEE6AE4817A897F97E7A4","C52377235F70A38C61333009FFA2CC97C0BE2B3C102041CB127587B09AB32A95","CEDF3A831603914A5E024C980CCA65AAAAF25544D98538BC416E963DD8632B12","15","41,22858579710145","1,293463203033045","17504","Native managed bytes allocated per benchmark operation; not peak/retained/unmanaged memory","912,9051","1004,8317"
"primary","current","qualified-830951-long-v2-domain1-real","1","OfficeIMO.Excel.ReaderComparison.Benchmarks","MaterializedRealDataReadBenchmarks","OfficeIMOBytes","Format=Xlsm","OfficeIMO.Excel.ReaderComparison.Benchmarks.MaterializedRealDataReadBenchmarks.OfficeIMOBytes(Format: Xlsm)","83095146282a96143b23a79a7ecca058a24a709b","3.4.4+83095146282a96143b23a79a7ecca058a24a709b","F2853A4C62D5C03C5E3F0CBB7CCBB5776FB63CE58CE8933BE4EBAA4F5887502F","3.4.4+83095146282a96143b23a79a7ecca058a24a709b","B5565DE58D83BFC91F4FFB69A797CE02DFCB10A5A6409323845D05A5732E1A84","5E79575325D94AE8D09B97CD0C1C341EBB6AC0A24C3EEE6AE4817A897F97E7A4","C52377235F70A38C61333009FFA2CC97C0BE2B3C102041CB127587B09AB32A95","CEDF3A831603914A5E024C980CCA65AAAAF25544D98538BC416E963DD8632B12","15","61,14027911111112","3,2900919356806577","14274460","Native managed bytes allocated per benchmark operation; not peak/retained/unmanaged memory","860,1983","1032,347"
"primary","current","qualified-830951-long-v2-domain1-real","1","OfficeIMO.Excel.ReaderComparison.Benchmarks","MaterializedRealDataReadBenchmarks","OfficeIMOStream","Format=Xlsm","OfficeIMO.Excel.ReaderComparison.Benchmarks.MaterializedRealDataReadBenchmarks.OfficeIMOStream(Format: Xlsm)","83095146282a96143b23a79a7ecca058a24a709b","3.4.4+83095146282a96143b23a79a7ecca058a24a709b","F2853A4C62D5C03C5E3F0CBB7CCBB5776FB63CE58CE8933BE4EBAA4F5887502F","3.4.4+83095146282a96143b23a79a7ecca058a24a709b","B5565DE58D83BFC91F4FFB69A797CE02DFCB10A5A6409323845D05A5732E1A84","5E79575325D94AE8D09B97CD0C1C341EBB6AC0A24C3EEE6AE4817A897F97E7A4","C52377235F70A38C61333009FFA2CC97C0BE2B3C102041CB127587B09AB32A95","CEDF3A831603914A5E024C980CCA65AAAAF25544D98538BC416E963DD8632B12","15","63,57901238095237","3,5172894140606155","20995819","Native managed bytes allocated per benchmark operation; not peak/retained/unmanaged memory","805,1998","969,0107"
"primary","current","qualified-830951-long-v2-domain1-real","1","OfficeIMO.Excel.ReaderComparison.Benchmarks","MaterializedRealDataReadBenchmarks","Sylvan","Format=Xlsm","OfficeIMO.Excel.ReaderComparison.Benchmarks.MaterializedRealDataReadBenchmarks.Sylvan(Format: Xlsm)","83095146282a96143b23a79a7ecca058a24a709b","3.4.4+83095146282a96143b23a79a7ecca058a24a709b","F2853A4C62D5C03C5E3F0CBB7CCBB5776FB63CE58CE8933BE4EBAA4F5887502F","3.4.4+83095146282a96143b23a79a7ecca058a24a709b","B5565DE58D83BFC91F4FFB69A797CE02DFCB10A5A6409323845D05A5732E1A84","5E79575325D94AE8D09B97CD0C1C341EBB6AC0A24C3EEE6AE4817A897F97E7A4","C52377235F70A38C61333009FFA2CC97C0BE2B3C102041CB127587B09AB32A95","CEDF3A831603914A5E024C980CCA65AAAAF25544D98538BC416E963DD8632B12","15","151,18990571428574","4,5802637557470325","660109","Native managed bytes allocated per benchmark operation; not peak/retained/unmanaged memory","1022,0143","1145,2305"
"primary","current","qualified-830951-long-v2-domain1-real","1","OfficeIMO.Excel.ReaderComparison.Benchmarks","MaterializedRealDataReadBenchmarks","ExcelReaderStringsMaterialized","Format=Xlsb","OfficeIMO.Excel.ReaderComparison.Benchmarks.MaterializedRealDataReadBenchmarks.ExcelReaderStringsMaterialized(Format: Xlsb)","83095146282a96143b23a79a7ecca058a24a709b","3.4.4+83095146282a96143b23a79a7ecca058a24a709b","F2853A4C62D5C03C5E3F0CBB7CCBB5776FB63CE58CE8933BE4EBAA4F5887502F","3.4.4+83095146282a96143b23a79a7ecca058a24a709b","B5565DE58D83BFC91F4FFB69A797CE02DFCB10A5A6409323845D05A5732E1A84","5E79575325D94AE8D09B97CD0C1C341EBB6AC0A24C3EEE6AE4817A897F97E7A4","C52377235F70A38C61333009FFA2CC97C0BE2B3C102041CB127587B09AB32A95","CEDF3A831603914A5E024C980CCA65AAAAF25544D98538BC416E963DD8632B12","15","25,15376880952381","0,7582307605117757","17048","Native managed bytes allocated per benchmark operation; not peak/retained/unmanaged memory","1017,7381","1121,8061"
"primary","current","qualified-830951-long-v2-domain1-real","1","OfficeIMO.Excel.ReaderComparison.Benchmarks","MaterializedRealDataReadBenchmarks","OfficeIMOBytes","Format=Xlsb","OfficeIMO.Excel.ReaderComparison.Benchmarks.MaterializedRealDataReadBenchmarks.OfficeIMOBytes(Format: Xlsb)","83095146282a96143b23a79a7ecca058a24a709b","3.4.4+83095146282a96143b23a79a7ecca058a24a709b","F2853A4C62D5C03C5E3F0CBB7CCBB5776FB63CE58CE8933BE4EBAA4F5887502F","3.4.4+83095146282a96143b23a79a7ecca058a24a709b","B5565DE58D83BFC91F4FFB69A797CE02DFCB10A5A6409323845D05A5732E1A84","5E79575325D94AE8D09B97CD0C1C341EBB6AC0A24C3EEE6AE4817A897F97E7A4","C52377235F70A38C61333009FFA2CC97C0BE2B3C102041CB127587B09AB32A95","CEDF3A831603914A5E024C980CCA65AAAAF25544D98538BC416E963DD8632B12","15","25,200061666666667","0,7211281374722295","14321879","Native managed bytes allocated per benchmark operation; not peak/retained/unmanaged memory","969,0031","1095,3006"
"primary","current","qualified-830951-long-v2-domain1-real","1","OfficeIMO.Excel.ReaderComparison.Benchmarks","MaterializedRealDataReadBenchmarks","OfficeIMOStream","Format=Xlsb","OfficeIMO.Excel.ReaderComparison.Benchmarks.MaterializedRealDataReadBenchmarks.OfficeIMOStream(Format: Xlsb)","83095146282a96143b23a79a7ecca058a24a709b","3.4.4+83095146282a96143b23a79a7ecca058a24a709b","F2853A4C62D5C03C5E3F0CBB7CCBB5776FB63CE58CE8933BE4EBAA4F5887502F","3.4.4+83095146282a96143b23a79a7ecca058a24a709b","B5565DE58D83BFC91F4FFB69A797CE02DFCB10A5A6409323845D05A5732E1A84","5E79575325D94AE8D09B97CD0C1C341EBB6AC0A24C3EEE6AE4817A897F97E7A4","C52377235F70A38C61333009FFA2CC97C0BE2B3C102041CB127587B09AB32A95","CEDF3A831603914A5E024C980CCA65AAAAF25544D98538BC416E963DD8632B12","15","26,360246837606837","1,2398815491570712","18197390","Native managed bytes allocated per benchmark operation; not peak/retained/unmanaged memory","956,7437","1112,9256"
"primary","current","qualified-830951-long-v2-domain1-real","1","OfficeIMO.Excel.ReaderComparison.Benchmarks","MaterializedRealDataReadBenchmarks","Sylvan","Format=Xlsb","OfficeIMO.Excel.ReaderComparison.Benchmarks.MaterializedRealDataReadBenchmarks.Sylvan(Format: Xlsb)","83095146282a96143b23a79a7ecca058a24a709b","3.4.4+83095146282a96143b23a79a7ecca058a24a709b","F2853A4C62D5C03C5E3F0CBB7CCBB5776FB63CE58CE8933BE4EBAA4F5887502F","3.4.4+83095146282a96143b23a79a7ecca058a24a709b","B5565DE58D83BFC91F4FFB69A797CE02DFCB10A5A6409323845D05A5732E1A84","5E79575325D94AE8D09B97CD0C1C341EBB6AC0A24C3EEE6AE4817A897F97E7A4","C52377235F70A38C61333009FFA2CC97C0BE2B3C102041CB127587B09AB32A95","CEDF3A831603914A5E024C980CCA65AAAAF25544D98538BC416E963DD8632B12","15","26,147388148148146","1,0267902081590388","346998","Native managed bytes allocated per benchmark operation; not peak/retained/unmanaged memory","901,4071","1026,4858"
"primary","current","qualified-830951-long-v2-domain1-real","1","OfficeIMO.Excel.ReaderComparison.Benchmarks","MaterializedRealDataReadBenchmarks","ExcelReaderStringsMaterialized","Format=Xls","OfficeIMO.Excel.ReaderComparison.Benchmarks.MaterializedRealDataReadBenchmarks.ExcelReaderStringsMaterialized(Format: Xls)","83095146282a96143b23a79a7ecca058a24a709b","3.4.4+83095146282a96143b23a79a7ecca058a24a709b","F2853A4C62D5C03C5E3F0CBB7CCBB5776FB63CE58CE8933BE4EBAA4F5887502F","3.4.4+83095146282a96143b23a79a7ecca058a24a709b","B5565DE58D83BFC91F4FFB69A797CE02DFCB10A5A6409323845D05A5732E1A84","5E79575325D94AE8D09B97CD0C1C341EBB6AC0A24C3EEE6AE4817A897F97E7A4","C52377235F70A38C61333009FFA2CC97C0BE2B3C102041CB127587B09AB32A95","CEDF3A831603914A5E024C980CCA65AAAAF25544D98538BC416E963DD8632B12","15","10,735640198019802","0,6745911416347833","22000","Native managed bytes allocated per benchmark operation; not peak/retained/unmanaged memory","996,3226","1226,2895"
"primary","current","qualified-830951-long-v2-domain1-real","1","OfficeIMO.Excel.ReaderComparison.Benchmarks","MaterializedRealDataReadBenchmarks","OfficeIMOBytes","Format=Xls","OfficeIMO.Excel.ReaderComparison.Benchmarks.MaterializedRealDataReadBenchmarks.OfficeIMOBytes(Format: Xls)","83095146282a96143b23a79a7ecca058a24a709b","3.4.4+83095146282a96143b23a79a7ecca058a24a709b","F2853A4C62D5C03C5E3F0CBB7CCBB5776FB63CE58CE8933BE4EBAA4F5887502F","3.4.4+83095146282a96143b23a79a7ecca058a24a709b","B5565DE58D83BFC91F4FFB69A797CE02DFCB10A5A6409323845D05A5732E1A84","5E79575325D94AE8D09B97CD0C1C341EBB6AC0A24C3EEE6AE4817A897F97E7A4","C52377235F70A38C61333009FFA2CC97C0BE2B3C102041CB127587B09AB32A95","CEDF3A831603914A5E024C980CCA65AAAAF25544D98538BC416E963DD8632B12","15","14,724275802469132","1,0872820420759255","14325847","Native managed bytes allocated per benchmark operation; not peak/retained/unmanaged memory","1053,372","1354,78"
"primary","current","qualified-830951-long-v2-domain1-real","1","OfficeIMO.Excel.ReaderComparison.Benchmarks","MaterializedRealDataReadBenchmarks","OfficeIMOStream","Format=Xls","OfficeIMO.Excel.ReaderComparison.Benchmarks.MaterializedRealDataReadBenchmarks.OfficeIMOStream(Format: Xls)","83095146282a96143b23a79a7ecca058a24a709b","3.4.4+83095146282a96143b23a79a7ecca058a24a709b","F2853A4C62D5C03C5E3F0CBB7CCBB5776FB63CE58CE8933BE4EBAA4F5887502F","3.4.4+83095146282a96143b23a79a7ecca058a24a709b","B5565DE58D83BFC91F4FFB69A797CE02DFCB10A5A6409323845D05A5732E1A84","5E79575325D94AE8D09B97CD0C1C341EBB6AC0A24C3EEE6AE4817A897F97E7A4","C52377235F70A38C61333009FFA2CC97C0BE2B3C102041CB127587B09AB32A95","CEDF3A831603914A5E024C980CCA65AAAAF25544D98538BC416E963DD8632B12","15","15,836231851851851","0,7716171626638001","26150933","Native managed bytes allocated per benchmark operation; not peak/retained/unmanaged memory","906,3501","1086,3113"
"primary","current","qualified-830951-long-v2-domain1-real","1","OfficeIMO.Excel.ReaderComparison.Benchmarks","MaterializedRealDataReadBenchmarks","Sylvan","Format=Xls","OfficeIMO.Excel.ReaderComparison.Benchmarks.MaterializedRealDataReadBenchmarks.Sylvan(Format: Xls)","83095146282a96143b23a79a7ecca058a24a709b","3.4.4+83095146282a96143b23a79a7ecca058a24a709b","F2853A4C62D5C03C5E3F0CBB7CCBB5776FB63CE58CE8933BE4EBAA4F5887502F","3.4.4+83095146282a96143b23a79a7ecca058a24a709b","B5565DE58D83BFC91F4FFB69A797CE02DFCB10A5A6409323845D05A5732E1A84","5E79575325D94AE8D09B97CD0C1C341EBB6AC0A24C3EEE6AE4817A897F97E7A4","C52377235F70A38C61333009FFA2CC97C0BE2B3C102041CB127587B09AB32A95","CEDF3A831603914A5E024C980CCA65AAAAF25544D98538BC416E963DD8632B12","15","18,2270164021164","0,6779753580733765","190764","Native managed bytes allocated per benchmark operation; not peak/retained/unmanaged memory","1066,9246","1208,3302"
"primary","current","qualified-830951-long-v2-domain1-real","1","OfficeIMO.Excel.ReaderComparison.Benchmarks","PrefetchedRealDataReadBenchmarks","ExcelReaderPrefetch","Format=Xlsx","OfficeIMO.Excel.ReaderComparison.Benchmarks.PrefetchedRealDataReadBenchmarks.ExcelReaderPrefetch(Format: Xlsx)","83095146282a96143b23a79a7ecca058a24a709b","3.4.4+83095146282a96143b23a79a7ecca058a24a709b","F2853A4C62D5C03C5E3F0CBB7CCBB5776FB63CE58CE8933BE4EBAA4F5887502F","3.4.4+83095146282a96143b23a79a7ecca058a24a709b","B5565DE58D83BFC91F4FFB69A797CE02DFCB10A5A6409323845D05A5732E1A84","5E79575325D94AE8D09B97CD0C1C341EBB6AC0A24C3EEE6AE4817A897F97E7A4","C52377235F70A38C61333009FFA2CC97C0BE2B3C102041CB127587B09AB32A95","CEDF3A831603914A5E024C980CCA65AAAAF25544D98538BC416E963DD8632B12","15","28,12393027027027","0,8373073541774849","23183","Native managed bytes allocated per benchmark operation; not peak/retained/unmanaged memory","968,62","1084,2305"
"primary","current","qualified-830951-long-v2-domain1-real","1","OfficeIMO.Excel.ReaderComparison.Benchmarks","PrefetchedRealDataReadBenchmarks","ExcelReaderMemoryPrefetch","Format=Xlsx","OfficeIMO.Excel.ReaderComparison.Benchmarks.PrefetchedRealDataReadBenchmarks.ExcelReaderMemoryPrefetch(Format: Xlsx)","83095146282a96143b23a79a7ecca058a24a709b","3.4.4+83095146282a96143b23a79a7ecca058a24a709b","F2853A4C62D5C03C5E3F0CBB7CCBB5776FB63CE58CE8933BE4EBAA4F5887502F","3.4.4+83095146282a96143b23a79a7ecca058a24a709b","B5565DE58D83BFC91F4FFB69A797CE02DFCB10A5A6409323845D05A5732E1A84","5E79575325D94AE8D09B97CD0C1C341EBB6AC0A24C3EEE6AE4817A897F97E7A4","C52377235F70A38C61333009FFA2CC97C0BE2B3C102041CB127587B09AB32A95","CEDF3A831603914A5E024C980CCA65AAAAF25544D98538BC416E963DD8632B12","15","28,127918285714284","0,9706706864229578","25116","Native managed bytes allocated per benchmark operation; not peak/retained/unmanaged memory","930,1588","1055,3673"
"primary","current","qualified-830951-long-v2-domain1-real","1","OfficeIMO.Excel.ReaderComparison.Benchmarks","PrefetchedRealDataReadBenchmarks","OfficeIMOBytes","Format=Xlsx","OfficeIMO.Excel.ReaderComparison.Benchmarks.PrefetchedRealDataReadBenchmarks.OfficeIMOBytes(Format: Xlsx)","83095146282a96143b23a79a7ecca058a24a709b","3.4.4+83095146282a96143b23a79a7ecca058a24a709b","F2853A4C62D5C03C5E3F0CBB7CCBB5776FB63CE58CE8933BE4EBAA4F5887502F","3.4.4+83095146282a96143b23a79a7ecca058a24a709b","B5565DE58D83BFC91F4FFB69A797CE02DFCB10A5A6409323845D05A5732E1A84","5E79575325D94AE8D09B97CD0C1C341EBB6AC0A24C3EEE6AE4817A897F97E7A4","C52377235F70A38C61333009FFA2CC97C0BE2B3C102041CB127587B09AB32A95","CEDF3A831603914A5E024C980CCA65AAAAF25544D98538BC416E963DD8632B12","15","60,81804355555556","1,821385252235087","14274501","Native managed bytes allocated per benchmark operation; not peak/retained/unmanaged memory","871,3524","958,0173"
"primary","current","qualified-830951-long-v2-domain1-real","1","OfficeIMO.Excel.ReaderComparison.Benchmarks","PrefetchedRealDataReadBenchmarks","Sylvan","Format=Xlsx","OfficeIMO.Excel.ReaderComparison.Benchmarks.PrefetchedRealDataReadBenchmarks.Sylvan(Format: Xlsx)","83095146282a96143b23a79a7ecca058a24a709b","3.4.4+83095146282a96143b23a79a7ecca058a24a709b","F2853A4C62D5C03C5E3F0CBB7CCBB5776FB63CE58CE8933BE4EBAA4F5887502F","3.4.4+83095146282a96143b23a79a7ecca058a24a709b","B5565DE58D83BFC91F4FFB69A797CE02DFCB10A5A6409323845D05A5732E1A84","5E79575325D94AE8D09B97CD0C1C341EBB6AC0A24C3EEE6AE4817A897F97E7A4","C52377235F70A38C61333009FFA2CC97C0BE2B3C102041CB127587B09AB32A95","CEDF3A831603914A5E024C980CCA65AAAAF25544D98538BC416E963DD8632B12","15","156,3997276190476","4,646065441574164","660029","Native managed bytes allocated per benchmark operation; not peak/retained/unmanaged memory","1045,4478","1145,5691"
"primary","current","qualified-830951-long-v2-domain1-real","1","OfficeIMO.Excel.ReaderComparison.Benchmarks","PrefetchedRealDataReadBenchmarks","ExcelReaderPrefetch","Format=Xlsm","OfficeIMO.Excel.ReaderComparison.Benchmarks.PrefetchedRealDataReadBenchmarks.ExcelReaderPrefetch(Format: Xlsm)","83095146282a96143b23a79a7ecca058a24a709b","3.4.4+83095146282a96143b23a79a7ecca058a24a709b","F2853A4C62D5C03C5E3F0CBB7CCBB5776FB63CE58CE8933BE4EBAA4F5887502F","3.4.4+83095146282a96143b23a79a7ecca058a24a709b","B5565DE58D83BFC91F4FFB69A797CE02DFCB10A5A6409323845D05A5732E1A84","5E79575325D94AE8D09B97CD0C1C341EBB6AC0A24C3EEE6AE4817A897F97E7A4","C52377235F70A38C61333009FFA2CC97C0BE2B3C102041CB127587B09AB32A95","CEDF3A831603914A5E024C980CCA65AAAAF25544D98538BC416E963DD8632B12","15","28,027799814814813","0,801350356042113","25354","Native managed bytes allocated per benchmark operation; not peak/retained/unmanaged memory","953,4713","1055,8995"
"primary","current","qualified-830951-long-v2-domain1-real","1","OfficeIMO.Excel.ReaderComparison.Benchmarks","PrefetchedRealDataReadBenchmarks","ExcelReaderMemoryPrefetch","Format=Xlsm","OfficeIMO.Excel.ReaderComparison.Benchmarks.PrefetchedRealDataReadBenchmarks.ExcelReaderMemoryPrefetch(Format: Xlsm)","83095146282a96143b23a79a7ecca058a24a709b","3.4.4+83095146282a96143b23a79a7ecca058a24a709b","F2853A4C62D5C03C5E3F0CBB7CCBB5776FB63CE58CE8933BE4EBAA4F5887502F","3.4.4+83095146282a96143b23a79a7ecca058a24a709b","B5565DE58D83BFC91F4FFB69A797CE02DFCB10A5A6409323845D05A5732E1A84","5E79575325D94AE8D09B97CD0C1C341EBB6AC0A24C3EEE6AE4817A897F97E7A4","C52377235F70A38C61333009FFA2CC97C0BE2B3C102041CB127587B09AB32A95","CEDF3A831603914A5E024C980CCA65AAAAF25544D98538BC416E963DD8632B12","15","29,148464019607843","0,9618586937869197","23756","Native managed bytes allocated per benchmark operation; not peak/retained/unmanaged memory","915,3864","1037,387"
"primary","current","qualified-830951-long-v2-domain1-real","1","OfficeIMO.Excel.ReaderComparison.Benchmarks","PrefetchedRealDataReadBenchmarks","OfficeIMOBytes","Format=Xlsm","OfficeIMO.Excel.ReaderComparison.Benchmarks.PrefetchedRealDataReadBenchmarks.OfficeIMOBytes(Format: Xlsm)","83095146282a96143b23a79a7ecca058a24a709b","3.4.4+83095146282a96143b23a79a7ecca058a24a709b","F2853A4C62D5C03C5E3F0CBB7CCBB5776FB63CE58CE8933BE4EBAA4F5887502F","3.4.4+83095146282a96143b23a79a7ecca058a24a709b","B5565DE58D83BFC91F4FFB69A797CE02DFCB10A5A6409323845D05A5732E1A84","5E79575325D94AE8D09B97CD0C1C341EBB6AC0A24C3EEE6AE4817A897F97E7A4","C52377235F70A38C61333009FFA2CC97C0BE2B3C102041CB127587B09AB32A95","CEDF3A831603914A5E024C980CCA65AAAAF25544D98538BC416E963DD8632B12","15","63,06709","3,042511752524189","14274531","Native managed bytes allocated per benchmark operation; not peak/retained/unmanaged memory","819,2473","975,3536"
"primary","current","qualified-830951-long-v2-domain1-real","1","OfficeIMO.Excel.ReaderComparison.Benchmarks","PrefetchedRealDataReadBenchmarks","Sylvan","Format=Xlsm","OfficeIMO.Excel.ReaderComparison.Benchmarks.PrefetchedRealDataReadBenchmarks.Sylvan(Format: Xlsm)","83095146282a96143b23a79a7ecca058a24a709b","3.4.4+83095146282a96143b23a79a7ecca058a24a709b","F2853A4C62D5C03C5E3F0CBB7CCBB5776FB63CE58CE8933BE4EBAA4F5887502F","3.4.4+83095146282a96143b23a79a7ecca058a24a709b","B5565DE58D83BFC91F4FFB69A797CE02DFCB10A5A6409323845D05A5732E1A84","5E79575325D94AE8D09B97CD0C1C341EBB6AC0A24C3EEE6AE4817A897F97E7A4","C52377235F70A38C61333009FFA2CC97C0BE2B3C102041CB127587B09AB32A95","CEDF3A831603914A5E024C980CCA65AAAAF25544D98538BC416E963DD8632B12","15","149,78232952380952","8,406899196936292","660074","Native managed bytes allocated per benchmark operation; not peak/retained/unmanaged memory","993,3781","1189,087"
"primary","current","qualified-830951-long-v2-domain1-real","1","OfficeIMO.Excel.ReaderComparison.Benchmarks","PrefetchedRealDataReadBenchmarks","ExcelReaderPrefetch","Format=Xlsb","OfficeIMO.Excel.ReaderComparison.Benchmarks.PrefetchedRealDataReadBenchmarks.ExcelReaderPrefetch(Format: Xlsb)","83095146282a96143b23a79a7ecca058a24a709b","3.4.4+83095146282a96143b23a79a7ecca058a24a709b","F2853A4C62D5C03C5E3F0CBB7CCBB5776FB63CE58CE8933BE4EBAA4F5887502F","3.4.4+83095146282a96143b23a79a7ecca058a24a709b","B5565DE58D83BFC91F4FFB69A797CE02DFCB10A5A6409323845D05A5732E1A84","5E79575325D94AE8D09B97CD0C1C341EBB6AC0A24C3EEE6AE4817A897F97E7A4","C52377235F70A38C61333009FFA2CC97C0BE2B3C102041CB127587B09AB32A95","CEDF3A831603914A5E024C980CCA65AAAAF25544D98538BC416E963DD8632B12","15","15,481699583333334","0,2765234034124216","16615","Native managed bytes allocated per benchmark operation; not peak/retained/unmanaged memory","957,452","1021,652"
"primary","current","qualified-830951-long-v2-domain1-real","1","OfficeIMO.Excel.ReaderComparison.Benchmarks","PrefetchedRealDataReadBenchmarks","ExcelReaderMemoryPrefetch","Format=Xlsb","OfficeIMO.Excel.ReaderComparison.Benchmarks.PrefetchedRealDataReadBenchmarks.ExcelReaderMemoryPrefetch(Format: Xlsb)","83095146282a96143b23a79a7ecca058a24a709b","3.4.4+83095146282a96143b23a79a7ecca058a24a709b","F2853A4C62D5C03C5E3F0CBB7CCBB5776FB63CE58CE8933BE4EBAA4F5887502F","3.4.4+83095146282a96143b23a79a7ecca058a24a709b","B5565DE58D83BFC91F4FFB69A797CE02DFCB10A5A6409323845D05A5732E1A84","5E79575325D94AE8D09B97CD0C1C341EBB6AC0A24C3EEE6AE4817A897F97E7A4","C52377235F70A38C61333009FFA2CC97C0BE2B3C102041CB127587B09AB32A95","CEDF3A831603914A5E024C980CCA65AAAAF25544D98538BC416E963DD8632B12","15","15,597551589743592","0,2420641464489663","19695","Native managed bytes allocated per benchmark operation; not peak/retained/unmanaged memory","976,6416","1033,7489"
"primary","current","qualified-830951-long-v2-domain1-real","1","OfficeIMO.Excel.ReaderComparison.Benchmarks","PrefetchedRealDataReadBenchmarks","OfficeIMOBytes","Format=Xlsb","OfficeIMO.Excel.ReaderComparison.Benchmarks.PrefetchedRealDataReadBenchmarks.OfficeIMOBytes(Format: Xlsb)","83095146282a96143b23a79a7ecca058a24a709b","3.4.4+83095146282a96143b23a79a7ecca058a24a709b","F2853A4C62D5C03C5E3F0CBB7CCBB5776FB63CE58CE8933BE4EBAA4F5887502F","3.4.4+83095146282a96143b23a79a7ecca058a24a709b","B5565DE58D83BFC91F4FFB69A797CE02DFCB10A5A6409323845D05A5732E1A84","5E79575325D94AE8D09B97CD0C1C341EBB6AC0A24C3EEE6AE4817A897F97E7A4","C52377235F70A38C61333009FFA2CC97C0BE2B3C102041CB127587B09AB32A95","CEDF3A831603914A5E024C980CCA65AAAAF25544D98538BC416E963DD8632B12","15","24,75802153846154","1,165975405518838","14321572","Native managed bytes allocated per benchmark operation; not peak/retained/unmanaged memory","915,7743","1083,4287"
"primary","current","qualified-830951-long-v2-domain1-real","1","OfficeIMO.Excel.ReaderComparison.Benchmarks","PrefetchedRealDataReadBenchmarks","Sylvan","Format=Xlsb","OfficeIMO.Excel.ReaderComparison.Benchmarks.PrefetchedRealDataReadBenchmarks.Sylvan(Format: Xlsb)","83095146282a96143b23a79a7ecca058a24a709b","3.4.4+83095146282a96143b23a79a7ecca058a24a709b","F2853A4C62D5C03C5E3F0CBB7CCBB5776FB63CE58CE8933BE4EBAA4F5887502F","3.4.4+83095146282a96143b23a79a7ecca058a24a709b","B5565DE58D83BFC91F4FFB69A797CE02DFCB10A5A6409323845D05A5732E1A84","5E79575325D94AE8D09B97CD0C1C341EBB6AC0A24C3EEE6AE4817A897F97E7A4","C52377235F70A38C61333009FFA2CC97C0BE2B3C102041CB127587B09AB32A95","CEDF3A831603914A5E024C980CCA65AAAAF25544D98538BC416E963DD8632B12","15","26,095904561403508","0,9972523287928748","346997","Native managed bytes allocated per benchmark operation; not peak/retained/unmanaged memory","927,9144","1058,6727"
"primary","current","qualified-830951-long-v2-domain1-real","1","OfficeIMO.Excel.ReaderComparison.Benchmarks","RealDataReadBenchmarks","ExcelReaderOriginal","Format=Xlsx","OfficeIMO.Excel.ReaderComparison.Benchmarks.RealDataReadBenchmarks.ExcelReaderOriginal(Format: Xlsx)","83095146282a96143b23a79a7ecca058a24a709b","3.4.4+83095146282a96143b23a79a7ecca058a24a709b","F2853A4C62D5C03C5E3F0CBB7CCBB5776FB63CE58CE8933BE4EBAA4F5887502F","3.4.4+83095146282a96143b23a79a7ecca058a24a709b","B5565DE58D83BFC91F4FFB69A797CE02DFCB10A5A6409323845D05A5732E1A84","5E79575325D94AE8D09B97CD0C1C341EBB6AC0A24C3EEE6AE4817A897F97E7A4","C52377235F70A38C61333009FFA2CC97C0BE2B3C102041CB127587B09AB32A95","CEDF3A831603914A5E024C980CCA65AAAAF25544D98538BC416E963DD8632B12","15","39,01366613333333","0,9953230022343693","7808","Native managed bytes allocated per benchmark operation; not peak/retained/unmanaged memory","951,6426","1050,4041"
"primary","current","qualified-830951-long-v2-domain1-real","1","OfficeIMO.Excel.ReaderComparison.Benchmarks","RealDataReadBenchmarks","ExcelReaderMemory","Format=Xlsx","OfficeIMO.Excel.ReaderComparison.Benchmarks.RealDataReadBenchmarks.ExcelReaderMemory(Format: Xlsx)","83095146282a96143b23a79a7ecca058a24a709b","3.4.4+83095146282a96143b23a79a7ecca058a24a709b","F2853A4C62D5C03C5E3F0CBB7CCBB5776FB63CE58CE8933BE4EBAA4F5887502F","3.4.4+83095146282a96143b23a79a7ecca058a24a709b","B5565DE58D83BFC91F4FFB69A797CE02DFCB10A5A6409323845D05A5732E1A84","5E79575325D94AE8D09B97CD0C1C341EBB6AC0A24C3EEE6AE4817A897F97E7A4","C52377235F70A38C61333009FFA2CC97C0BE2B3C102041CB127587B09AB32A95","CEDF3A831603914A5E024C980CCA65AAAAF25544D98538BC416E963DD8632B12","15","39,6948328","1,0133893752807388","7552","Native managed bytes allocated per benchmark operation; not peak/retained/unmanaged memory","965,6898","1044,7389"
"primary","current","qualified-830951-long-v2-domain1-real","1","OfficeIMO.Excel.ReaderComparison.Benchmarks","RealDataReadBenchmarks","OfficeIMOBytes","Format=Xlsx","OfficeIMO.Excel.ReaderComparison.Benchmarks.RealDataReadBenchmarks.OfficeIMOBytes(Format: Xlsx)","83095146282a96143b23a79a7ecca058a24a709b","3.4.4+83095146282a96143b23a79a7ecca058a24a709b","F2853A4C62D5C03C5E3F0CBB7CCBB5776FB63CE58CE8933BE4EBAA4F5887502F","3.4.4+83095146282a96143b23a79a7ecca058a24a709b","B5565DE58D83BFC91F4FFB69A797CE02DFCB10A5A6409323845D05A5732E1A84","5E79575325D94AE8D09B97CD0C1C341EBB6AC0A24C3EEE6AE4817A897F97E7A4","C52377235F70A38C61333009FFA2CC97C0BE2B3C102041CB127587B09AB32A95","CEDF3A831603914A5E024C980CCA65AAAAF25544D98538BC416E963DD8632B12","15","63,331777083333336","2,899151198072266","14274496","Native managed bytes allocated per benchmark operation; not peak/retained/unmanaged memory","932,2263","1091,9233"
"primary","current","qualified-830951-long-v2-domain1-real","1","OfficeIMO.Excel.ReaderComparison.Benchmarks","RealDataReadBenchmarks","OfficeIMOStream","Format=Xlsx","OfficeIMO.Excel.ReaderComparison.Benchmarks.RealDataReadBenchmarks.OfficeIMOStream(Format: Xlsx)","83095146282a96143b23a79a7ecca058a24a709b","3.4.4+83095146282a96143b23a79a7ecca058a24a709b","F2853A4C62D5C03C5E3F0CBB7CCBB5776FB63CE58CE8933BE4EBAA4F5887502F","3.4.4+83095146282a96143b23a79a7ecca058a24a709b","B5565DE58D83BFC91F4FFB69A797CE02DFCB10A5A6409323845D05A5732E1A84","5E79575325D94AE8D09B97CD0C1C341EBB6AC0A24C3EEE6AE4817A897F97E7A4","C52377235F70A38C61333009FFA2CC97C0BE2B3C102041CB127587B09AB32A95","CEDF3A831603914A5E024C980CCA65AAAAF25544D98538BC416E963DD8632B12","15","60,63717666666666","7,081829373842626","20995842","Native managed bytes allocated per benchmark operation; not peak/retained/unmanaged memory","225,6326","330,3944"
"primary","current","qualified-830951-long-v2-domain1-real","1","OfficeIMO.Excel.ReaderComparison.Benchmarks","RealDataReadBenchmarks","Sylvan","Format=Xlsx","OfficeIMO.Excel.ReaderComparison.Benchmarks.RealDataReadBenchmarks.Sylvan(Format: Xlsx)","83095146282a96143b23a79a7ecca058a24a709b","3.4.4+83095146282a96143b23a79a7ecca058a24a709b","F2853A4C62D5C03C5E3F0CBB7CCBB5776FB63CE58CE8933BE4EBAA4F5887502F","3.4.4+83095146282a96143b23a79a7ecca058a24a709b","B5565DE58D83BFC91F4FFB69A797CE02DFCB10A5A6409323845D05A5732E1A84","5E79575325D94AE8D09B97CD0C1C341EBB6AC0A24C3EEE6AE4817A897F97E7A4","C52377235F70A38C61333009FFA2CC97C0BE2B3C102041CB127587B09AB32A95","CEDF3A831603914A5E024C980CCA65AAAAF25544D98538BC416E963DD8632B12","15","154,14504095238095","9,641275468655762","660029","Native managed bytes allocated per benchmark operation; not peak/retained/unmanaged memory","990,312","1249,236"
"primary","current","qualified-830951-long-v2-domain1-real","1","OfficeIMO.Excel.ReaderComparison.Benchmarks","RealDataReadBenchmarks","ExcelReaderOriginal","Format=Xlsm","OfficeIMO.Excel.ReaderComparison.Benchmarks.RealDataReadBenchmarks.ExcelReaderOriginal(Format: Xlsm)","83095146282a96143b23a79a7ecca058a24a709b","3.4.4+83095146282a96143b23a79a7ecca058a24a709b","F2853A4C62D5C03C5E3F0CBB7CCBB5776FB63CE58CE8933BE4EBAA4F5887502F","3.4.4+83095146282a96143b23a79a7ecca058a24a709b","B5565DE58D83BFC91F4FFB69A797CE02DFCB10A5A6409323845D05A5732E1A84","5E79575325D94AE8D09B97CD0C1C341EBB6AC0A24C3EEE6AE4817A897F97E7A4","C52377235F70A38C61333009FFA2CC97C0BE2B3C102041CB127587B09AB32A95","CEDF3A831603914A5E024C980CCA65AAAAF25544D98538BC416E963DD8632B12","15","40,53450948717949","1,6672438073663143","7808","Native managed bytes allocated per benchmark operation; not peak/retained/unmanaged memory","1010,2649","1145,4541"
"primary","current","qualified-830951-long-v2-domain1-real","1","OfficeIMO.Excel.ReaderComparison.Benchmarks","RealDataReadBenchmarks","ExcelReaderMemory","Format=Xlsm","OfficeIMO.Excel.ReaderComparison.Benchmarks.RealDataReadBenchmarks.ExcelReaderMemory(Format: Xlsm)","83095146282a96143b23a79a7ecca058a24a709b","3.4.4+83095146282a96143b23a79a7ecca058a24a709b","F2853A4C62D5C03C5E3F0CBB7CCBB5776FB63CE58CE8933BE4EBAA4F5887502F","3.4.4+83095146282a96143b23a79a7ecca058a24a709b","B5565DE58D83BFC91F4FFB69A797CE02DFCB10A5A6409323845D05A5732E1A84","5E79575325D94AE8D09B97CD0C1C341EBB6AC0A24C3EEE6AE4817A897F97E7A4","C52377235F70A38C61333009FFA2CC97C0BE2B3C102041CB127587B09AB32A95","CEDF3A831603914A5E024C980CCA65AAAAF25544D98538BC416E963DD8632B12","15","40,12677282051283","1,2329482903267879","7552","Native managed bytes allocated per benchmark operation; not peak/retained/unmanaged memory","985,7952","1085,3982"
"primary","current","qualified-830951-long-v2-domain1-real","1","OfficeIMO.Excel.ReaderComparison.Benchmarks","RealDataReadBenchmarks","OfficeIMOBytes","Format=Xlsm","OfficeIMO.Excel.ReaderComparison.Benchmarks.RealDataReadBenchmarks.OfficeIMOBytes(Format: Xlsm)","83095146282a96143b23a79a7ecca058a24a709b","3.4.4+83095146282a96143b23a79a7ecca058a24a709b","F2853A4C62D5C03C5E3F0CBB7CCBB5776FB63CE58CE8933BE4EBAA4F5887502F","3.4.4+83095146282a96143b23a79a7ecca058a24a709b","B5565DE58D83BFC91F4FFB69A797CE02DFCB10A5A6409323845D05A5732E1A84","5E79575325D94AE8D09B97CD0C1C341EBB6AC0A24C3EEE6AE4817A897F97E7A4","C52377235F70A38C61333009FFA2CC97C0BE2B3C102041CB127587B09AB32A95","CEDF3A831603914A5E024C980CCA65AAAAF25544D98538BC416E963DD8632B12","15","62,89812","4,343907735175125","14274450","Native managed bytes allocated per benchmark operation; not peak/retained/unmanaged memory","235,9662","288,931"
"primary","current","qualified-830951-long-v2-domain1-real","1","OfficeIMO.Excel.ReaderComparison.Benchmarks","RealDataReadBenchmarks","OfficeIMOStream","Format=Xlsm","OfficeIMO.Excel.ReaderComparison.Benchmarks.RealDataReadBenchmarks.OfficeIMOStream(Format: Xlsm)","83095146282a96143b23a79a7ecca058a24a709b","3.4.4+83095146282a96143b23a79a7ecca058a24a709b","F2853A4C62D5C03C5E3F0CBB7CCBB5776FB63CE58CE8933BE4EBAA4F5887502F","3.4.4+83095146282a96143b23a79a7ecca058a24a709b","B5565DE58D83BFC91F4FFB69A797CE02DFCB10A5A6409323845D05A5732E1A84","5E79575325D94AE8D09B97CD0C1C341EBB6AC0A24C3EEE6AE4817A897F97E7A4","C52377235F70A38C61333009FFA2CC97C0BE2B3C102041CB127587B09AB32A95","CEDF3A831603914A5E024C980CCA65AAAAF25544D98538BC416E963DD8632B12","15","61,788034375","3,8709983384191125","20995982","Native managed bytes allocated per benchmark operation; not peak/retained/unmanaged memory","910,8369","1096,7687"
"primary","current","qualified-830951-long-v2-domain1-real","1","OfficeIMO.Excel.ReaderComparison.Benchmarks","RealDataReadBenchmarks","Sylvan","Format=Xlsm","OfficeIMO.Excel.ReaderComparison.Benchmarks.RealDataReadBenchmarks.Sylvan(Format: Xlsm)","83095146282a96143b23a79a7ecca058a24a709b","3.4.4+83095146282a96143b23a79a7ecca058a24a709b","F2853A4C62D5C03C5E3F0CBB7CCBB5776FB63CE58CE8933BE4EBAA4F5887502F","3.4.4+83095146282a96143b23a79a7ecca058a24a709b","B5565DE58D83BFC91F4FFB69A797CE02DFCB10A5A6409323845D05A5732E1A84","5E79575325D94AE8D09B97CD0C1C341EBB6AC0A24C3EEE6AE4817A897F97E7A4","C52377235F70A38C61333009FFA2CC97C0BE2B3C102041CB127587B09AB32A95","CEDF3A831603914A5E024C980CCA65AAAAF25544D98538BC416E963DD8632B12","15","155,17529714285715","9,069919312076928","660074","Native managed bytes allocated per benchmark operation; not peak/retained/unmanaged memory","1017,6027","1238,7082"
"primary","current","qualified-830951-long-v2-domain1-real","1","OfficeIMO.Excel.ReaderComparison.Benchmarks","RealDataReadBenchmarks","ExcelReaderOriginal","Format=Xlsb","OfficeIMO.Excel.ReaderComparison.Benchmarks.RealDataReadBenchmarks.ExcelReaderOriginal(Format: Xlsb)","83095146282a96143b23a79a7ecca058a24a709b","3.4.4+83095146282a96143b23a79a7ecca058a24a709b","F2853A4C62D5C03C5E3F0CBB7CCBB5776FB63CE58CE8933BE4EBAA4F5887502F","3.4.4+83095146282a96143b23a79a7ecca058a24a709b","B5565DE58D83BFC91F4FFB69A797CE02DFCB10A5A6409323845D05A5732E1A84","5E79575325D94AE8D09B97CD0C1C341EBB6AC0A24C3EEE6AE4817A897F97E7A4","C52377235F70A38C61333009FFA2CC97C0BE2B3C102041CB127587B09AB32A95","CEDF3A831603914A5E024C980CCA65AAAAF25544D98538BC416E963DD8632B12","15","24,147208682170536","0,6447762407048717","7352","Native managed bytes allocated per benchmark operation; not peak/retained/unmanaged memory","1005,1782","1088,362"
"primary","current","qualified-830951-long-v2-domain1-real","1","OfficeIMO.Excel.ReaderComparison.Benchmarks","RealDataReadBenchmarks","ExcelReaderMemory","Format=Xlsb","OfficeIMO.Excel.ReaderComparison.Benchmarks.RealDataReadBenchmarks.ExcelReaderMemory(Format: Xlsb)","83095146282a96143b23a79a7ecca058a24a709b","3.4.4+83095146282a96143b23a79a7ecca058a24a709b","F2853A4C62D5C03C5E3F0CBB7CCBB5776FB63CE58CE8933BE4EBAA4F5887502F","3.4.4+83095146282a96143b23a79a7ecca058a24a709b","B5565DE58D83BFC91F4FFB69A797CE02DFCB10A5A6409323845D05A5732E1A84","5E79575325D94AE8D09B97CD0C1C341EBB6AC0A24C3EEE6AE4817A897F97E7A4","C52377235F70A38C61333009FFA2CC97C0BE2B3C102041CB127587B09AB32A95","CEDF3A831603914A5E024C980CCA65AAAAF25544D98538BC416E963DD8632B12","15","24,43730471544715","0,7065908495698914","9096","Native managed bytes allocated per benchmark operation; not peak/retained/unmanaged memory","968,2624","1070,8506"
"primary","current","qualified-830951-long-v2-domain1-real","1","OfficeIMO.Excel.ReaderComparison.Benchmarks","RealDataReadBenchmarks","OfficeIMOBytes","Format=Xlsb","OfficeIMO.Excel.ReaderComparison.Benchmarks.RealDataReadBenchmarks.OfficeIMOBytes(Format: Xlsb)","83095146282a96143b23a79a7ecca058a24a709b","3.4.4+83095146282a96143b23a79a7ecca058a24a709b","F2853A4C62D5C03C5E3F0CBB7CCBB5776FB63CE58CE8933BE4EBAA4F5887502F","3.4.4+83095146282a96143b23a79a7ecca058a24a709b","B5565DE58D83BFC91F4FFB69A797CE02DFCB10A5A6409323845D05A5732E1A84","5E79575325D94AE8D09B97CD0C1C341EBB6AC0A24C3EEE6AE4817A897F97E7A4","C52377235F70A38C61333009FFA2CC97C0BE2B3C102041CB127587B09AB32A95","CEDF3A831603914A5E024C980CCA65AAAAF25544D98538BC416E963DD8632B12","15","26,16165982905983","1,4249576079001922","14321574","Native managed bytes allocated per benchmark operation; not peak/retained/unmanaged memory","936,9337","1136,7922"
"primary","current","qualified-830951-long-v2-domain1-real","1","OfficeIMO.Excel.ReaderComparison.Benchmarks","RealDataReadBenchmarks","OfficeIMOStream","Format=Xlsb","OfficeIMO.Excel.ReaderComparison.Benchmarks.RealDataReadBenchmarks.OfficeIMOStream(Format: Xlsb)","83095146282a96143b23a79a7ecca058a24a709b","3.4.4+83095146282a96143b23a79a7ecca058a24a709b","F2853A4C62D5C03C5E3F0CBB7CCBB5776FB63CE58CE8933BE4EBAA4F5887502F","3.4.4+83095146282a96143b23a79a7ecca058a24a709b","B5565DE58D83BFC91F4FFB69A797CE02DFCB10A5A6409323845D05A5732E1A84","5E79575325D94AE8D09B97CD0C1C341EBB6AC0A24C3EEE6AE4817A897F97E7A4","C52377235F70A38C61333009FFA2CC97C0BE2B3C102041CB127587B09AB32A95","CEDF3A831603914A5E024C980CCA65AAAAF25544D98538BC416E963DD8632B12","15","26,53663648148148","1,1470539372468744","18197786","Native managed bytes allocated per benchmark operation; not peak/retained/unmanaged memory","888,3264","1043,5227"
"primary","current","qualified-830951-long-v2-domain1-real","1","OfficeIMO.Excel.ReaderComparison.Benchmarks","RealDataReadBenchmarks","Sylvan","Format=Xlsb","OfficeIMO.Excel.ReaderComparison.Benchmarks.RealDataReadBenchmarks.Sylvan(Format: Xlsb)","83095146282a96143b23a79a7ecca058a24a709b","3.4.4+83095146282a96143b23a79a7ecca058a24a709b","F2853A4C62D5C03C5E3F0CBB7CCBB5776FB63CE58CE8933BE4EBAA4F5887502F","3.4.4+83095146282a96143b23a79a7ecca058a24a709b","B5565DE58D83BFC91F4FFB69A797CE02DFCB10A5A6409323845D05A5732E1A84","5E79575325D94AE8D09B97CD0C1C341EBB6AC0A24C3EEE6AE4817A897F97E7A4","C52377235F70A38C61333009FFA2CC97C0BE2B3C102041CB127587B09AB32A95","CEDF3A831603914A5E024C980CCA65AAAAF25544D98538BC416E963DD8632B12","15","30,173967747747753","1,771499484344825","346998","Native managed bytes allocated per benchmark operation; not peak/retained/unmanaged memory","1022,4454","1223,1249"
"primary","current","qualified-830951-long-v2-domain1-real","1","OfficeIMO.Excel.ReaderComparison.Benchmarks","RealDataReadBenchmarks","ExcelReaderOriginal","Format=Xls","OfficeIMO.Excel.ReaderComparison.Benchmarks.RealDataReadBenchmarks.ExcelReaderOriginal(Format: Xls)","83095146282a96143b23a79a7ecca058a24a709b","3.4.4+83095146282a96143b23a79a7ecca058a24a709b","F2853A4C62D5C03C5E3F0CBB7CCBB5776FB63CE58CE8933BE4EBAA4F5887502F","3.4.4+83095146282a96143b23a79a7ecca058a24a709b","B5565DE58D83BFC91F4FFB69A797CE02DFCB10A5A6409323845D05A5732E1A84","5E79575325D94AE8D09B97CD0C1C341EBB6AC0A24C3EEE6AE4817A897F97E7A4","C52377235F70A38C61333009FFA2CC97C0BE2B3C102041CB127587B09AB32A95","CEDF3A831603914A5E024C980CCA65AAAAF25544D98538BC416E963DD8632B12","15","9,089035424836604","0,3686400100486747","12304","Native managed bytes allocated per benchmark operation; not peak/retained/unmanaged memory","871,1497","985,8835"
"primary","current","qualified-830951-long-v2-domain1-real","1","OfficeIMO.Excel.ReaderComparison.Benchmarks","RealDataReadBenchmarks","ExcelReaderMemory","Format=Xls","OfficeIMO.Excel.ReaderComparison.Benchmarks.RealDataReadBenchmarks.ExcelReaderMemory(Format: Xls)","83095146282a96143b23a79a7ecca058a24a709b","3.4.4+83095146282a96143b23a79a7ecca058a24a709b","F2853A4C62D5C03C5E3F0CBB7CCBB5776FB63CE58CE8933BE4EBAA4F5887502F","3.4.4+83095146282a96143b23a79a7ecca058a24a709b","B5565DE58D83BFC91F4FFB69A797CE02DFCB10A5A6409323845D05A5732E1A84","5E79575325D94AE8D09B97CD0C1C341EBB6AC0A24C3EEE6AE4817A897F97E7A4","C52377235F70A38C61333009FFA2CC97C0BE2B3C102041CB127587B09AB32A95","CEDF3A831603914A5E024C980CCA65AAAAF25544D98538BC416E963DD8632B12","15","9,664124942528735","0,6831056528757875","12168","Native managed bytes allocated per benchmark operation; not peak/retained/unmanaged memory","1042,1199","1242,6609"
"primary","current","qualified-830951-long-v2-domain1-real","1","OfficeIMO.Excel.ReaderComparison.Benchmarks","RealDataReadBenchmarks","OfficeIMOBytes","Format=Xls","OfficeIMO.Excel.ReaderComparison.Benchmarks.RealDataReadBenchmarks.OfficeIMOBytes(Format: Xls)","83095146282a96143b23a79a7ecca058a24a709b","3.4.4+83095146282a96143b23a79a7ecca058a24a709b","F2853A4C62D5C03C5E3F0CBB7CCBB5776FB63CE58CE8933BE4EBAA4F5887502F","3.4.4+83095146282a96143b23a79a7ecca058a24a709b","B5565DE58D83BFC91F4FFB69A797CE02DFCB10A5A6409323845D05A5732E1A84","5E79575325D94AE8D09B97CD0C1C341EBB6AC0A24C3EEE6AE4817A897F97E7A4","C52377235F70A38C61333009FFA2CC97C0BE2B3C102041CB127587B09AB32A95","CEDF3A831603914A5E024C980CCA65AAAAF25544D98538BC416E963DD8632B12","15","13,401305120772948","0,6108564921880827","14325848","Native managed bytes allocated per benchmark operation; not peak/retained/unmanaged memory","855,0877","1001,4729"
"primary","current","qualified-830951-long-v2-domain1-real","1","OfficeIMO.Excel.ReaderComparison.Benchmarks","RealDataReadBenchmarks","OfficeIMOStream","Format=Xls","OfficeIMO.Excel.ReaderComparison.Benchmarks.RealDataReadBenchmarks.OfficeIMOStream(Format: Xls)","83095146282a96143b23a79a7ecca058a24a709b","3.4.4+83095146282a96143b23a79a7ecca058a24a709b","F2853A4C62D5C03C5E3F0CBB7CCBB5776FB63CE58CE8933BE4EBAA4F5887502F","3.4.4+83095146282a96143b23a79a7ecca058a24a709b","B5565DE58D83BFC91F4FFB69A797CE02DFCB10A5A6409323845D05A5732E1A84","5E79575325D94AE8D09B97CD0C1C341EBB6AC0A24C3EEE6AE4817A897F97E7A4","C52377235F70A38C61333009FFA2CC97C0BE2B3C102041CB127587B09AB32A95","CEDF3A831603914A5E024C980CCA65AAAAF25544D98538BC416E963DD8632B12","15","15,065435","1,5667753410979572","26150970","Native managed bytes allocated per benchmark operation; not peak/retained/unmanaged memory","805,1729","1076,7317"
"primary","current","qualified-830951-long-v2-domain1-real","1","OfficeIMO.Excel.ReaderComparison.Benchmarks","RealDataReadBenchmarks","Sylvan","Format=Xls","OfficeIMO.Excel.ReaderComparison.Benchmarks.RealDataReadBenchmarks.Sylvan(Format: Xls)","83095146282a96143b23a79a7ecca058a24a709b","3.4.4+83095146282a96143b23a79a7ecca058a24a709b","F2853A4C62D5C03C5E3F0CBB7CCBB5776FB63CE58CE8933BE4EBAA4F5887502F","3.4.4+83095146282a96143b23a79a7ecca058a24a709b","B5565DE58D83BFC91F4FFB69A797CE02DFCB10A5A6409323845D05A5732E1A84","5E79575325D94AE8D09B97CD0C1C341EBB6AC0A24C3EEE6AE4817A897F97E7A4","C52377235F70A38C61333009FFA2CC97C0BE2B3C102041CB127587B09AB32A95","CEDF3A831603914A5E024C980CCA65AAAAF25544D98538BC416E963DD8632B12","15","17,304933641025645","1,2220465939880898","190764","Native managed bytes allocated per benchmark operation; not peak/retained/unmanaged memory","1050,9161","1358,2417"
"primary","current","qualified-830951-long-v2-domain1-real","1","OfficeIMO.Excel.ReaderComparison.Benchmarks","RealDataTypedReadBenchmarks","ExcelReaderAutomatic","Format=Xlsx","OfficeIMO.Excel.ReaderComparison.Benchmarks.RealDataTypedReadBenchmarks.ExcelReaderAutomatic(Format: Xlsx)","83095146282a96143b23a79a7ecca058a24a709b","3.4.4+83095146282a96143b23a79a7ecca058a24a709b","F2853A4C62D5C03C5E3F0CBB7CCBB5776FB63CE58CE8933BE4EBAA4F5887502F","3.4.4+83095146282a96143b23a79a7ecca058a24a709b","B5565DE58D83BFC91F4FFB69A797CE02DFCB10A5A6409323845D05A5732E1A84","5E79575325D94AE8D09B97CD0C1C341EBB6AC0A24C3EEE6AE4817A897F97E7A4","C52377235F70A38C61333009FFA2CC97C0BE2B3C102041CB127587B09AB32A95","CEDF3A831603914A5E024C980CCA65AAAAF25544D98538BC416E963DD8632B12","15","47,45051777777777","2,397263207287187","8406944","Native managed bytes allocated per benchmark operation; not peak/retained/unmanaged memory","949,3473","1156,3386"
"primary","current","qualified-830951-long-v2-domain1-real","1","OfficeIMO.Excel.ReaderComparison.Benchmarks","RealDataTypedReadBenchmarks","OfficeIMOAutomatic","Format=Xlsx","OfficeIMO.Excel.ReaderComparison.Benchmarks.RealDataTypedReadBenchmarks.OfficeIMOAutomatic(Format: Xlsx)","83095146282a96143b23a79a7ecca058a24a709b","3.4.4+83095146282a96143b23a79a7ecca058a24a709b","F2853A4C62D5C03C5E3F0CBB7CCBB5776FB63CE58CE8933BE4EBAA4F5887502F","3.4.4+83095146282a96143b23a79a7ecca058a24a709b","B5565DE58D83BFC91F4FFB69A797CE02DFCB10A5A6409323845D05A5732E1A84","5E79575325D94AE8D09B97CD0C1C341EBB6AC0A24C3EEE6AE4817A897F97E7A4","C52377235F70A38C61333009FFA2CC97C0BE2B3C102041CB127587B09AB32A95","CEDF3A831603914A5E024C980CCA65AAAAF25544D98538BC416E963DD8632B12","15","61,434153333333335","3,5936759255330677","8511104","Native managed bytes allocated per benchmark operation; not peak/retained/unmanaged memory","220,7697","264,0981"
"primary","current","qualified-830951-long-v2-domain1-real","1","OfficeIMO.Excel.ReaderComparison.Benchmarks","RealDataTypedReadBenchmarks","ExcelReaderAutomatic","Format=Xlsb","OfficeIMO.Excel.ReaderComparison.Benchmarks.RealDataTypedReadBenchmarks.ExcelReaderAutomatic(Format: Xlsb)","83095146282a96143b23a79a7ecca058a24a709b","3.4.4+83095146282a96143b23a79a7ecca058a24a709b","F2853A4C62D5C03C5E3F0CBB7CCBB5776FB63CE58CE8933BE4EBAA4F5887502F","3.4.4+83095146282a96143b23a79a7ecca058a24a709b","B5565DE58D83BFC91F4FFB69A797CE02DFCB10A5A6409323845D05A5732E1A84","5E79575325D94AE8D09B97CD0C1C341EBB6AC0A24C3EEE6AE4817A897F97E7A4","C52377235F70A38C61333009FFA2CC97C0BE2B3C102041CB127587B09AB32A95","CEDF3A831603914A5E024C980CCA65AAAAF25544D98538BC416E963DD8632B12","15","29,89844537037037","1,8824069795904121","8406488","Native managed bytes allocated per benchmark operation; not peak/retained/unmanaged memory","1021,3021","1233,4202"
"primary","current","qualified-830951-long-v2-domain1-real","1","OfficeIMO.Excel.ReaderComparison.Benchmarks","RealDataTypedReadBenchmarks","OfficeIMOAutomatic","Format=Xlsb","OfficeIMO.Excel.ReaderComparison.Benchmarks.RealDataTypedReadBenchmarks.OfficeIMOAutomatic(Format: Xlsb)","83095146282a96143b23a79a7ecca058a24a709b","3.4.4+83095146282a96143b23a79a7ecca058a24a709b","F2853A4C62D5C03C5E3F0CBB7CCBB5776FB63CE58CE8933BE4EBAA4F5887502F","3.4.4+83095146282a96143b23a79a7ecca058a24a709b","B5565DE58D83BFC91F4FFB69A797CE02DFCB10A5A6409323845D05A5732E1A84","5E79575325D94AE8D09B97CD0C1C341EBB6AC0A24C3EEE6AE4817A897F97E7A4","C52377235F70A38C61333009FFA2CC97C0BE2B3C102041CB127587B09AB32A95","CEDF3A831603914A5E024C980CCA65AAAAF25544D98538BC416E963DD8632B12","15","35,61146264367816","1,2090865946094413","25859178","Native managed bytes allocated per benchmark operation; not peak/retained/unmanaged memory","990,3975","1108,5596"
"primary","current","qualified-830951-long-v2-domain1-strings","1","OfficeIMO.Excel.ReaderComparison.Benchmarks","MaterializedStringHeavyReadBenchmarks","ExcelReaderStringsMaterialized","Format=Xlsx&RowCount=65536","OfficeIMO.Excel.ReaderComparison.Benchmarks.MaterializedStringHeavyReadBenchmarks.ExcelReaderStringsMaterialized(Format: Xlsx, RowCount: 65536)","83095146282a96143b23a79a7ecca058a24a709b","3.4.4+83095146282a96143b23a79a7ecca058a24a709b","F2853A4C62D5C03C5E3F0CBB7CCBB5776FB63CE58CE8933BE4EBAA4F5887502F","3.4.4+83095146282a96143b23a79a7ecca058a24a709b","B5565DE58D83BFC91F4FFB69A797CE02DFCB10A5A6409323845D05A5732E1A84","5E79575325D94AE8D09B97CD0C1C341EBB6AC0A24C3EEE6AE4817A897F97E7A4","C52377235F70A38C61333009FFA2CC97C0BE2B3C102041CB127587B09AB32A95","CEDF3A831603914A5E024C980CCA65AAAAF25544D98538BC416E963DD8632B12","12","46,94761140350877","2,2359398355701043","15989611","Native managed bytes allocated per benchmark operation; not peak/retained/unmanaged memory","844,3789","998,6073"
"primary","current","qualified-830951-long-v2-domain1-strings","1","OfficeIMO.Excel.ReaderComparison.Benchmarks","MaterializedStringHeavyReadBenchmarks","ExcelReaderStringsInterned","Format=Xlsx&RowCount=65536","OfficeIMO.Excel.ReaderComparison.Benchmarks.MaterializedStringHeavyReadBenchmarks.ExcelReaderStringsInterned(Format: Xlsx, RowCount: 65536)","83095146282a96143b23a79a7ecca058a24a709b","3.4.4+83095146282a96143b23a79a7ecca058a24a709b","F2853A4C62D5C03C5E3F0CBB7CCBB5776FB63CE58CE8933BE4EBAA4F5887502F","3.4.4+83095146282a96143b23a79a7ecca058a24a709b","B5565DE58D83BFC91F4FFB69A797CE02DFCB10A5A6409323845D05A5732E1A84","5E79575325D94AE8D09B97CD0C1C341EBB6AC0A24C3EEE6AE4817A897F97E7A4","C52377235F70A38C61333009FFA2CC97C0BE2B3C102041CB127587B09AB32A95","CEDF3A831603914A5E024C980CCA65AAAAF25544D98538BC416E963DD8632B12","12","45,92870791666667","1,2508758736226284","15997726","Native managed bytes allocated per benchmark operation; not peak/retained/unmanaged memory","895,785","984,3131"
"primary","current","qualified-830951-long-v2-domain1-strings","1","OfficeIMO.Excel.ReaderComparison.Benchmarks","MaterializedStringHeavyReadBenchmarks","OfficeIMOBytes","Format=Xlsx&RowCount=65536","OfficeIMO.Excel.ReaderComparison.Benchmarks.MaterializedStringHeavyReadBenchmarks.OfficeIMOBytes(Format: Xlsx, RowCount: 65536)","83095146282a96143b23a79a7ecca058a24a709b","3.4.4+83095146282a96143b23a79a7ecca058a24a709b","F2853A4C62D5C03C5E3F0CBB7CCBB5776FB63CE58CE8933BE4EBAA4F5887502F","3.4.4+83095146282a96143b23a79a7ecca058a24a709b","B5565DE58D83BFC91F4FFB69A797CE02DFCB10A5A6409323845D05A5732E1A84","5E79575325D94AE8D09B97CD0C1C341EBB6AC0A24C3EEE6AE4817A897F97E7A4","C52377235F70A38C61333009FFA2CC97C0BE2B3C102041CB127587B09AB32A95","CEDF3A831603914A5E024C980CCA65AAAAF25544D98538BC416E963DD8632B12","12","77,03063787878787","5,454441869361925","20036567","Native managed bytes allocated per benchmark operation; not peak/retained/unmanaged memory","785,1853","963,146"
"primary","current","qualified-830951-long-v2-domain1-strings","1","OfficeIMO.Excel.ReaderComparison.Benchmarks","MaterializedStringHeavyReadBenchmarks","OfficeIMOStream","Format=Xlsx&RowCount=65536","OfficeIMO.Excel.ReaderComparison.Benchmarks.MaterializedStringHeavyReadBenchmarks.OfficeIMOStream(Format: Xlsx, RowCount: 65536)","83095146282a96143b23a79a7ecca058a24a709b","3.4.4+83095146282a96143b23a79a7ecca058a24a709b","F2853A4C62D5C03C5E3F0CBB7CCBB5776FB63CE58CE8933BE4EBAA4F5887502F","3.4.4+83095146282a96143b23a79a7ecca058a24a709b","B5565DE58D83BFC91F4FFB69A797CE02DFCB10A5A6409323845D05A5732E1A84","5E79575325D94AE8D09B97CD0C1C341EBB6AC0A24C3EEE6AE4817A897F97E7A4","C52377235F70A38C61333009FFA2CC97C0BE2B3C102041CB127587B09AB32A95","CEDF3A831603914A5E024C980CCA65AAAAF25544D98538BC416E963DD8632B12","12","75,28528402777778","5,313316839893106","26688699","Native managed bytes allocated per benchmark operation; not peak/retained/unmanaged memory","849,0494","1047,4312"
"primary","current","qualified-830951-long-v2-domain1-strings","1","OfficeIMO.Excel.ReaderComparison.Benchmarks","MaterializedStringHeavyReadBenchmarks","Sylvan","Format=Xlsx&RowCount=65536","OfficeIMO.Excel.ReaderComparison.Benchmarks.MaterializedStringHeavyReadBenchmarks.Sylvan(Format: Xlsx, RowCount: 65536)","83095146282a96143b23a79a7ecca058a24a709b","3.4.4+83095146282a96143b23a79a7ecca058a24a709b","F2853A4C62D5C03C5E3F0CBB7CCBB5776FB63CE58CE8933BE4EBAA4F5887502F","3.4.4+83095146282a96143b23a79a7ecca058a24a709b","B5565DE58D83BFC91F4FFB69A797CE02DFCB10A5A6409323845D05A5732E1A84","5E79575325D94AE8D09B97CD0C1C341EBB6AC0A24C3EEE6AE4817A897F97E7A4","C52377235F70A38C61333009FFA2CC97C0BE2B3C102041CB127587B09AB32A95","CEDF3A831603914A5E024C980CCA65AAAAF25544D98538BC416E963DD8632B12","12","135,30985952380954","8,399309750054424","18253408","Native managed bytes allocated per benchmark operation; not peak/retained/unmanaged memory","882,3987","1087,314"
"primary","current","qualified-830951-long-v2-domain1-strings","1","OfficeIMO.Excel.ReaderComparison.Benchmarks","MaterializedStringHeavyReadBenchmarks","ExcelReaderStringsMaterialized","Format=Xlsb&RowCount=65536","OfficeIMO.Excel.ReaderComparison.Benchmarks.MaterializedStringHeavyReadBenchmarks.ExcelReaderStringsMaterialized(Format: Xlsb, RowCount: 65536)","83095146282a96143b23a79a7ecca058a24a709b","3.4.4+83095146282a96143b23a79a7ecca058a24a709b","F2853A4C62D5C03C5E3F0CBB7CCBB5776FB63CE58CE8933BE4EBAA4F5887502F","3.4.4+83095146282a96143b23a79a7ecca058a24a709b","B5565DE58D83BFC91F4FFB69A797CE02DFCB10A5A6409323845D05A5732E1A84","5E79575325D94AE8D09B97CD0C1C341EBB6AC0A24C3EEE6AE4817A897F97E7A4","C52377235F70A38C61333009FFA2CC97C0BE2B3C102041CB127587B09AB32A95","CEDF3A831603914A5E024C980CCA65AAAAF25544D98538BC416E963DD8632B12","12","46,71364912280703","2,2641946666804498","15988916","Native managed bytes allocated per benchmark operation; not peak/retained/unmanaged memory","830,1916","960,513"
"primary","current","qualified-830951-long-v2-domain1-strings","1","OfficeIMO.Excel.ReaderComparison.Benchmarks","MaterializedStringHeavyReadBenchmarks","ExcelReaderStringsInterned","Format=Xlsb&RowCount=65536","OfficeIMO.Excel.ReaderComparison.Benchmarks.MaterializedStringHeavyReadBenchmarks.ExcelReaderStringsInterned(Format: Xlsb, RowCount: 65536)","83095146282a96143b23a79a7ecca058a24a709b","3.4.4+83095146282a96143b23a79a7ecca058a24a709b","F2853A4C62D5C03C5E3F0CBB7CCBB5776FB63CE58CE8933BE4EBAA4F5887502F","3.4.4+83095146282a96143b23a79a7ecca058a24a709b","B5565DE58D83BFC91F4FFB69A797CE02DFCB10A5A6409323845D05A5732E1A84","5E79575325D94AE8D09B97CD0C1C341EBB6AC0A24C3EEE6AE4817A897F97E7A4","C52377235F70A38C61333009FFA2CC97C0BE2B3C102041CB127587B09AB32A95","CEDF3A831603914A5E024C980CCA65AAAAF25544D98538BC416E963DD8632B12","12","47,27868106060606","2,0508385447333457","15997156","Native managed bytes allocated per benchmark operation; not peak/retained/unmanaged memory","981,13","1151,3599"
"primary","current","qualified-830951-long-v2-domain1-strings","1","OfficeIMO.Excel.ReaderComparison.Benchmarks","MaterializedStringHeavyReadBenchmarks","OfficeIMOBytes","Format=Xlsb&RowCount=65536","OfficeIMO.Excel.ReaderComparison.Benchmarks.MaterializedStringHeavyReadBenchmarks.OfficeIMOBytes(Format: Xlsb, RowCount: 65536)","83095146282a96143b23a79a7ecca058a24a709b","3.4.4+83095146282a96143b23a79a7ecca058a24a709b","F2853A4C62D5C03C5E3F0CBB7CCBB5776FB63CE58CE8933BE4EBAA4F5887502F","3.4.4+83095146282a96143b23a79a7ecca058a24a709b","B5565DE58D83BFC91F4FFB69A797CE02DFCB10A5A6409323845D05A5732E1A84","5E79575325D94AE8D09B97CD0C1C341EBB6AC0A24C3EEE6AE4817A897F97E7A4","C52377235F70A38C61333009FFA2CC97C0BE2B3C102041CB127587B09AB32A95","CEDF3A831603914A5E024C980CCA65AAAAF25544D98538BC416E963DD8632B12","12","49,552929824561396","2,5498503492277202","33078986","Native managed bytes allocated per benchmark operation; not peak/retained/unmanaged memory","876,1493","1055,4896"
"primary","current","qualified-830951-long-v2-domain1-strings","1","OfficeIMO.Excel.ReaderComparison.Benchmarks","MaterializedStringHeavyReadBenchmarks","OfficeIMOStream","Format=Xlsb&RowCount=65536","OfficeIMO.Excel.ReaderComparison.Benchmarks.MaterializedStringHeavyReadBenchmarks.OfficeIMOStream(Format: Xlsb, RowCount: 65536)","83095146282a96143b23a79a7ecca058a24a709b","3.4.4+83095146282a96143b23a79a7ecca058a24a709b","F2853A4C62D5C03C5E3F0CBB7CCBB5776FB63CE58CE8933BE4EBAA4F5887502F","3.4.4+83095146282a96143b23a79a7ecca058a24a709b","B5565DE58D83BFC91F4FFB69A797CE02DFCB10A5A6409323845D05A5732E1A84","5E79575325D94AE8D09B97CD0C1C341EBB6AC0A24C3EEE6AE4817A897F97E7A4","C52377235F70A38C61333009FFA2CC97C0BE2B3C102041CB127587B09AB32A95","CEDF3A831603914A5E024C980CCA65AAAAF25544D98538BC416E963DD8632B12","12","47,82029875","2,1523708726754034","41205431","Native managed bytes allocated per benchmark operation; not peak/retained/unmanaged memory","919,3827","1067,0663"
"primary","current","qualified-830951-long-v2-domain1-strings","1","OfficeIMO.Excel.ReaderComparison.Benchmarks","MaterializedStringHeavyReadBenchmarks","Sylvan","Format=Xlsb&RowCount=65536","OfficeIMO.Excel.ReaderComparison.Benchmarks.MaterializedStringHeavyReadBenchmarks.Sylvan(Format: Xlsb, RowCount: 65536)","83095146282a96143b23a79a7ecca058a24a709b","3.4.4+83095146282a96143b23a79a7ecca058a24a709b","F2853A4C62D5C03C5E3F0CBB7CCBB5776FB63CE58CE8933BE4EBAA4F5887502F","3.4.4+83095146282a96143b23a79a7ecca058a24a709b","B5565DE58D83BFC91F4FFB69A797CE02DFCB10A5A6409323845D05A5732E1A84","5E79575325D94AE8D09B97CD0C1C341EBB6AC0A24C3EEE6AE4817A897F97E7A4","C52377235F70A38C61333009FFA2CC97C0BE2B3C102041CB127587B09AB32A95","CEDF3A831603914A5E024C980CCA65AAAAF25544D98538BC416E963DD8632B12","12","57,85957314814815","4,080869500776421","18226043","Native managed bytes allocated per benchmark operation; not peak/retained/unmanaged memory","952,3609","1199,629"
"primary","current","qualified-830951-long-v2-domain1-strings","1","OfficeIMO.Excel.ReaderComparison.Benchmarks","SharedStringBorrowedScanBenchmarks","ExcelReaderBorrowed","RowCount=65536&Storage=Deflated","OfficeIMO.Excel.ReaderComparison.Benchmarks.SharedStringBorrowedScanBenchmarks.ExcelReaderBorrowed(RowCount: 65536, Storage: Deflated)","83095146282a96143b23a79a7ecca058a24a709b","3.4.4+83095146282a96143b23a79a7ecca058a24a709b","F2853A4C62D5C03C5E3F0CBB7CCBB5776FB63CE58CE8933BE4EBAA4F5887502F","3.4.4+83095146282a96143b23a79a7ecca058a24a709b","B5565DE58D83BFC91F4FFB69A797CE02DFCB10A5A6409323845D05A5732E1A84","5E79575325D94AE8D09B97CD0C1C341EBB6AC0A24C3EEE6AE4817A897F97E7A4","C52377235F70A38C61333009FFA2CC97C0BE2B3C102041CB127587B09AB32A95","CEDF3A831603914A5E024C980CCA65AAAAF25544D98538BC416E963DD8632B12","12","35,72643814102564","1,399767829901195","2286056","Native managed bytes allocated per benchmark operation; not peak/retained/unmanaged memory","858,6835","967,7556"
"primary","current","qualified-830951-long-v2-domain1-strings","1","OfficeIMO.Excel.ReaderComparison.Benchmarks","SharedStringBorrowedScanBenchmarks","ExcelReaderBorrowedPrefetch","RowCount=65536&Storage=Deflated","OfficeIMO.Excel.ReaderComparison.Benchmarks.SharedStringBorrowedScanBenchmarks.ExcelReaderBorrowedPrefetch(RowCount: 65536, Storage: Deflated)","83095146282a96143b23a79a7ecca058a24a709b","3.4.4+83095146282a96143b23a79a7ecca058a24a709b","F2853A4C62D5C03C5E3F0CBB7CCBB5776FB63CE58CE8933BE4EBAA4F5887502F","3.4.4+83095146282a96143b23a79a7ecca058a24a709b","B5565DE58D83BFC91F4FFB69A797CE02DFCB10A5A6409323845D05A5732E1A84","5E79575325D94AE8D09B97CD0C1C341EBB6AC0A24C3EEE6AE4817A897F97E7A4","C52377235F70A38C61333009FFA2CC97C0BE2B3C102041CB127587B09AB32A95","CEDF3A831603914A5E024C980CCA65AAAAF25544D98538BC416E963DD8632B12","12","28,28493095238095","0,802558853738489","2373773","Native managed bytes allocated per benchmark operation; not peak/retained/unmanaged memory","951,1112","1035,8618"
"primary","current","qualified-830951-long-v2-domain1-strings","1","OfficeIMO.Excel.ReaderComparison.Benchmarks","SharedStringBorrowedScanBenchmarks","ExcelReaderBorrowed","RowCount=65536&Storage=Stored","OfficeIMO.Excel.ReaderComparison.Benchmarks.SharedStringBorrowedScanBenchmarks.ExcelReaderBorrowed(RowCount: 65536, Storage: Stored)","83095146282a96143b23a79a7ecca058a24a709b","3.4.4+83095146282a96143b23a79a7ecca058a24a709b","F2853A4C62D5C03C5E3F0CBB7CCBB5776FB63CE58CE8933BE4EBAA4F5887502F","3.4.4+83095146282a96143b23a79a7ecca058a24a709b","B5565DE58D83BFC91F4FFB69A797CE02DFCB10A5A6409323845D05A5732E1A84","5E79575325D94AE8D09B97CD0C1C341EBB6AC0A24C3EEE6AE4817A897F97E7A4","C52377235F70A38C61333009FFA2CC97C0BE2B3C102041CB127587B09AB32A95","CEDF3A831603914A5E024C980CCA65AAAAF25544D98538BC416E963DD8632B12","12","14,927225390625","0,9310296769569761","2284976","Native managed bytes allocated per benchmark operation; not peak/retained/unmanaged memory","888,2188","1069,3106"
"primary","current","qualified-830951-long-v2-domain1-strings","1","OfficeIMO.Excel.ReaderComparison.Benchmarks","SharedStringBorrowedScanBenchmarks","ExcelReaderBorrowedPrefetch","RowCount=65536&Storage=Stored","OfficeIMO.Excel.ReaderComparison.Benchmarks.SharedStringBorrowedScanBenchmarks.ExcelReaderBorrowedPrefetch(RowCount: 65536, Storage: Stored)","83095146282a96143b23a79a7ecca058a24a709b","3.4.4+83095146282a96143b23a79a7ecca058a24a709b","F2853A4C62D5C03C5E3F0CBB7CCBB5776FB63CE58CE8933BE4EBAA4F5887502F","3.4.4+83095146282a96143b23a79a7ecca058a24a709b","B5565DE58D83BFC91F4FFB69A797CE02DFCB10A5A6409323845D05A5732E1A84","5E79575325D94AE8D09B97CD0C1C341EBB6AC0A24C3EEE6AE4817A897F97E7A4","C52377235F70A38C61333009FFA2CC97C0BE2B3C102041CB127587B09AB32A95","CEDF3A831603914A5E024C980CCA65AAAAF25544D98538BC416E963DD8632B12","12","16,68258690476191","0,6613190390259319","2299996","Native managed bytes allocated per benchmark operation; not peak/retained/unmanaged memory","788,0366","882,4649"
"primary","current","qualified-830951-long-v2-domain1-strings","1","OfficeIMO.Excel.ReaderComparison.Benchmarks","SharedStringFirstRowBenchmarks","ExcelReaderOpenThroughFirstRow","RowCount=65536&Storage=Deflated","OfficeIMO.Excel.ReaderComparison.Benchmarks.SharedStringFirstRowBenchmarks.ExcelReaderOpenThroughFirstRow(RowCount: 65536, Storage: Deflated)","83095146282a96143b23a79a7ecca058a24a709b","3.4.4+83095146282a96143b23a79a7ecca058a24a709b","F2853A4C62D5C03C5E3F0CBB7CCBB5776FB63CE58CE8933BE4EBAA4F5887502F","3.4.4+83095146282a96143b23a79a7ecca058a24a709b","B5565DE58D83BFC91F4FFB69A797CE02DFCB10A5A6409323845D05A5732E1A84","5E79575325D94AE8D09B97CD0C1C341EBB6AC0A24C3EEE6AE4817A897F97E7A4","C52377235F70A38C61333009FFA2CC97C0BE2B3C102041CB127587B09AB32A95","CEDF3A831603914A5E024C980CCA65AAAAF25544D98538BC416E963DD8632B12","12","13,267985958904108","0,38848710361617705","765240","Native managed bytes allocated per benchmark operation; not peak/retained/unmanaged memory","931,4504","1005,1635"
"primary","current","qualified-830951-long-v2-domain1-strings","1","OfficeIMO.Excel.ReaderComparison.Benchmarks","SharedStringFirstRowBenchmarks","OfficeIMOOpenThroughFirstRow","RowCount=65536&Storage=Deflated","OfficeIMO.Excel.ReaderComparison.Benchmarks.SharedStringFirstRowBenchmarks.OfficeIMOOpenThroughFirstRow(RowCount: 65536, Storage: Deflated)","83095146282a96143b23a79a7ecca058a24a709b","3.4.4+83095146282a96143b23a79a7ecca058a24a709b","F2853A4C62D5C03C5E3F0CBB7CCBB5776FB63CE58CE8933BE4EBAA4F5887502F","3.4.4+83095146282a96143b23a79a7ecca058a24a709b","B5565DE58D83BFC91F4FFB69A797CE02DFCB10A5A6409323845D05A5732E1A84","5E79575325D94AE8D09B97CD0C1C341EBB6AC0A24C3EEE6AE4817A897F97E7A4","C52377235F70A38C61333009FFA2CC97C0BE2B3C102041CB127587B09AB32A95","CEDF3A831603914A5E024C980CCA65AAAAF25544D98538BC416E963DD8632B12","12","68,12031111111112","5,528495725749908","15317486","Native managed bytes allocated per benchmark operation; not peak/retained/unmanaged memory","852,5109","1133,7434"
"primary","current","qualified-830951-long-v2-domain1-strings","1","OfficeIMO.Excel.ReaderComparison.Benchmarks","SharedStringFirstRowBenchmarks","SylvanOpenThroughFirstRow","RowCount=65536&Storage=Deflated","OfficeIMO.Excel.ReaderComparison.Benchmarks.SharedStringFirstRowBenchmarks.SylvanOpenThroughFirstRow(RowCount: 65536, Storage: Deflated)","83095146282a96143b23a79a7ecca058a24a709b","3.4.4+83095146282a96143b23a79a7ecca058a24a709b","F2853A4C62D5C03C5E3F0CBB7CCBB5776FB63CE58CE8933BE4EBAA4F5887502F","3.4.4+83095146282a96143b23a79a7ecca058a24a709b","B5565DE58D83BFC91F4FFB69A797CE02DFCB10A5A6409323845D05A5732E1A84","5E79575325D94AE8D09B97CD0C1C341EBB6AC0A24C3EEE6AE4817A897F97E7A4","C52377235F70A38C61333009FFA2CC97C0BE2B3C102041CB127587B09AB32A95","CEDF3A831603914A5E024C980CCA65AAAAF25544D98538BC416E963DD8632B12","12","0,06079099469033052","0,004142789319939475","328624","Native managed bytes allocated per benchmark operation; not peak/retained/unmanaged memory","981,5488","1250,5191"
"primary","current","qualified-830951-long-v2-domain1-strings","1","OfficeIMO.Excel.ReaderComparison.Benchmarks","SharedStringFirstRowBenchmarks","ExcelReaderOpenThroughFirstRow","RowCount=65536&Storage=Stored","OfficeIMO.Excel.ReaderComparison.Benchmarks.SharedStringFirstRowBenchmarks.ExcelReaderOpenThroughFirstRow(RowCount: 65536, Storage: Stored)","83095146282a96143b23a79a7ecca058a24a709b","3.4.4+83095146282a96143b23a79a7ecca058a24a709b","F2853A4C62D5C03C5E3F0CBB7CCBB5776FB63CE58CE8933BE4EBAA4F5887502F","3.4.4+83095146282a96143b23a79a7ecca058a24a709b","B5565DE58D83BFC91F4FFB69A797CE02DFCB10A5A6409323845D05A5732E1A84","5E79575325D94AE8D09B97CD0C1C341EBB6AC0A24C3EEE6AE4817A897F97E7A4","C52377235F70A38C61333009FFA2CC97C0BE2B3C102041CB127587B09AB32A95","CEDF3A831603914A5E024C980CCA65AAAAF25544D98538BC416E963DD8632B12","12","3,2289903493699885","0,03240055669643994","764160","Native managed bytes allocated per benchmark operation; not peak/retained/unmanaged memory","922,4844","951,9072"
"primary","current","qualified-830951-long-v2-domain1-strings","1","OfficeIMO.Excel.ReaderComparison.Benchmarks","SharedStringFirstRowBenchmarks","OfficeIMOOpenThroughFirstRow","RowCount=65536&Storage=Stored","OfficeIMO.Excel.ReaderComparison.Benchmarks.SharedStringFirstRowBenchmarks.OfficeIMOOpenThroughFirstRow(RowCount: 65536, Storage: Stored)","83095146282a96143b23a79a7ecca058a24a709b","3.4.4+83095146282a96143b23a79a7ecca058a24a709b","F2853A4C62D5C03C5E3F0CBB7CCBB5776FB63CE58CE8933BE4EBAA4F5887502F","3.4.4+83095146282a96143b23a79a7ecca058a24a709b","B5565DE58D83BFC91F4FFB69A797CE02DFCB10A5A6409323845D05A5732E1A84","5E79575325D94AE8D09B97CD0C1C341EBB6AC0A24C3EEE6AE4817A897F97E7A4","C52377235F70A38C61333009FFA2CC97C0BE2B3C102041CB127587B09AB32A95","CEDF3A831603914A5E024C980CCA65AAAAF25544D98538BC416E963DD8632B12","12","42,78371666666666","3,0433958448374203","15315543","Native managed bytes allocated per benchmark operation; not peak/retained/unmanaged memory","989,0627","1279,8698"
"primary","current","qualified-830951-long-v2-domain1-strings","1","OfficeIMO.Excel.ReaderComparison.Benchmarks","SharedStringFirstRowBenchmarks","SylvanOpenThroughFirstRow","RowCount=65536&Storage=Stored","OfficeIMO.Excel.ReaderComparison.Benchmarks.SharedStringFirstRowBenchmarks.SylvanOpenThroughFirstRow(RowCount: 65536, Storage: Stored)","83095146282a96143b23a79a7ecca058a24a709b","3.4.4+83095146282a96143b23a79a7ecca058a24a709b","F2853A4C62D5C03C5E3F0CBB7CCBB5776FB63CE58CE8933BE4EBAA4F5887502F","3.4.4+83095146282a96143b23a79a7ecca058a24a709b","B5565DE58D83BFC91F4FFB69A797CE02DFCB10A5A6409323845D05A5732E1A84","5E79575325D94AE8D09B97CD0C1C341EBB6AC0A24C3EEE6AE4817A897F97E7A4","C52377235F70A38C61333009FFA2CC97C0BE2B3C102041CB127587B09AB32A95","CEDF3A831603914A5E024C980CCA65AAAAF25544D98538BC416E963DD8632B12","12","0,057844254355800095","0,004749597771648738","327769","Native managed bytes allocated per benchmark operation; not peak/retained/unmanaged memory","1502,355","1928,5801"
"primary","current","qualified-830951-long-v2-domain1-strings","1","OfficeIMO.Excel.ReaderComparison.Benchmarks","SharedStringFullScanBenchmarks","ExcelReaderStringsMaterialized","RowCount=65536&Storage=Stored","OfficeIMO.Excel.ReaderComparison.Benchmarks.SharedStringFullScanBenchmarks.ExcelReaderStringsMaterialized(RowCount: 65536, Storage: Stored)","83095146282a96143b23a79a7ecca058a24a709b","3.4.4+83095146282a96143b23a79a7ecca058a24a709b","F2853A4C62D5C03C5E3F0CBB7CCBB5776FB63CE58CE8933BE4EBAA4F5887502F","3.4.4+83095146282a96143b23a79a7ecca058a24a709b","B5565DE58D83BFC91F4FFB69A797CE02DFCB10A5A6409323845D05A5732E1A84","5E79575325D94AE8D09B97CD0C1C341EBB6AC0A24C3EEE6AE4817A897F97E7A4","C52377235F70A38C61333009FFA2CC97C0BE2B3C102041CB127587B09AB32A95","CEDF3A831603914A5E024C980CCA65AAAAF25544D98538BC416E963DD8632B12","12","39,788427976190476","5,642107027963694","16354935","Native managed bytes allocated per benchmark operation; not peak/retained/unmanaged memory","939,4194","1469,9334"
"primary","current","qualified-830951-long-v2-domain1-strings","1","OfficeIMO.Excel.ReaderComparison.Benchmarks","SharedStringFullScanBenchmarks","OfficeIMOStringsMaterialized","RowCount=65536&Storage=Stored","OfficeIMO.Excel.ReaderComparison.Benchmarks.SharedStringFullScanBenchmarks.OfficeIMOStringsMaterialized(RowCount: 65536, Storage: Stored)","83095146282a96143b23a79a7ecca058a24a709b","3.4.4+83095146282a96143b23a79a7ecca058a24a709b","F2853A4C62D5C03C5E3F0CBB7CCBB5776FB63CE58CE8933BE4EBAA4F5887502F","3.4.4+83095146282a96143b23a79a7ecca058a24a709b","B5565DE58D83BFC91F4FFB69A797CE02DFCB10A5A6409323845D05A5732E1A84","5E79575325D94AE8D09B97CD0C1C341EBB6AC0A24C3EEE6AE4817A897F97E7A4","C52377235F70A38C61333009FFA2CC97C0BE2B3C102041CB127587B09AB32A95","CEDF3A831603914A5E024C980CCA65AAAAF25544D98538BC416E963DD8632B12","12","63,889946111111115","3,7185583152282544","20034658","Native managed bytes allocated per benchmark operation; not peak/retained/unmanaged memory","843,2864","1031,627"
"primary","current","qualified-830951-long-v2-domain1-strings","1","OfficeIMO.Excel.ReaderComparison.Benchmarks","SharedStringFullScanBenchmarks","SylvanStringsMaterialized","RowCount=65536&Storage=Stored","OfficeIMO.Excel.ReaderComparison.Benchmarks.SharedStringFullScanBenchmarks.SylvanStringsMaterialized(RowCount: 65536, Storage: Stored)","83095146282a96143b23a79a7ecca058a24a709b","3.4.4+83095146282a96143b23a79a7ecca058a24a709b","F2853A4C62D5C03C5E3F0CBB7CCBB5776FB63CE58CE8933BE4EBAA4F5887502F","3.4.4+83095146282a96143b23a79a7ecca058a24a709b","B5565DE58D83BFC91F4FFB69A797CE02DFCB10A5A6409323845D05A5732E1A84","5E79575325D94AE8D09B97CD0C1C341EBB6AC0A24C3EEE6AE4817A897F97E7A4","C52377235F70A38C61333009FFA2CC97C0BE2B3C102041CB127587B09AB32A95","CEDF3A831603914A5E024C980CCA65AAAAF25544D98538BC416E963DD8632B12","12","122,70311785714287","7,654549057995922","18252176","Native managed bytes allocated per benchmark operation; not peak/retained/unmanaged memory","783,0619","960,2315"
"primary","current","qualified-830951-long-v2-domain1-strings","1","OfficeIMO.Excel.ReaderComparison.Benchmarks","SharedStringUtf8ReadBenchmarks","ExcelReaderBorrowed","Format=Xlsx&RowCount=100000&Storage=Deflated","OfficeIMO.Excel.ReaderComparison.Benchmarks.SharedStringUtf8ReadBenchmarks.ExcelReaderBorrowed(Format: Xlsx, RowCount: 100000, Storage: Deflated)","83095146282a96143b23a79a7ecca058a24a709b","3.4.4+83095146282a96143b23a79a7ecca058a24a709b","F2853A4C62D5C03C5E3F0CBB7CCBB5776FB63CE58CE8933BE4EBAA4F5887502F","3.4.4+83095146282a96143b23a79a7ecca058a24a709b","B5565DE58D83BFC91F4FFB69A797CE02DFCB10A5A6409323845D05A5732E1A84","5E79575325D94AE8D09B97CD0C1C341EBB6AC0A24C3EEE6AE4817A897F97E7A4","C52377235F70A38C61333009FFA2CC97C0BE2B3C102041CB127587B09AB32A95","CEDF3A831603914A5E024C980CCA65AAAAF25544D98538BC416E963DD8632B12","12","49,95093245614035","1,649157208701463","3036552","Native managed bytes allocated per benchmark operation; not peak/retained/unmanaged memory","915,6556","1014,0556"
"primary","current","qualified-830951-long-v2-domain1-strings","1","OfficeIMO.Excel.ReaderComparison.Benchmarks","SharedStringUtf8ReadBenchmarks","ExcelReaderBorrowedPrefetch","Format=Xlsx&RowCount=100000&Storage=Deflated","OfficeIMO.Excel.ReaderComparison.Benchmarks.SharedStringUtf8ReadBenchmarks.ExcelReaderBorrowedPrefetch(Format: Xlsx, RowCount: 100000, Storage: Deflated)","83095146282a96143b23a79a7ecca058a24a709b","3.4.4+83095146282a96143b23a79a7ecca058a24a709b","F2853A4C62D5C03C5E3F0CBB7CCBB5776FB63CE58CE8933BE4EBAA4F5887502F","3.4.4+83095146282a96143b23a79a7ecca058a24a709b","B5565DE58D83BFC91F4FFB69A797CE02DFCB10A5A6409323845D05A5732E1A84","5E79575325D94AE8D09B97CD0C1C341EBB6AC0A24C3EEE6AE4817A897F97E7A4","C52377235F70A38C61333009FFA2CC97C0BE2B3C102041CB127587B09AB32A95","CEDF3A831603914A5E024C980CCA65AAAAF25544D98538BC416E963DD8632B12","12","40,318142708333326","1,2550432279582864","3141396","Native managed bytes allocated per benchmark operation; not peak/retained/unmanaged memory","930,4462","1027,1407"
"primary","current","qualified-830951-long-v2-domain1-strings","1","OfficeIMO.Excel.ReaderComparison.Benchmarks","SharedStringUtf8ReadBenchmarks","OfficeIMOBorrowedSharedUtf8","Format=Xlsx&RowCount=100000&Storage=Deflated","OfficeIMO.Excel.ReaderComparison.Benchmarks.SharedStringUtf8ReadBenchmarks.OfficeIMOBorrowedSharedUtf8(Format: Xlsx, RowCount: 100000, Storage: Deflated)","83095146282a96143b23a79a7ecca058a24a709b","3.4.4+83095146282a96143b23a79a7ecca058a24a709b","F2853A4C62D5C03C5E3F0CBB7CCBB5776FB63CE58CE8933BE4EBAA4F5887502F","3.4.4+83095146282a96143b23a79a7ecca058a24a709b","B5565DE58D83BFC91F4FFB69A797CE02DFCB10A5A6409323845D05A5732E1A84","5E79575325D94AE8D09B97CD0C1C341EBB6AC0A24C3EEE6AE4817A897F97E7A4","C52377235F70A38C61333009FFA2CC97C0BE2B3C102041CB127587B09AB32A95","CEDF3A831603914A5E024C980CCA65AAAAF25544D98538BC416E963DD8632B12","12","159,41142083333335","9,03356611152647","93053085","Native managed bytes allocated per benchmark operation; not peak/retained/unmanaged memory","893,602","1077,5353"
"primary","current","qualified-830951-long-v2-domain1-strings","1","OfficeIMO.Excel.ReaderComparison.Benchmarks","SharedStringUtf8ReadBenchmarks","ExcelReaderBorrowed","Format=Xlsx&RowCount=100000&Storage=Stored","OfficeIMO.Excel.ReaderComparison.Benchmarks.SharedStringUtf8ReadBenchmarks.ExcelReaderBorrowed(Format: Xlsx, RowCount: 100000, Storage: Stored)","83095146282a96143b23a79a7ecca058a24a709b","3.4.4+83095146282a96143b23a79a7ecca058a24a709b","F2853A4C62D5C03C5E3F0CBB7CCBB5776FB63CE58CE8933BE4EBAA4F5887502F","3.4.4+83095146282a96143b23a79a7ecca058a24a709b","B5565DE58D83BFC91F4FFB69A797CE02DFCB10A5A6409323845D05A5732E1A84","5E79575325D94AE8D09B97CD0C1C341EBB6AC0A24C3EEE6AE4817A897F97E7A4","C52377235F70A38C61333009FFA2CC97C0BE2B3C102041CB127587B09AB32A95","CEDF3A831603914A5E024C980CCA65AAAAF25544D98538BC416E963DD8632B12","12","24,25299756097561","1,3362711834658345","3035472","Native managed bytes allocated per benchmark operation; not peak/retained/unmanaged memory","920,2992","1096,7555"
"primary","current","qualified-830951-long-v2-domain1-strings","1","OfficeIMO.Excel.ReaderComparison.Benchmarks","SharedStringUtf8ReadBenchmarks","ExcelReaderBorrowedPrefetch","Format=Xlsx&RowCount=100000&Storage=Stored","OfficeIMO.Excel.ReaderComparison.Benchmarks.SharedStringUtf8ReadBenchmarks.ExcelReaderBorrowedPrefetch(Format: Xlsx, RowCount: 100000, Storage: Stored)","83095146282a96143b23a79a7ecca058a24a709b","3.4.4+83095146282a96143b23a79a7ecca058a24a709b","F2853A4C62D5C03C5E3F0CBB7CCBB5776FB63CE58CE8933BE4EBAA4F5887502F","3.4.4+83095146282a96143b23a79a7ecca058a24a709b","B5565DE58D83BFC91F4FFB69A797CE02DFCB10A5A6409323845D05A5732E1A84","5E79575325D94AE8D09B97CD0C1C341EBB6AC0A24C3EEE6AE4817A897F97E7A4","C52377235F70A38C61333009FFA2CC97C0BE2B3C102041CB127587B09AB32A95","CEDF3A831603914A5E024C980CCA65AAAAF25544D98538BC416E963DD8632B12","12","24,850459285714287","0,766944305163321","3055437","Native managed bytes allocated per benchmark operation; not peak/retained/unmanaged memory","826,9076","917,4449"
"primary","current","qualified-830951-long-v2-domain1-strings","1","OfficeIMO.Excel.ReaderComparison.Benchmarks","SharedStringUtf8ReadBenchmarks","OfficeIMOBorrowedSharedUtf8","Format=Xlsx&RowCount=100000&Storage=Stored","OfficeIMO.Excel.ReaderComparison.Benchmarks.SharedStringUtf8ReadBenchmarks.OfficeIMOBorrowedSharedUtf8(Format: Xlsx, RowCount: 100000, Storage: Stored)","83095146282a96143b23a79a7ecca058a24a709b","3.4.4+83095146282a96143b23a79a7ecca058a24a709b","F2853A4C62D5C03C5E3F0CBB7CCBB5776FB63CE58CE8933BE4EBAA4F5887502F","3.4.4+83095146282a96143b23a79a7ecca058a24a709b","B5565DE58D83BFC91F4FFB69A797CE02DFCB10A5A6409323845D05A5732E1A84","5E79575325D94AE8D09B97CD0C1C341EBB6AC0A24C3EEE6AE4817A897F97E7A4","C52377235F70A38C61333009FFA2CC97C0BE2B3C102041CB127587B09AB32A95","CEDF3A831603914A5E024C980CCA65AAAAF25544D98538BC416E963DD8632B12","12","204,63297916666664","14,416146562341579","93595932","Native managed bytes allocated per benchmark operation; not peak/retained/unmanaged memory","679,1885","885,5196"
"primary","current","qualified-830951-long-v2-domain1-strings","1","OfficeIMO.Excel.ReaderComparison.Benchmarks","SharedStringUtf8ReadBenchmarks","ExcelReaderBorrowed","Format=Xlsb&RowCount=100000&Storage=Deflated","OfficeIMO.Excel.ReaderComparison.Benchmarks.SharedStringUtf8ReadBenchmarks.ExcelReaderBorrowed(Format: Xlsb, RowCount: 100000, Storage: Deflated)","83095146282a96143b23a79a7ecca058a24a709b","3.4.4+83095146282a96143b23a79a7ecca058a24a709b","F2853A4C62D5C03C5E3F0CBB7CCBB5776FB63CE58CE8933BE4EBAA4F5887502F","3.4.4+83095146282a96143b23a79a7ecca058a24a709b","B5565DE58D83BFC91F4FFB69A797CE02DFCB10A5A6409323845D05A5732E1A84","5E79575325D94AE8D09B97CD0C1C341EBB6AC0A24C3EEE6AE4817A897F97E7A4","C52377235F70A38C61333009FFA2CC97C0BE2B3C102041CB127587B09AB32A95","CEDF3A831603914A5E024C980CCA65AAAAF25544D98538BC416E963DD8632B12","12","52,85178627450981","4,396591976547709","3036044","Native managed bytes allocated per benchmark operation; not peak/retained/unmanaged memory","776,0131","980,2608"
"primary","current","qualified-830951-long-v2-domain1-strings","1","OfficeIMO.Excel.ReaderComparison.Benchmarks","SharedStringUtf8ReadBenchmarks","ExcelReaderBorrowedPrefetch","Format=Xlsb&RowCount=100000&Storage=Deflated","OfficeIMO.Excel.ReaderComparison.Benchmarks.SharedStringUtf8ReadBenchmarks.ExcelReaderBorrowedPrefetch(Format: Xlsb, RowCount: 100000, Storage: Deflated)","83095146282a96143b23a79a7ecca058a24a709b","3.4.4+83095146282a96143b23a79a7ecca058a24a709b","F2853A4C62D5C03C5E3F0CBB7CCBB5776FB63CE58CE8933BE4EBAA4F5887502F","3.4.4+83095146282a96143b23a79a7ecca058a24a709b","B5565DE58D83BFC91F4FFB69A797CE02DFCB10A5A6409323845D05A5732E1A84","5E79575325D94AE8D09B97CD0C1C341EBB6AC0A24C3EEE6AE4817A897F97E7A4","C52377235F70A38C61333009FFA2CC97C0BE2B3C102041CB127587B09AB32A95","CEDF3A831603914A5E024C980CCA65AAAAF25544D98538BC416E963DD8632B12","12","32,96657385057472","0,30947787710004726","3138217","Native managed bytes allocated per benchmark operation; not peak/retained/unmanaged memory","942,6811","976,3865"
"primary","current","qualified-830951-long-v2-domain1-strings","1","OfficeIMO.Excel.ReaderComparison.Benchmarks","SharedStringUtf8ReadBenchmarks","OfficeIMOBorrowedSharedUtf8","Format=Xlsb&RowCount=100000&Storage=Deflated","OfficeIMO.Excel.ReaderComparison.Benchmarks.SharedStringUtf8ReadBenchmarks.OfficeIMOBorrowedSharedUtf8(Format: Xlsb, RowCount: 100000, Storage: Deflated)","83095146282a96143b23a79a7ecca058a24a709b","3.4.4+83095146282a96143b23a79a7ecca058a24a709b","F2853A4C62D5C03C5E3F0CBB7CCBB5776FB63CE58CE8933BE4EBAA4F5887502F","3.4.4+83095146282a96143b23a79a7ecca058a24a709b","B5565DE58D83BFC91F4FFB69A797CE02DFCB10A5A6409323845D05A5732E1A84","5E79575325D94AE8D09B97CD0C1C341EBB6AC0A24C3EEE6AE4817A897F97E7A4","C52377235F70A38C61333009FFA2CC97C0BE2B3C102041CB127587B09AB32A95","CEDF3A831603914A5E024C980CCA65AAAAF25544D98538BC416E963DD8632B12","12","103,38357023809525","2,8291461808132747","108465862","Native managed bytes allocated per benchmark operation; not peak/retained/unmanaged memory","673,2213","759,8186"
"primary","current","qualified-830951-long-v2-domain1-strings","1","OfficeIMO.Excel.ReaderComparison.Benchmarks","SharedStringUtf8ReadBenchmarks","ExcelReaderBorrowed","Format=Xlsb&RowCount=100000&Storage=Stored","OfficeIMO.Excel.ReaderComparison.Benchmarks.SharedStringUtf8ReadBenchmarks.ExcelReaderBorrowed(Format: Xlsb, RowCount: 100000, Storage: Stored)","83095146282a96143b23a79a7ecca058a24a709b","3.4.4+83095146282a96143b23a79a7ecca058a24a709b","F2853A4C62D5C03C5E3F0CBB7CCBB5776FB63CE58CE8933BE4EBAA4F5887502F","3.4.4+83095146282a96143b23a79a7ecca058a24a709b","B5565DE58D83BFC91F4FFB69A797CE02DFCB10A5A6409323845D05A5732E1A84","5E79575325D94AE8D09B97CD0C1C341EBB6AC0A24C3EEE6AE4817A897F97E7A4","C52377235F70A38C61333009FFA2CC97C0BE2B3C102041CB127587B09AB32A95","CEDF3A831603914A5E024C980CCA65AAAAF25544D98538BC416E963DD8632B12","12","20,418722407407408","0,4960020085043673","3034960","Native managed bytes allocated per benchmark operation; not peak/retained/unmanaged memory","886,6416","956,6488"
"primary","current","qualified-830951-long-v2-domain1-strings","1","OfficeIMO.Excel.ReaderComparison.Benchmarks","SharedStringUtf8ReadBenchmarks","ExcelReaderBorrowedPrefetch","Format=Xlsb&RowCount=100000&Storage=Stored","OfficeIMO.Excel.ReaderComparison.Benchmarks.SharedStringUtf8ReadBenchmarks.ExcelReaderBorrowedPrefetch(Format: Xlsb, RowCount: 100000, Storage: Stored)","83095146282a96143b23a79a7ecca058a24a709b","3.4.4+83095146282a96143b23a79a7ecca058a24a709b","F2853A4C62D5C03C5E3F0CBB7CCBB5776FB63CE58CE8933BE4EBAA4F5887502F","3.4.4+83095146282a96143b23a79a7ecca058a24a709b","B5565DE58D83BFC91F4FFB69A797CE02DFCB10A5A6409323845D05A5732E1A84","5E79575325D94AE8D09B97CD0C1C341EBB6AC0A24C3EEE6AE4817A897F97E7A4","C52377235F70A38C61333009FFA2CC97C0BE2B3C102041CB127587B09AB32A95","CEDF3A831603914A5E024C980CCA65AAAAF25544D98538BC416E963DD8632B12","12","22,9355884469697","0,8929057438666157","3052644","Native managed bytes allocated per benchmark operation; not peak/retained/unmanaged memory","954,4913","1085,4577"
"primary","current","qualified-830951-long-v2-domain1-strings","1","OfficeIMO.Excel.ReaderComparison.Benchmarks","SharedStringUtf8ReadBenchmarks","OfficeIMOBorrowedSharedUtf8","Format=Xlsb&RowCount=100000&Storage=Stored","OfficeIMO.Excel.ReaderComparison.Benchmarks.SharedStringUtf8ReadBenchmarks.OfficeIMOBorrowedSharedUtf8(Format: Xlsb, RowCount: 100000, Storage: Stored)","83095146282a96143b23a79a7ecca058a24a709b","3.4.4+83095146282a96143b23a79a7ecca058a24a709b","F2853A4C62D5C03C5E3F0CBB7CCBB5776FB63CE58CE8933BE4EBAA4F5887502F","3.4.4+83095146282a96143b23a79a7ecca058a24a709b","B5565DE58D83BFC91F4FFB69A797CE02DFCB10A5A6409323845D05A5732E1A84","5E79575325D94AE8D09B97CD0C1C341EBB6AC0A24C3EEE6AE4817A897F97E7A4","C52377235F70A38C61333009FFA2CC97C0BE2B3C102041CB127587B09AB32A95","CEDF3A831603914A5E024C980CCA65AAAAF25544D98538BC416E963DD8632B12","12","78,47970462962962","3,082344357693381","108463748","Native managed bytes allocated per benchmark operation; not peak/retained/unmanaged memory","668,8457","746,0067"
"primary","current","qualified-830951-long-v2-domain1-strings","1","OfficeIMO.Excel.ReaderComparison.Benchmarks","StringHeavyReadBenchmarks","ExcelReaderOriginal","Format=Xlsx&RowCount=65536","OfficeIMO.Excel.ReaderComparison.Benchmarks.StringHeavyReadBenchmarks.ExcelReaderOriginal(Format: Xlsx, RowCount: 65536)","83095146282a96143b23a79a7ecca058a24a709b","3.4.4+83095146282a96143b23a79a7ecca058a24a709b","F2853A4C62D5C03C5E3F0CBB7CCBB5776FB63CE58CE8933BE4EBAA4F5887502F","3.4.4+83095146282a96143b23a79a7ecca058a24a709b","B5565DE58D83BFC91F4FFB69A797CE02DFCB10A5A6409323845D05A5732E1A84","5E79575325D94AE8D09B97CD0C1C341EBB6AC0A24C3EEE6AE4817A897F97E7A4","C52377235F70A38C61333009FFA2CC97C0BE2B3C102041CB127587B09AB32A95","CEDF3A831603914A5E024C980CCA65AAAAF25544D98538BC416E963DD8632B12","12","35,42825201149426","0,807816444105146","2286056","Native managed bytes allocated per benchmark operation; not peak/retained/unmanaged memory","990,0486","1065,0709"
"primary","current","qualified-830951-long-v2-domain1-strings","1","OfficeIMO.Excel.ReaderComparison.Benchmarks","StringHeavyReadBenchmarks","ExcelReaderPrefetch","Format=Xlsx&RowCount=65536","OfficeIMO.Excel.ReaderComparison.Benchmarks.StringHeavyReadBenchmarks.ExcelReaderPrefetch(Format: Xlsx, RowCount: 65536)","83095146282a96143b23a79a7ecca058a24a709b","3.4.4+83095146282a96143b23a79a7ecca058a24a709b","F2853A4C62D5C03C5E3F0CBB7CCBB5776FB63CE58CE8933BE4EBAA4F5887502F","3.4.4+83095146282a96143b23a79a7ecca058a24a709b","B5565DE58D83BFC91F4FFB69A797CE02DFCB10A5A6409323845D05A5732E1A84","5E79575325D94AE8D09B97CD0C1C341EBB6AC0A24C3EEE6AE4817A897F97E7A4","C52377235F70A38C61333009FFA2CC97C0BE2B3C102041CB127587B09AB32A95","CEDF3A831603914A5E024C980CCA65AAAAF25544D98538BC416E963DD8632B12","12","28,04884837962963","0,35046706516200526","2374543","Native managed bytes allocated per benchmark operation; not peak/retained/unmanaged memory","986,894","1027,7007"
"primary","current","qualified-830951-long-v2-domain1-strings","1","OfficeIMO.Excel.ReaderComparison.Benchmarks","StringHeavyReadBenchmarks","ExcelReaderMemory","Format=Xlsx&RowCount=65536","OfficeIMO.Excel.ReaderComparison.Benchmarks.StringHeavyReadBenchmarks.ExcelReaderMemory(Format: Xlsx, RowCount: 65536)","83095146282a96143b23a79a7ecca058a24a709b","3.4.4+83095146282a96143b23a79a7ecca058a24a709b","F2853A4C62D5C03C5E3F0CBB7CCBB5776FB63CE58CE8933BE4EBAA4F5887502F","3.4.4+83095146282a96143b23a79a7ecca058a24a709b","B5565DE58D83BFC91F4FFB69A797CE02DFCB10A5A6409323845D05A5732E1A84","5E79575325D94AE8D09B97CD0C1C341EBB6AC0A24C3EEE6AE4817A897F97E7A4","C52377235F70A38C61333009FFA2CC97C0BE2B3C102041CB127587B09AB32A95","CEDF3A831603914A5E024C980CCA65AAAAF25544D98538BC416E963DD8632B12","12","34,911423850574714","1,3698715013321712","2285800","Native managed bytes allocated per benchmark operation; not peak/retained/unmanaged memory","968,1339","1090,9105"
"primary","current","qualified-830951-long-v2-domain1-strings","1","OfficeIMO.Excel.ReaderComparison.Benchmarks","StringHeavyReadBenchmarks","OfficeIMOBytes","Format=Xlsx&RowCount=65536","OfficeIMO.Excel.ReaderComparison.Benchmarks.StringHeavyReadBenchmarks.OfficeIMOBytes(Format: Xlsx, RowCount: 65536)","83095146282a96143b23a79a7ecca058a24a709b","3.4.4+83095146282a96143b23a79a7ecca058a24a709b","F2853A4C62D5C03C5E3F0CBB7CCBB5776FB63CE58CE8933BE4EBAA4F5887502F","3.4.4+83095146282a96143b23a79a7ecca058a24a709b","B5565DE58D83BFC91F4FFB69A797CE02DFCB10A5A6409323845D05A5732E1A84","5E79575325D94AE8D09B97CD0C1C341EBB6AC0A24C3EEE6AE4817A897F97E7A4","C52377235F70A38C61333009FFA2CC97C0BE2B3C102041CB127587B09AB32A95","CEDF3A831603914A5E024C980CCA65AAAAF25544D98538BC416E963DD8632B12","12","91,32179469696969","9,973769406720267","20036205","Native managed bytes allocated per benchmark operation; not peak/retained/unmanaged memory","888,7737","1185,7263"
"primary","current","qualified-830951-long-v2-domain1-strings","1","OfficeIMO.Excel.ReaderComparison.Benchmarks","StringHeavyReadBenchmarks","OfficeIMOStream","Format=Xlsx&RowCount=65536","OfficeIMO.Excel.ReaderComparison.Benchmarks.StringHeavyReadBenchmarks.OfficeIMOStream(Format: Xlsx, RowCount: 65536)","83095146282a96143b23a79a7ecca058a24a709b","3.4.4+83095146282a96143b23a79a7ecca058a24a709b","F2853A4C62D5C03C5E3F0CBB7CCBB5776FB63CE58CE8933BE4EBAA4F5887502F","3.4.4+83095146282a96143b23a79a7ecca058a24a709b","B5565DE58D83BFC91F4FFB69A797CE02DFCB10A5A6409323845D05A5732E1A84","5E79575325D94AE8D09B97CD0C1C341EBB6AC0A24C3EEE6AE4817A897F97E7A4","C52377235F70A38C61333009FFA2CC97C0BE2B3C102041CB127587B09AB32A95","CEDF3A831603914A5E024C980CCA65AAAAF25544D98538BC416E963DD8632B12","12","72,76561874999999","1,6520474996577192","26688453","Native managed bytes allocated per benchmark operation; not peak/retained/unmanaged memory","852,0465","929,9327"
"primary","current","qualified-830951-long-v2-domain1-strings","1","OfficeIMO.Excel.ReaderComparison.Benchmarks","StringHeavyReadBenchmarks","Sylvan","Format=Xlsx&RowCount=65536","OfficeIMO.Excel.ReaderComparison.Benchmarks.StringHeavyReadBenchmarks.Sylvan(Format: Xlsx, RowCount: 65536)","83095146282a96143b23a79a7ecca058a24a709b","3.4.4+83095146282a96143b23a79a7ecca058a24a709b","F2853A4C62D5C03C5E3F0CBB7CCBB5776FB63CE58CE8933BE4EBAA4F5887502F","3.4.4+83095146282a96143b23a79a7ecca058a24a709b","B5565DE58D83BFC91F4FFB69A797CE02DFCB10A5A6409323845D05A5732E1A84","5E79575325D94AE8D09B97CD0C1C341EBB6AC0A24C3EEE6AE4817A897F97E7A4","C52377235F70A38C61333009FFA2CC97C0BE2B3C102041CB127587B09AB32A95","CEDF3A831603914A5E024C980CCA65AAAAF25544D98538BC416E963DD8632B12","12","134,16993194444444","7,870025546056295","18253408","Native managed bytes allocated per benchmark operation; not peak/retained/unmanaged memory","751,9559","907,8735"
"primary","current","qualified-830951-long-v2-domain1-strings","1","OfficeIMO.Excel.ReaderComparison.Benchmarks","StringHeavyReadBenchmarks","ExcelReaderOriginal","Format=Xlsb&RowCount=65536","OfficeIMO.Excel.ReaderComparison.Benchmarks.StringHeavyReadBenchmarks.ExcelReaderOriginal(Format: Xlsb, RowCount: 65536)","83095146282a96143b23a79a7ecca058a24a709b","3.4.4+83095146282a96143b23a79a7ecca058a24a709b","F2853A4C62D5C03C5E3F0CBB7CCBB5776FB63CE58CE8933BE4EBAA4F5887502F","3.4.4+83095146282a96143b23a79a7ecca058a24a709b","B5565DE58D83BFC91F4FFB69A797CE02DFCB10A5A6409323845D05A5732E1A84","5E79575325D94AE8D09B97CD0C1C341EBB6AC0A24C3EEE6AE4817A897F97E7A4","C52377235F70A38C61333009FFA2CC97C0BE2B3C102041CB127587B09AB32A95","CEDF3A831603914A5E024C980CCA65AAAAF25544D98538BC416E963DD8632B12","12","31,986203333333332","0,42393873187268266","2285544","Native managed bytes allocated per benchmark operation; not peak/retained/unmanaged memory","940,9363","981,6272"
"primary","current","qualified-830951-long-v2-domain1-strings","1","OfficeIMO.Excel.ReaderComparison.Benchmarks","StringHeavyReadBenchmarks","ExcelReaderPrefetch","Format=Xlsb&RowCount=65536","OfficeIMO.Excel.ReaderComparison.Benchmarks.StringHeavyReadBenchmarks.ExcelReaderPrefetch(Format: Xlsb, RowCount: 65536)","83095146282a96143b23a79a7ecca058a24a709b","3.4.4+83095146282a96143b23a79a7ecca058a24a709b","F2853A4C62D5C03C5E3F0CBB7CCBB5776FB63CE58CE8933BE4EBAA4F5887502F","3.4.4+83095146282a96143b23a79a7ecca058a24a709b","B5565DE58D83BFC91F4FFB69A797CE02DFCB10A5A6409323845D05A5732E1A84","5E79575325D94AE8D09B97CD0C1C341EBB6AC0A24C3EEE6AE4817A897F97E7A4","C52377235F70A38C61333009FFA2CC97C0BE2B3C102041CB127587B09AB32A95","CEDF3A831603914A5E024C980CCA65AAAAF25544D98538BC416E963DD8632B12","12","20,101313034188035","0,7797949713579581","2383745","Native managed bytes allocated per benchmark operation; not peak/retained/unmanaged memory","767,0915","876,5265"
"primary","current","qualified-830951-long-v2-domain1-strings","1","OfficeIMO.Excel.ReaderComparison.Benchmarks","StringHeavyReadBenchmarks","ExcelReaderMemory","Format=Xlsb&RowCount=65536","OfficeIMO.Excel.ReaderComparison.Benchmarks.StringHeavyReadBenchmarks.ExcelReaderMemory(Format: Xlsb, RowCount: 65536)","83095146282a96143b23a79a7ecca058a24a709b","3.4.4+83095146282a96143b23a79a7ecca058a24a709b","F2853A4C62D5C03C5E3F0CBB7CCBB5776FB63CE58CE8933BE4EBAA4F5887502F","3.4.4+83095146282a96143b23a79a7ecca058a24a709b","B5565DE58D83BFC91F4FFB69A797CE02DFCB10A5A6409323845D05A5732E1A84","5E79575325D94AE8D09B97CD0C1C341EBB6AC0A24C3EEE6AE4817A897F97E7A4","C52377235F70A38C61333009FFA2CC97C0BE2B3C102041CB127587B09AB32A95","CEDF3A831603914A5E024C980CCA65AAAAF25544D98538BC416E963DD8632B12","12","30,1834359375","0,148793382493403","6779360","Native managed bytes allocated per benchmark operation; not peak/retained/unmanaged memory","957,0311","975,1979"
"primary","current","qualified-830951-long-v2-domain1-strings","1","OfficeIMO.Excel.ReaderComparison.Benchmarks","StringHeavyReadBenchmarks","OfficeIMOBytes","Format=Xlsb&RowCount=65536","OfficeIMO.Excel.ReaderComparison.Benchmarks.StringHeavyReadBenchmarks.OfficeIMOBytes(Format: Xlsb, RowCount: 65536)","83095146282a96143b23a79a7ecca058a24a709b","3.4.4+83095146282a96143b23a79a7ecca058a24a709b","F2853A4C62D5C03C5E3F0CBB7CCBB5776FB63CE58CE8933BE4EBAA4F5887502F","3.4.4+83095146282a96143b23a79a7ecca058a24a709b","B5565DE58D83BFC91F4FFB69A797CE02DFCB10A5A6409323845D05A5732E1A84","5E79575325D94AE8D09B97CD0C1C341EBB6AC0A24C3EEE6AE4817A897F97E7A4","C52377235F70A38C61333009FFA2CC97C0BE2B3C102041CB127587B09AB32A95","CEDF3A831603914A5E024C980CCA65AAAAF25544D98538BC416E963DD8632B12","12","44,36720793650793","0,39673810861679654","33078925","Native managed bytes allocated per benchmark operation; not peak/retained/unmanaged memory","924,3659","954,9507"
"primary","current","qualified-830951-long-v2-domain1-strings","1","OfficeIMO.Excel.ReaderComparison.Benchmarks","StringHeavyReadBenchmarks","OfficeIMOStream","Format=Xlsb&RowCount=65536","OfficeIMO.Excel.ReaderComparison.Benchmarks.StringHeavyReadBenchmarks.OfficeIMOStream(Format: Xlsb, RowCount: 65536)","83095146282a96143b23a79a7ecca058a24a709b","3.4.4+83095146282a96143b23a79a7ecca058a24a709b","F2853A4C62D5C03C5E3F0CBB7CCBB5776FB63CE58CE8933BE4EBAA4F5887502F","3.4.4+83095146282a96143b23a79a7ecca058a24a709b","B5565DE58D83BFC91F4FFB69A797CE02DFCB10A5A6409323845D05A5732E1A84","5E79575325D94AE8D09B97CD0C1C341EBB6AC0A24C3EEE6AE4817A897F97E7A4","C52377235F70A38C61333009FFA2CC97C0BE2B3C102041CB127587B09AB32A95","CEDF3A831603914A5E024C980CCA65AAAAF25544D98538BC416E963DD8632B12","12","46,120288333333335","0,9857893456048719","41205457","Native managed bytes allocated per benchmark operation; not peak/retained/unmanaged memory","671,4064","718,4843"
"primary","current","qualified-830951-long-v2-domain1-strings","1","OfficeIMO.Excel.ReaderComparison.Benchmarks","StringHeavyReadBenchmarks","Sylvan","Format=Xlsb&RowCount=65536","OfficeIMO.Excel.ReaderComparison.Benchmarks.StringHeavyReadBenchmarks.Sylvan(Format: Xlsb, RowCount: 65536)","83095146282a96143b23a79a7ecca058a24a709b","3.4.4+83095146282a96143b23a79a7ecca058a24a709b","F2853A4C62D5C03C5E3F0CBB7CCBB5776FB63CE58CE8933BE4EBAA4F5887502F","3.4.4+83095146282a96143b23a79a7ecca058a24a709b","B5565DE58D83BFC91F4FFB69A797CE02DFCB10A5A6409323845D05A5732E1A84","5E79575325D94AE8D09B97CD0C1C341EBB6AC0A24C3EEE6AE4817A897F97E7A4","C52377235F70A38C61333009FFA2CC97C0BE2B3C102041CB127587B09AB32A95","CEDF3A831603914A5E024C980CCA65AAAAF25544D98538BC416E963DD8632B12","12","46,12498484848484","1,4950793570817411","18226560","Native managed bytes allocated per benchmark operation; not peak/retained/unmanaged memory","473,9745","527,3235"
"primary","current","qualified-830951-long-v2-domain1-ado","1","OfficeIMO.Excel.ReaderComparison.Benchmarks","AdoReadBenchmarks","ExcelReader","RowCount=50000&Access=GetValue","OfficeIMO.Excel.ReaderComparison.Benchmarks.AdoReadBenchmarks.ExcelReader(RowCount: 50000, Access: GetValue)","83095146282a96143b23a79a7ecca058a24a709b","3.4.4+83095146282a96143b23a79a7ecca058a24a709b","F2853A4C62D5C03C5E3F0CBB7CCBB5776FB63CE58CE8933BE4EBAA4F5887502F","3.4.4+83095146282a96143b23a79a7ecca058a24a709b","B5565DE58D83BFC91F4FFB69A797CE02DFCB10A5A6409323845D05A5732E1A84","5E79575325D94AE8D09B97CD0C1C341EBB6AC0A24C3EEE6AE4817A897F97E7A4","C52377235F70A38C61333009FFA2CC97C0BE2B3C102041CB127587B09AB32A95","CEDF3A831603914A5E024C980CCA65AAAAF25544D98538BC416E963DD8632B12","15","6,784471688888889","0,09449193108370717","5254664","Native managed bytes allocated per benchmark operation; not peak/retained/unmanaged memory","1000,1734","1048,8762"
"primary","current","qualified-830951-long-v2-domain1-ado","1","OfficeIMO.Excel.ReaderComparison.Benchmarks","AdoReadBenchmarks","OfficeIMO","RowCount=50000&Access=GetValue","OfficeIMO.Excel.ReaderComparison.Benchmarks.AdoReadBenchmarks.OfficeIMO(RowCount: 50000, Access: GetValue)","83095146282a96143b23a79a7ecca058a24a709b","3.4.4+83095146282a96143b23a79a7ecca058a24a709b","F2853A4C62D5C03C5E3F0CBB7CCBB5776FB63CE58CE8933BE4EBAA4F5887502F","3.4.4+83095146282a96143b23a79a7ecca058a24a709b","B5565DE58D83BFC91F4FFB69A797CE02DFCB10A5A6409323845D05A5732E1A84","5E79575325D94AE8D09B97CD0C1C341EBB6AC0A24C3EEE6AE4817A897F97E7A4","C52377235F70A38C61333009FFA2CC97C0BE2B3C102041CB127587B09AB32A95","CEDF3A831603914A5E024C980CCA65AAAAF25544D98538BC416E963DD8632B12","15","9,782413529411764","0,12181292593406062","4453217","Native managed bytes allocated per benchmark operation; not peak/retained/unmanaged memory","981,1869","1032,3089"
"primary","current","qualified-830951-long-v2-domain1-ado","1","OfficeIMO.Excel.ReaderComparison.Benchmarks","AdoReadBenchmarks","Sylvan","RowCount=50000&Access=GetValue","OfficeIMO.Excel.ReaderComparison.Benchmarks.AdoReadBenchmarks.Sylvan(RowCount: 50000, Access: GetValue)","83095146282a96143b23a79a7ecca058a24a709b","3.4.4+83095146282a96143b23a79a7ecca058a24a709b","F2853A4C62D5C03C5E3F0CBB7CCBB5776FB63CE58CE8933BE4EBAA4F5887502F","3.4.4+83095146282a96143b23a79a7ecca058a24a709b","B5565DE58D83BFC91F4FFB69A797CE02DFCB10A5A6409323845D05A5732E1A84","5E79575325D94AE8D09B97CD0C1C341EBB6AC0A24C3EEE6AE4817A897F97E7A4","C52377235F70A38C61333009FFA2CC97C0BE2B3C102041CB127587B09AB32A95","CEDF3A831603914A5E024C980CCA65AAAAF25544D98538BC416E963DD8632B12","15","33,41768505747127","0,2965595939976104","8583409","Native managed bytes allocated per benchmark operation; not peak/retained/unmanaged memory","957,8505","984,3714"
"primary","current","qualified-830951-long-v2-domain1-ado","1","OfficeIMO.Excel.ReaderComparison.Benchmarks","AdoReadBenchmarks","ExcelReader","RowCount=50000&Access=TypedGetters","OfficeIMO.Excel.ReaderComparison.Benchmarks.AdoReadBenchmarks.ExcelReader(RowCount: 50000, Access: TypedGetters)","83095146282a96143b23a79a7ecca058a24a709b","3.4.4+83095146282a96143b23a79a7ecca058a24a709b","F2853A4C62D5C03C5E3F0CBB7CCBB5776FB63CE58CE8933BE4EBAA4F5887502F","3.4.4+83095146282a96143b23a79a7ecca058a24a709b","B5565DE58D83BFC91F4FFB69A797CE02DFCB10A5A6409323845D05A5732E1A84","5E79575325D94AE8D09B97CD0C1C341EBB6AC0A24C3EEE6AE4817A897F97E7A4","C52377235F70A38C61333009FFA2CC97C0BE2B3C102041CB127587B09AB32A95","CEDF3A831603914A5E024C980CCA65AAAAF25544D98538BC416E963DD8632B12","15","6,904162870370372","0,055132251435860744","1654664","Native managed bytes allocated per benchmark operation; not peak/retained/unmanaged memory","985,8684","1010,2671"
"primary","current","qualified-830951-long-v2-domain1-ado","1","OfficeIMO.Excel.ReaderComparison.Benchmarks","AdoReadBenchmarks","OfficeIMO","RowCount=50000&Access=TypedGetters","OfficeIMO.Excel.ReaderComparison.Benchmarks.AdoReadBenchmarks.OfficeIMO(RowCount: 50000, Access: TypedGetters)","83095146282a96143b23a79a7ecca058a24a709b","3.4.4+83095146282a96143b23a79a7ecca058a24a709b","F2853A4C62D5C03C5E3F0CBB7CCBB5776FB63CE58CE8933BE4EBAA4F5887502F","3.4.4+83095146282a96143b23a79a7ecca058a24a709b","B5565DE58D83BFC91F4FFB69A797CE02DFCB10A5A6409323845D05A5732E1A84","5E79575325D94AE8D09B97CD0C1C341EBB6AC0A24C3EEE6AE4817A897F97E7A4","C52377235F70A38C61333009FFA2CC97C0BE2B3C102041CB127587B09AB32A95","CEDF3A831603914A5E024C980CCA65AAAAF25544D98538BC416E963DD8632B12","15","8,397873245614035","0,06508424823800968","1035503","Native managed bytes allocated per benchmark operation; not peak/retained/unmanaged memory","945,362","972,6592"
"primary","current","qualified-830951-long-v2-domain1-ado","1","OfficeIMO.Excel.ReaderComparison.Benchmarks","AdoReadBenchmarks","Sylvan","RowCount=50000&Access=TypedGetters","OfficeIMO.Excel.ReaderComparison.Benchmarks.AdoReadBenchmarks.Sylvan(RowCount: 50000, Access: TypedGetters)","83095146282a96143b23a79a7ecca058a24a709b","3.4.4+83095146282a96143b23a79a7ecca058a24a709b","F2853A4C62D5C03C5E3F0CBB7CCBB5776FB63CE58CE8933BE4EBAA4F5887502F","3.4.4+83095146282a96143b23a79a7ecca058a24a709b","B5565DE58D83BFC91F4FFB69A797CE02DFCB10A5A6409323845D05A5732E1A84","5E79575325D94AE8D09B97CD0C1C341EBB6AC0A24C3EEE6AE4817A897F97E7A4","C52377235F70A38C61333009FFA2CC97C0BE2B3C102041CB127587B09AB32A95","CEDF3A831603914A5E024C980CCA65AAAAF25544D98538BC416E963DD8632B12","15","25,10607416666667","0,22720678387340293","1986477","Native managed bytes allocated per benchmark operation; not peak/retained/unmanaged memory","993,3317","1026,022"
"primary","current","qualified-830951-long-v2-domain1-ado","1","OfficeIMO.Excel.ReaderComparison.Benchmarks","AdoReadBenchmarks","ExcelReader","RowCount=50000&Access=Utf8TextCopy","OfficeIMO.Excel.ReaderComparison.Benchmarks.AdoReadBenchmarks.ExcelReader(RowCount: 50000, Access: Utf8TextCopy)","83095146282a96143b23a79a7ecca058a24a709b","3.4.4+83095146282a96143b23a79a7ecca058a24a709b","F2853A4C62D5C03C5E3F0CBB7CCBB5776FB63CE58CE8933BE4EBAA4F5887502F","3.4.4+83095146282a96143b23a79a7ecca058a24a709b","B5565DE58D83BFC91F4FFB69A797CE02DFCB10A5A6409323845D05A5732E1A84","5E79575325D94AE8D09B97CD0C1C341EBB6AC0A24C3EEE6AE4817A897F97E7A4","C52377235F70A38C61333009FFA2CC97C0BE2B3C102041CB127587B09AB32A95","CEDF3A831603914A5E024C980CCA65AAAAF25544D98538BC416E963DD8632B12","15","5,141341914529915","0,04330361877339668","7101","Native managed bytes allocated per benchmark operation; not peak/retained/unmanaged memory","989,8776","1017,5856"
"primary","current","qualified-830951-long-v2-domain1-ado","1","OfficeIMO.Excel.ReaderComparison.Benchmarks","AdoReadBenchmarks","OfficeIMO","RowCount=50000&Access=Utf8TextCopy","OfficeIMO.Excel.ReaderComparison.Benchmarks.AdoReadBenchmarks.OfficeIMO(RowCount: 50000, Access: Utf8TextCopy)","83095146282a96143b23a79a7ecca058a24a709b","3.4.4+83095146282a96143b23a79a7ecca058a24a709b","F2853A4C62D5C03C5E3F0CBB7CCBB5776FB63CE58CE8933BE4EBAA4F5887502F","3.4.4+83095146282a96143b23a79a7ecca058a24a709b","B5565DE58D83BFC91F4FFB69A797CE02DFCB10A5A6409323845D05A5732E1A84","5E79575325D94AE8D09B97CD0C1C341EBB6AC0A24C3EEE6AE4817A897F97E7A4","C52377235F70A38C61333009FFA2CC97C0BE2B3C102041CB127587B09AB32A95","CEDF3A831603914A5E024C980CCA65AAAAF25544D98538BC416E963DD8632B12","15","6,2272021904761905","0,10222959714234096","852886","Native managed bytes allocated per benchmark operation; not peak/retained/unmanaged memory","854,6389","900,1427"
"primary","current","qualified-830951-long-v2-domain1-ado","1","OfficeIMO.Excel.ReaderComparison.Benchmarks","AdoReadBenchmarks","Sylvan","RowCount=50000&Access=Utf8TextCopy","OfficeIMO.Excel.ReaderComparison.Benchmarks.AdoReadBenchmarks.Sylvan(RowCount: 50000, Access: Utf8TextCopy)","83095146282a96143b23a79a7ecca058a24a709b","3.4.4+83095146282a96143b23a79a7ecca058a24a709b","F2853A4C62D5C03C5E3F0CBB7CCBB5776FB63CE58CE8933BE4EBAA4F5887502F","3.4.4+83095146282a96143b23a79a7ecca058a24a709b","B5565DE58D83BFC91F4FFB69A797CE02DFCB10A5A6409323845D05A5732E1A84","5E79575325D94AE8D09B97CD0C1C341EBB6AC0A24C3EEE6AE4817A897F97E7A4","C52377235F70A38C61333009FFA2CC97C0BE2B3C102041CB127587B09AB32A95","CEDF3A831603914A5E024C980CCA65AAAAF25544D98538BC416E963DD8632B12","15","21,799380740740737","0,1817488614903208","4386168","Native managed bytes allocated per benchmark operation; not peak/retained/unmanaged memory","972,8731","998,2156"
"primary","current","qualified-830951-long-v2-domain1-writing","1","OfficeIMO.Excel.ReaderComparison.Benchmarks","ArrowStringWriterBenchmarks","ExcelReaderRecordBatch","","OfficeIMO.Excel.ReaderComparison.Benchmarks.ArrowStringWriterBenchmarks.ExcelReaderRecordBatch","83095146282a96143b23a79a7ecca058a24a709b","3.4.4+83095146282a96143b23a79a7ecca058a24a709b","F2853A4C62D5C03C5E3F0CBB7CCBB5776FB63CE58CE8933BE4EBAA4F5887502F","3.4.4+83095146282a96143b23a79a7ecca058a24a709b","B5565DE58D83BFC91F4FFB69A797CE02DFCB10A5A6409323845D05A5732E1A84","5E79575325D94AE8D09B97CD0C1C341EBB6AC0A24C3EEE6AE4817A897F97E7A4","C52377235F70A38C61333009FFA2CC97C0BE2B3C102041CB127587B09AB32A95","CEDF3A831603914A5E024C980CCA65AAAAF25544D98538BC416E963DD8632B12","12","18,241385030864198","0,1708498943337425","18496","Native managed bytes allocated per benchmark operation; not peak/retained/unmanaged memory","973,5928","998,8151"
"primary","current","qualified-830951-long-v2-domain1-writing","1","OfficeIMO.Excel.ReaderComparison.Benchmarks","ArrowStringWriterBenchmarks","OfficeIMOPublicRowOrchestration","","OfficeIMO.Excel.ReaderComparison.Benchmarks.ArrowStringWriterBenchmarks.OfficeIMOPublicRowOrchestration","83095146282a96143b23a79a7ecca058a24a709b","3.4.4+83095146282a96143b23a79a7ecca058a24a709b","F2853A4C62D5C03C5E3F0CBB7CCBB5776FB63CE58CE8933BE4EBAA4F5887502F","3.4.4+83095146282a96143b23a79a7ecca058a24a709b","B5565DE58D83BFC91F4FFB69A797CE02DFCB10A5A6409323845D05A5732E1A84","5E79575325D94AE8D09B97CD0C1C341EBB6AC0A24C3EEE6AE4817A897F97E7A4","C52377235F70A38C61333009FFA2CC97C0BE2B3C102041CB127587B09AB32A95","CEDF3A831603914A5E024C980CCA65AAAAF25544D98538BC416E963DD8632B12","12","41,45523949275362","0,4083508933501606","1142155","Native managed bytes allocated per benchmark operation; not peak/retained/unmanaged memory","941,8209","976,098"
"primary","current","qualified-830951-long-v2-domain1-writing","1","OfficeIMO.Excel.ReaderComparison.Benchmarks","CompactWriterBenchmarks","OfficeIMOWithoutReferences","RowCount=50000","OfficeIMO.Excel.ReaderComparison.Benchmarks.CompactWriterBenchmarks.OfficeIMOWithoutReferences(RowCount: 50000)","83095146282a96143b23a79a7ecca058a24a709b","3.4.4+83095146282a96143b23a79a7ecca058a24a709b","F2853A4C62D5C03C5E3F0CBB7CCBB5776FB63CE58CE8933BE4EBAA4F5887502F","3.4.4+83095146282a96143b23a79a7ecca058a24a709b","B5565DE58D83BFC91F4FFB69A797CE02DFCB10A5A6409323845D05A5732E1A84","5E79575325D94AE8D09B97CD0C1C341EBB6AC0A24C3EEE6AE4817A897F97E7A4","C52377235F70A38C61333009FFA2CC97C0BE2B3C102041CB127587B09AB32A95","CEDF3A831603914A5E024C980CCA65AAAAF25544D98538BC416E963DD8632B12","12","7,308677000000001","0,10965402326962065","4235672","Native managed bytes allocated per benchmark operation; not peak/retained/unmanaged memory","897,2095","946,3729"
"primary","current","qualified-830951-long-v2-domain1-writing","1","OfficeIMO.Excel.ReaderComparison.Benchmarks","CompactWriterBenchmarks","ExcelReaderWriter","RowCount=50000","OfficeIMO.Excel.ReaderComparison.Benchmarks.CompactWriterBenchmarks.ExcelReaderWriter(RowCount: 50000)","83095146282a96143b23a79a7ecca058a24a709b","3.4.4+83095146282a96143b23a79a7ecca058a24a709b","F2853A4C62D5C03C5E3F0CBB7CCBB5776FB63CE58CE8933BE4EBAA4F5887502F","3.4.4+83095146282a96143b23a79a7ecca058a24a709b","B5565DE58D83BFC91F4FFB69A797CE02DFCB10A5A6409323845D05A5732E1A84","5E79575325D94AE8D09B97CD0C1C341EBB6AC0A24C3EEE6AE4817A897F97E7A4","C52377235F70A38C61333009FFA2CC97C0BE2B3C102041CB127587B09AB32A95","CEDF3A831603914A5E024C980CCA65AAAAF25544D98538BC416E963DD8632B12","12","7,893368829516539","0,1634119571936968","4216413","Native managed bytes allocated per benchmark operation; not peak/retained/unmanaged memory","1006,9965","1073,193"
"primary","current","qualified-830951-long-v2-domain1-writing","1","OfficeIMO.Excel.ReaderComparison.Benchmarks","CompactWriterBenchmarks","ExcelReaderWriterPrefetch","RowCount=50000","OfficeIMO.Excel.ReaderComparison.Benchmarks.CompactWriterBenchmarks.ExcelReaderWriterPrefetch(RowCount: 50000)","83095146282a96143b23a79a7ecca058a24a709b","3.4.4+83095146282a96143b23a79a7ecca058a24a709b","F2853A4C62D5C03C5E3F0CBB7CCBB5776FB63CE58CE8933BE4EBAA4F5887502F","3.4.4+83095146282a96143b23a79a7ecca058a24a709b","B5565DE58D83BFC91F4FFB69A797CE02DFCB10A5A6409323845D05A5732E1A84","5E79575325D94AE8D09B97CD0C1C341EBB6AC0A24C3EEE6AE4817A897F97E7A4","C52377235F70A38C61333009FFA2CC97C0BE2B3C102041CB127587B09AB32A95","CEDF3A831603914A5E024C980CCA65AAAAF25544D98538BC416E963DD8632B12","12","4,441401790935672","0,1854077297307081","4220284","Native managed bytes allocated per benchmark operation; not peak/retained/unmanaged memory","977,9557","1106,1361"
"primary","current","qualified-830951-long-v2-domain1-writing","1","OfficeIMO.Excel.ReaderComparison.Benchmarks","ConfiguredXlsbWriterBenchmarks","OfficeIMOModelAndSaveInlineStrings","RowCount=50000","OfficeIMO.Excel.ReaderComparison.Benchmarks.ConfiguredXlsbWriterBenchmarks.OfficeIMOModelAndSaveInlineStrings(RowCount: 50000)","83095146282a96143b23a79a7ecca058a24a709b","3.4.4+83095146282a96143b23a79a7ecca058a24a709b","F2853A4C62D5C03C5E3F0CBB7CCBB5776FB63CE58CE8933BE4EBAA4F5887502F","3.4.4+83095146282a96143b23a79a7ecca058a24a709b","B5565DE58D83BFC91F4FFB69A797CE02DFCB10A5A6409323845D05A5732E1A84","5E79575325D94AE8D09B97CD0C1C341EBB6AC0A24C3EEE6AE4817A897F97E7A4","C52377235F70A38C61333009FFA2CC97C0BE2B3C102041CB127587B09AB32A95","CEDF3A831603914A5E024C980CCA65AAAAF25544D98538BC416E963DD8632B12","12","545,7519","13,281230492967492","461085654","Native managed bytes allocated per benchmark operation; not peak/retained/unmanaged memory","2116,2507","2318,4396"
"primary","current","qualified-830951-long-v2-domain1-writing","1","OfficeIMO.Excel.ReaderComparison.Benchmarks","ConfiguredXlsbWriterBenchmarks","OfficeIMOModelAndSaveSharedStrings","RowCount=50000","OfficeIMO.Excel.ReaderComparison.Benchmarks.ConfiguredXlsbWriterBenchmarks.OfficeIMOModelAndSaveSharedStrings(RowCount: 50000)","83095146282a96143b23a79a7ecca058a24a709b","3.4.4+83095146282a96143b23a79a7ecca058a24a709b","F2853A4C62D5C03C5E3F0CBB7CCBB5776FB63CE58CE8933BE4EBAA4F5887502F","3.4.4+83095146282a96143b23a79a7ecca058a24a709b","B5565DE58D83BFC91F4FFB69A797CE02DFCB10A5A6409323845D05A5732E1A84","5E79575325D94AE8D09B97CD0C1C341EBB6AC0A24C3EEE6AE4817A897F97E7A4","C52377235F70A38C61333009FFA2CC97C0BE2B3C102041CB127587B09AB32A95","CEDF3A831603914A5E024C980CCA65AAAAF25544D98538BC416E963DD8632B12","12","543,0153520833334","10,77613028959069","451016714","Native managed bytes allocated per benchmark operation; not peak/retained/unmanaged memory","2081,7705","2223,4488"
"primary","current","qualified-830951-long-v2-domain1-writing","1","OfficeIMO.Excel.ReaderComparison.Benchmarks","ConfiguredXlsbWriterBenchmarks","ExcelReaderXlsbWriterSharedStrings","RowCount=50000","OfficeIMO.Excel.ReaderComparison.Benchmarks.ConfiguredXlsbWriterBenchmarks.ExcelReaderXlsbWriterSharedStrings(RowCount: 50000)","83095146282a96143b23a79a7ecca058a24a709b","3.4.4+83095146282a96143b23a79a7ecca058a24a709b","F2853A4C62D5C03C5E3F0CBB7CCBB5776FB63CE58CE8933BE4EBAA4F5887502F","3.4.4+83095146282a96143b23a79a7ecca058a24a709b","B5565DE58D83BFC91F4FFB69A797CE02DFCB10A5A6409323845D05A5732E1A84","5E79575325D94AE8D09B97CD0C1C341EBB6AC0A24C3EEE6AE4817A897F97E7A4","C52377235F70A38C61333009FFA2CC97C0BE2B3C102041CB127587B09AB32A95","CEDF3A831603914A5E024C980CCA65AAAAF25544D98538BC416E963DD8632B12","12","5,570237652439025","0,12918131865829371","4254941","Native managed bytes allocated per benchmark operation; not peak/retained/unmanaged memory","892,2853","955,71"
"primary","current","qualified-830951-long-v2-domain1-writing","1","OfficeIMO.Excel.ReaderComparison.Benchmarks","ConfiguredXlsbWriterBenchmarks","ExcelReaderXlsbWriterPrefetch","RowCount=50000","OfficeIMO.Excel.ReaderComparison.Benchmarks.ConfiguredXlsbWriterBenchmarks.ExcelReaderXlsbWriterPrefetch(RowCount: 50000)","83095146282a96143b23a79a7ecca058a24a709b","3.4.4+83095146282a96143b23a79a7ecca058a24a709b","F2853A4C62D5C03C5E3F0CBB7CCBB5776FB63CE58CE8933BE4EBAA4F5887502F","3.4.4+83095146282a96143b23a79a7ecca058a24a709b","B5565DE58D83BFC91F4FFB69A797CE02DFCB10A5A6409323845D05A5732E1A84","5E79575325D94AE8D09B97CD0C1C341EBB6AC0A24C3EEE6AE4817A897F97E7A4","C52377235F70A38C61333009FFA2CC97C0BE2B3C102041CB127587B09AB32A95","CEDF3A831603914A5E024C980CCA65AAAAF25544D98538BC416E963DD8632B12","12","4,345140624999999","0,04571352003909592","4226760","Native managed bytes allocated per benchmark operation; not peak/retained/unmanaged memory","996,0204","1033,4367"
"primary","current","qualified-830951-long-v2-domain1-writing","1","OfficeIMO.Excel.ReaderComparison.Benchmarks","MappedRecordWriterBenchmarks","OfficeIMOPublicTypedWrite","Format=Xlsx&RowCount=50000","OfficeIMO.Excel.ReaderComparison.Benchmarks.MappedRecordWriterBenchmarks.OfficeIMOPublicTypedWrite(Format: Xlsx, RowCount: 50000)","83095146282a96143b23a79a7ecca058a24a709b","3.4.4+83095146282a96143b23a79a7ecca058a24a709b","F2853A4C62D5C03C5E3F0CBB7CCBB5776FB63CE58CE8933BE4EBAA4F5887502F","3.4.4+83095146282a96143b23a79a7ecca058a24a709b","B5565DE58D83BFC91F4FFB69A797CE02DFCB10A5A6409323845D05A5732E1A84","5E79575325D94AE8D09B97CD0C1C341EBB6AC0A24C3EEE6AE4817A897F97E7A4","C52377235F70A38C61333009FFA2CC97C0BE2B3C102041CB127587B09AB32A95","CEDF3A831603914A5E024C980CCA65AAAAF25544D98538BC416E963DD8632B12","12","15,02123064102564","0,433499833768521","4234862","Native managed bytes allocated per benchmark operation; not peak/retained/unmanaged memory","929,7414","1023,2296"
"primary","current","qualified-830951-long-v2-domain1-writing","1","OfficeIMO.Excel.ReaderComparison.Benchmarks","MappedRecordWriterBenchmarks","ExcelReaderMappedRecords","Format=Xlsx&RowCount=50000","OfficeIMO.Excel.ReaderComparison.Benchmarks.MappedRecordWriterBenchmarks.ExcelReaderMappedRecords(Format: Xlsx, RowCount: 50000)","83095146282a96143b23a79a7ecca058a24a709b","3.4.4+83095146282a96143b23a79a7ecca058a24a709b","F2853A4C62D5C03C5E3F0CBB7CCBB5776FB63CE58CE8933BE4EBAA4F5887502F","3.4.4+83095146282a96143b23a79a7ecca058a24a709b","B5565DE58D83BFC91F4FFB69A797CE02DFCB10A5A6409323845D05A5732E1A84","5E79575325D94AE8D09B97CD0C1C341EBB6AC0A24C3EEE6AE4817A897F97E7A4","C52377235F70A38C61333009FFA2CC97C0BE2B3C102041CB127587B09AB32A95","CEDF3A831603914A5E024C980CCA65AAAAF25544D98538BC416E963DD8632B12","12","9,94076388888889","0,9443463841629436","4215885","Native managed bytes allocated per benchmark operation; not peak/retained/unmanaged memory","192,6613","254,0327"
"primary","current","qualified-830951-long-v2-domain1-writing","1","OfficeIMO.Excel.ReaderComparison.Benchmarks","MappedRecordWriterBenchmarks","OfficeIMOPublicTypedWrite","Format=Xlsb&RowCount=50000","OfficeIMO.Excel.ReaderComparison.Benchmarks.MappedRecordWriterBenchmarks.OfficeIMOPublicTypedWrite(Format: Xlsb, RowCount: 50000)","83095146282a96143b23a79a7ecca058a24a709b","3.4.4+83095146282a96143b23a79a7ecca058a24a709b","F2853A4C62D5C03C5E3F0CBB7CCBB5776FB63CE58CE8933BE4EBAA4F5887502F","3.4.4+83095146282a96143b23a79a7ecca058a24a709b","B5565DE58D83BFC91F4FFB69A797CE02DFCB10A5A6409323845D05A5732E1A84","5E79575325D94AE8D09B97CD0C1C341EBB6AC0A24C3EEE6AE4817A897F97E7A4","C52377235F70A38C61333009FFA2CC97C0BE2B3C102041CB127587B09AB32A95","CEDF3A831603914A5E024C980CCA65AAAAF25544D98538BC416E963DD8632B12","12","620,7256458333334","43,23296771629713","461083322","Native managed bytes allocated per benchmark operation; not peak/retained/unmanaged memory","2262,9798","2828,3605"
"primary","current","qualified-830951-long-v2-domain1-writing","1","OfficeIMO.Excel.ReaderComparison.Benchmarks","MappedRecordWriterBenchmarks","ExcelReaderMappedRecords","Format=Xlsb&RowCount=50000","OfficeIMO.Excel.ReaderComparison.Benchmarks.MappedRecordWriterBenchmarks.ExcelReaderMappedRecords(Format: Xlsb, RowCount: 50000)","83095146282a96143b23a79a7ecca058a24a709b","3.4.4+83095146282a96143b23a79a7ecca058a24a709b","F2853A4C62D5C03C5E3F0CBB7CCBB5776FB63CE58CE8933BE4EBAA4F5887502F","3.4.4+83095146282a96143b23a79a7ecca058a24a709b","B5565DE58D83BFC91F4FFB69A797CE02DFCB10A5A6409323845D05A5732E1A84","5E79575325D94AE8D09B97CD0C1C341EBB6AC0A24C3EEE6AE4817A897F97E7A4","C52377235F70A38C61333009FFA2CC97C0BE2B3C102041CB127587B09AB32A95","CEDF3A831603914A5E024C980CCA65AAAAF25544D98538BC416E963DD8632B12","12","6,61709149659864","0,24777059203232055","4216085","Native managed bytes allocated per benchmark operation; not peak/retained/unmanaged memory","305,4989","345,1462"
"primary","current","qualified-830951-long-v2-domain1-writing","1","OfficeIMO.Excel.ReaderComparison.Benchmarks","NativeWriterBenchmarks","OfficeIMOModelAndSave","Format=Xlsb&RowCount=50000","OfficeIMO.Excel.ReaderComparison.Benchmarks.NativeWriterBenchmarks.OfficeIMOModelAndSave(Format: Xlsb, RowCount: 50000)","83095146282a96143b23a79a7ecca058a24a709b","3.4.4+83095146282a96143b23a79a7ecca058a24a709b","F2853A4C62D5C03C5E3F0CBB7CCBB5776FB63CE58CE8933BE4EBAA4F5887502F","3.4.4+83095146282a96143b23a79a7ecca058a24a709b","B5565DE58D83BFC91F4FFB69A797CE02DFCB10A5A6409323845D05A5732E1A84","5E79575325D94AE8D09B97CD0C1C341EBB6AC0A24C3EEE6AE4817A897F97E7A4","C52377235F70A38C61333009FFA2CC97C0BE2B3C102041CB127587B09AB32A95","CEDF3A831603914A5E024C980CCA65AAAAF25544D98538BC416E963DD8632B12","12","619,2318375","22,33234376712929","461084110","Native managed bytes allocated per benchmark operation; not peak/retained/unmanaged memory","2304,9565","2676,2934"
"primary","current","qualified-830951-long-v2-domain1-writing","1","OfficeIMO.Excel.ReaderComparison.Benchmarks","NativeWriterBenchmarks","ExcelReaderWriter","Format=Xlsb&RowCount=50000","OfficeIMO.Excel.ReaderComparison.Benchmarks.NativeWriterBenchmarks.ExcelReaderWriter(Format: Xlsb, RowCount: 50000)","83095146282a96143b23a79a7ecca058a24a709b","3.4.4+83095146282a96143b23a79a7ecca058a24a709b","F2853A4C62D5C03C5E3F0CBB7CCBB5776FB63CE58CE8933BE4EBAA4F5887502F","3.4.4+83095146282a96143b23a79a7ecca058a24a709b","B5565DE58D83BFC91F4FFB69A797CE02DFCB10A5A6409323845D05A5732E1A84","5E79575325D94AE8D09B97CD0C1C341EBB6AC0A24C3EEE6AE4817A897F97E7A4","C52377235F70A38C61333009FFA2CC97C0BE2B3C102041CB127587B09AB32A95","CEDF3A831603914A5E024C980CCA65AAAAF25544D98538BC416E963DD8632B12","12","5,742895634920637","0,22528400412740252","4216155","Native managed bytes allocated per benchmark operation; not peak/retained/unmanaged memory","917,092","1059,1501"
"primary","current","qualified-830951-long-v2-domain1-writing","1","OfficeIMO.Excel.ReaderComparison.Benchmarks","RecordWriterBenchmarks","OfficeIMOPublicTypedWrite","Format=Xlsx&RowCount=50000","OfficeIMO.Excel.ReaderComparison.Benchmarks.RecordWriterBenchmarks.OfficeIMOPublicTypedWrite(Format: Xlsx, RowCount: 50000)","83095146282a96143b23a79a7ecca058a24a709b","3.4.4+83095146282a96143b23a79a7ecca058a24a709b","F2853A4C62D5C03C5E3F0CBB7CCBB5776FB63CE58CE8933BE4EBAA4F5887502F","3.4.4+83095146282a96143b23a79a7ecca058a24a709b","B5565DE58D83BFC91F4FFB69A797CE02DFCB10A5A6409323845D05A5732E1A84","5E79575325D94AE8D09B97CD0C1C341EBB6AC0A24C3EEE6AE4817A897F97E7A4","C52377235F70A38C61333009FFA2CC97C0BE2B3C102041CB127587B09AB32A95","CEDF3A831603914A5E024C980CCA65AAAAF25544D98538BC416E963DD8632B12","12","14,742676302083334","0,4643834929289559","4235158","Native managed bytes allocated per benchmark operation; not peak/retained/unmanaged memory","896,2488","995,7808"
"primary","current","qualified-830951-long-v2-domain1-writing","1","OfficeIMO.Excel.ReaderComparison.Benchmarks","RecordWriterBenchmarks","ExcelReaderWriteRecords","Format=Xlsx&RowCount=50000","OfficeIMO.Excel.ReaderComparison.Benchmarks.RecordWriterBenchmarks.ExcelReaderWriteRecords(Format: Xlsx, RowCount: 50000)","83095146282a96143b23a79a7ecca058a24a709b","3.4.4+83095146282a96143b23a79a7ecca058a24a709b","F2853A4C62D5C03C5E3F0CBB7CCBB5776FB63CE58CE8933BE4EBAA4F5887502F","3.4.4+83095146282a96143b23a79a7ecca058a24a709b","B5565DE58D83BFC91F4FFB69A797CE02DFCB10A5A6409323845D05A5732E1A84","5E79575325D94AE8D09B97CD0C1C341EBB6AC0A24C3EEE6AE4817A897F97E7A4","C52377235F70A38C61333009FFA2CC97C0BE2B3C102041CB127587B09AB32A95","CEDF3A831603914A5E024C980CCA65AAAAF25544D98538BC416E963DD8632B12","12","8,908700520833333","0,4053251677065415","4215966","Native managed bytes allocated per benchmark operation; not peak/retained/unmanaged memory","944,5723","1085,6382"
"primary","current","qualified-830951-long-v2-domain1-writing","1","OfficeIMO.Excel.ReaderComparison.Benchmarks","RecordWriterBenchmarks","OfficeIMOPublicTypedWrite","Format=Xlsb&RowCount=50000","OfficeIMO.Excel.ReaderComparison.Benchmarks.RecordWriterBenchmarks.OfficeIMOPublicTypedWrite(Format: Xlsb, RowCount: 50000)","83095146282a96143b23a79a7ecca058a24a709b","3.4.4+83095146282a96143b23a79a7ecca058a24a709b","F2853A4C62D5C03C5E3F0CBB7CCBB5776FB63CE58CE8933BE4EBAA4F5887502F","3.4.4+83095146282a96143b23a79a7ecca058a24a709b","B5565DE58D83BFC91F4FFB69A797CE02DFCB10A5A6409323845D05A5732E1A84","5E79575325D94AE8D09B97CD0C1C341EBB6AC0A24C3EEE6AE4817A897F97E7A4","C52377235F70A38C61333009FFA2CC97C0BE2B3C102041CB127587B09AB32A95","CEDF3A831603914A5E024C980CCA65AAAAF25544D98538BC416E963DD8632B12","12","603,2835333333334","20,25732087151495","461084020","Native managed bytes allocated per benchmark operation; not peak/retained/unmanaged memory","2304,1718","2568,7083"
"primary","current","qualified-830951-long-v2-domain1-writing","1","OfficeIMO.Excel.ReaderComparison.Benchmarks","RecordWriterBenchmarks","ExcelReaderWriteRecords","Format=Xlsb&RowCount=50000","OfficeIMO.Excel.ReaderComparison.Benchmarks.RecordWriterBenchmarks.ExcelReaderWriteRecords(Format: Xlsb, RowCount: 50000)","83095146282a96143b23a79a7ecca058a24a709b","3.4.4+83095146282a96143b23a79a7ecca058a24a709b","F2853A4C62D5C03C5E3F0CBB7CCBB5776FB63CE58CE8933BE4EBAA4F5887502F","3.4.4+83095146282a96143b23a79a7ecca058a24a709b","B5565DE58D83BFC91F4FFB69A797CE02DFCB10A5A6409323845D05A5732E1A84","5E79575325D94AE8D09B97CD0C1C341EBB6AC0A24C3EEE6AE4817A897F97E7A4","C52377235F70A38C61333009FFA2CC97C0BE2B3C102041CB127587B09AB32A95","CEDF3A831603914A5E024C980CCA65AAAAF25544D98538BC416E963DD8632B12","12","5,673702845528455","0,17340497770112936","4216180","Native managed bytes allocated per benchmark operation; not peak/retained/unmanaged memory","443,0447","483,825"
"primary","current","qualified-830951-long-v2-domain1-writing","1","OfficeIMO.Excel.ReaderComparison.Benchmarks","SharedStringWriterBenchmarks","OfficeIMOSharedStrings","RowCount=50000","OfficeIMO.Excel.ReaderComparison.Benchmarks.SharedStringWriterBenchmarks.OfficeIMOSharedStrings(RowCount: 50000)","83095146282a96143b23a79a7ecca058a24a709b","3.4.4+83095146282a96143b23a79a7ecca058a24a709b","F2853A4C62D5C03C5E3F0CBB7CCBB5776FB63CE58CE8933BE4EBAA4F5887502F","3.4.4+83095146282a96143b23a79a7ecca058a24a709b","B5565DE58D83BFC91F4FFB69A797CE02DFCB10A5A6409323845D05A5732E1A84","5E79575325D94AE8D09B97CD0C1C341EBB6AC0A24C3EEE6AE4817A897F97E7A4","C52377235F70A38C61333009FFA2CC97C0BE2B3C102041CB127587B09AB32A95","CEDF3A831603914A5E024C980CCA65AAAAF25544D98538BC416E963DD8632B12","12","15,575431923076922","0,4228374627155048","4239609","Native managed bytes allocated per benchmark operation; not peak/retained/unmanaged memory","988,4006","1078,1681"
"primary","current","qualified-830951-long-v2-domain1-writing","1","OfficeIMO.Excel.ReaderComparison.Benchmarks","SharedStringWriterBenchmarks","OfficeIMOSharedStringsWithoutReferences","RowCount=50000","OfficeIMO.Excel.ReaderComparison.Benchmarks.SharedStringWriterBenchmarks.OfficeIMOSharedStringsWithoutReferences(RowCount: 50000)","83095146282a96143b23a79a7ecca058a24a709b","3.4.4+83095146282a96143b23a79a7ecca058a24a709b","F2853A4C62D5C03C5E3F0CBB7CCBB5776FB63CE58CE8933BE4EBAA4F5887502F","3.4.4+83095146282a96143b23a79a7ecca058a24a709b","B5565DE58D83BFC91F4FFB69A797CE02DFCB10A5A6409323845D05A5732E1A84","5E79575325D94AE8D09B97CD0C1C341EBB6AC0A24C3EEE6AE4817A897F97E7A4","C52377235F70A38C61333009FFA2CC97C0BE2B3C102041CB127587B09AB32A95","CEDF3A831603914A5E024C980CCA65AAAAF25544D98538BC416E963DD8632B12","12","8,629870460704604","0,5835921004751257","4239772","Native managed bytes allocated per benchmark operation; not peak/retained/unmanaged memory","981,648","1187,8746"
"primary","current","qualified-830951-long-v2-domain1-writing","1","OfficeIMO.Excel.ReaderComparison.Benchmarks","SharedStringWriterBenchmarks","ExcelReaderWriterSharedStrings","RowCount=50000","OfficeIMO.Excel.ReaderComparison.Benchmarks.SharedStringWriterBenchmarks.ExcelReaderWriterSharedStrings(RowCount: 50000)","83095146282a96143b23a79a7ecca058a24a709b","3.4.4+83095146282a96143b23a79a7ecca058a24a709b","F2853A4C62D5C03C5E3F0CBB7CCBB5776FB63CE58CE8933BE4EBAA4F5887502F","3.4.4+83095146282a96143b23a79a7ecca058a24a709b","B5565DE58D83BFC91F4FFB69A797CE02DFCB10A5A6409323845D05A5732E1A84","5E79575325D94AE8D09B97CD0C1C341EBB6AC0A24C3EEE6AE4817A897F97E7A4","C52377235F70A38C61333009FFA2CC97C0BE2B3C102041CB127587B09AB32A95","CEDF3A831603914A5E024C980CCA65AAAAF25544D98538BC416E963DD8632B12","12","8,01676273712737","0,1452525210513726","4257962","Native managed bytes allocated per benchmark operation; not peak/retained/unmanaged memory","964,0188","1021,0528"
"primary","current","qualified-830951-long-v2-domain1-writing","1","OfficeIMO.Excel.ReaderComparison.Benchmarks","StyledRowWriterBenchmarks","OfficeIMODefaultRowStyle","","OfficeIMO.Excel.ReaderComparison.Benchmarks.StyledRowWriterBenchmarks.OfficeIMODefaultRowStyle","83095146282a96143b23a79a7ecca058a24a709b","3.4.4+83095146282a96143b23a79a7ecca058a24a709b","F2853A4C62D5C03C5E3F0CBB7CCBB5776FB63CE58CE8933BE4EBAA4F5887502F","3.4.4+83095146282a96143b23a79a7ecca058a24a709b","B5565DE58D83BFC91F4FFB69A797CE02DFCB10A5A6409323845D05A5732E1A84","5E79575325D94AE8D09B97CD0C1C341EBB6AC0A24C3EEE6AE4817A897F97E7A4","C52377235F70A38C61333009FFA2CC97C0BE2B3C102041CB127587B09AB32A95","CEDF3A831603914A5E024C980CCA65AAAAF25544D98538BC416E963DD8632B12","12","8,762935652173912","0,4260822330089073","2624628","Native managed bytes allocated per benchmark operation; not peak/retained/unmanaged memory","954,4831","1117,1754"
"primary","current","qualified-830951-long-v2-domain1-writing","1","OfficeIMO.Excel.ReaderComparison.Benchmarks","StyledRowWriterBenchmarks","ExcelReaderOriginalStyledRows","","OfficeIMO.Excel.ReaderComparison.Benchmarks.StyledRowWriterBenchmarks.ExcelReaderOriginalStyledRows","83095146282a96143b23a79a7ecca058a24a709b","3.4.4+83095146282a96143b23a79a7ecca058a24a709b","F2853A4C62D5C03C5E3F0CBB7CCBB5776FB63CE58CE8933BE4EBAA4F5887502F","3.4.4+83095146282a96143b23a79a7ecca058a24a709b","B5565DE58D83BFC91F4FFB69A797CE02DFCB10A5A6409323845D05A5732E1A84","5E79575325D94AE8D09B97CD0C1C341EBB6AC0A24C3EEE6AE4817A897F97E7A4","C52377235F70A38C61333009FFA2CC97C0BE2B3C102041CB127587B09AB32A95","CEDF3A831603914A5E024C980CCA65AAAAF25544D98538BC416E963DD8632B12","12","5,171391461412151","0,3079398283762709","18632","Native managed bytes allocated per benchmark operation; not peak/retained/unmanaged memory","983,8732","1185,4151"
"primary","current","qualified-830951-long-v2-domain1-writing","1","OfficeIMO.Excel.ReaderComparison.Benchmarks","Utf8WriterBenchmarks","OfficeIMOUtf8","","OfficeIMO.Excel.ReaderComparison.Benchmarks.Utf8WriterBenchmarks.OfficeIMOUtf8","83095146282a96143b23a79a7ecca058a24a709b","3.4.4+83095146282a96143b23a79a7ecca058a24a709b","F2853A4C62D5C03C5E3F0CBB7CCBB5776FB63CE58CE8933BE4EBAA4F5887502F","3.4.4+83095146282a96143b23a79a7ecca058a24a709b","B5565DE58D83BFC91F4FFB69A797CE02DFCB10A5A6409323845D05A5732E1A84","5E79575325D94AE8D09B97CD0C1C341EBB6AC0A24C3EEE6AE4817A897F97E7A4","C52377235F70A38C61333009FFA2CC97C0BE2B3C102041CB127587B09AB32A95","CEDF3A831603914A5E024C980CCA65AAAAF25544D98538BC416E963DD8632B12","12","28,79381989247312","3,6733216073391564","39288","Native managed bytes allocated per benchmark operation; not peak/retained/unmanaged memory","772,117","1112,1692"
"primary","current","qualified-830951-long-v2-domain1-writing","1","OfficeIMO.Excel.ReaderComparison.Benchmarks","Utf8WriterBenchmarks","ExcelReaderPublicUtf8","","OfficeIMO.Excel.ReaderComparison.Benchmarks.Utf8WriterBenchmarks.ExcelReaderPublicUtf8","83095146282a96143b23a79a7ecca058a24a709b","3.4.4+83095146282a96143b23a79a7ecca058a24a709b","F2853A4C62D5C03C5E3F0CBB7CCBB5776FB63CE58CE8933BE4EBAA4F5887502F","3.4.4+83095146282a96143b23a79a7ecca058a24a709b","B5565DE58D83BFC91F4FFB69A797CE02DFCB10A5A6409323845D05A5732E1A84","5E79575325D94AE8D09B97CD0C1C341EBB6AC0A24C3EEE6AE4817A897F97E7A4","C52377235F70A38C61333009FFA2CC97C0BE2B3C102041CB127587B09AB32A95","CEDF3A831603914A5E024C980CCA65AAAAF25544D98538BC416E963DD8632B12","12","14,69160752314815","0,4366383994148878","18613","Native managed bytes allocated per benchmark operation; not peak/retained/unmanaged memory","1014,1291","1115,7685"
"primary","current","qualified-830951-long-v2-domain1-csv","1","OfficeIMO.Excel.ReaderComparison.Benchmarks","CsvMaterializedReadBenchmarks","ExcelReaderMaterialized","RowCount=50000","OfficeIMO.Excel.ReaderComparison.Benchmarks.CsvMaterializedReadBenchmarks.ExcelReaderMaterialized(RowCount: 50000)","83095146282a96143b23a79a7ecca058a24a709b","3.4.4+83095146282a96143b23a79a7ecca058a24a709b","F2853A4C62D5C03C5E3F0CBB7CCBB5776FB63CE58CE8933BE4EBAA4F5887502F","3.4.4+83095146282a96143b23a79a7ecca058a24a709b","B5565DE58D83BFC91F4FFB69A797CE02DFCB10A5A6409323845D05A5732E1A84","5E79575325D94AE8D09B97CD0C1C341EBB6AC0A24C3EEE6AE4817A897F97E7A4","C52377235F70A38C61333009FFA2CC97C0BE2B3C102041CB127587B09AB32A95","CEDF3A831603914A5E024C980CCA65AAAAF25544D98538BC416E963DD8632B12","15","2,4068324486571875","0,0812471421797671","1650848","Native managed bytes allocated per benchmark operation; not peak/retained/unmanaged memory","969,5728","1090,0223"
"primary","current","qualified-830951-long-v2-domain1-csv","1","OfficeIMO.Excel.ReaderComparison.Benchmarks","CsvMaterializedReadBenchmarks","OfficeIMOMaterialized","RowCount=50000","OfficeIMO.Excel.ReaderComparison.Benchmarks.CsvMaterializedReadBenchmarks.OfficeIMOMaterialized(RowCount: 50000)","83095146282a96143b23a79a7ecca058a24a709b","3.4.4+83095146282a96143b23a79a7ecca058a24a709b","F2853A4C62D5C03C5E3F0CBB7CCBB5776FB63CE58CE8933BE4EBAA4F5887502F","3.4.4+83095146282a96143b23a79a7ecca058a24a709b","B5565DE58D83BFC91F4FFB69A797CE02DFCB10A5A6409323845D05A5732E1A84","5E79575325D94AE8D09B97CD0C1C341EBB6AC0A24C3EEE6AE4817A897F97E7A4","C52377235F70A38C61333009FFA2CC97C0BE2B3C102041CB127587B09AB32A95","CEDF3A831603914A5E024C980CCA65AAAAF25544D98538BC416E963DD8632B12","15","5,033705808297569","0,27674445914839485","9049072","Native managed bytes allocated per benchmark operation; not peak/retained/unmanaged memory","1073,96","1297,9876"
"primary","current","qualified-830951-long-v2-domain1-csv","1","OfficeIMO.Excel.ReaderComparison.Benchmarks","CsvMaterializedReadBenchmarks","SylvanMaterialized","RowCount=50000","OfficeIMO.Excel.ReaderComparison.Benchmarks.CsvMaterializedReadBenchmarks.SylvanMaterialized(RowCount: 50000)","83095146282a96143b23a79a7ecca058a24a709b","3.4.4+83095146282a96143b23a79a7ecca058a24a709b","F2853A4C62D5C03C5E3F0CBB7CCBB5776FB63CE58CE8933BE4EBAA4F5887502F","3.4.4+83095146282a96143b23a79a7ecca058a24a709b","B5565DE58D83BFC91F4FFB69A797CE02DFCB10A5A6409323845D05A5732E1A84","5E79575325D94AE8D09B97CD0C1C341EBB6AC0A24C3EEE6AE4817A897F97E7A4","C52377235F70A38C61333009FFA2CC97C0BE2B3C102041CB127587B09AB32A95","CEDF3A831603914A5E024C980CCA65AAAAF25544D98538BC416E963DD8632B12","15","3,160370566448802","0,1146373686911819","1688688","Native managed bytes allocated per benchmark operation; not peak/retained/unmanaged memory","934,7656","1051,7305"
"primary","current","qualified-830951-long-v2-domain1-csv","1","OfficeIMO.Excel.ReaderComparison.Benchmarks","CsvRawAsyncBenchmarks","ExcelReaderAsync","RowCount=50000","OfficeIMO.Excel.ReaderComparison.Benchmarks.CsvRawAsyncBenchmarks.ExcelReaderAsync(RowCount: 50000)","83095146282a96143b23a79a7ecca058a24a709b","3.4.4+83095146282a96143b23a79a7ecca058a24a709b","F2853A4C62D5C03C5E3F0CBB7CCBB5776FB63CE58CE8933BE4EBAA4F5887502F","3.4.4+83095146282a96143b23a79a7ecca058a24a709b","B5565DE58D83BFC91F4FFB69A797CE02DFCB10A5A6409323845D05A5732E1A84","5E79575325D94AE8D09B97CD0C1C341EBB6AC0A24C3EEE6AE4817A897F97E7A4","C52377235F70A38C61333009FFA2CC97C0BE2B3C102041CB127587B09AB32A95","CEDF3A831603914A5E024C980CCA65AAAAF25544D98538BC416E963DD8632B12","15","2,514214781609195","0,13640348340498376","1650920","Native managed bytes allocated per benchmark operation; not peak/retained/unmanaged memory","1006,102","1189,2658"
"primary","current","qualified-830951-long-v2-domain1-csv","1","OfficeIMO.Excel.ReaderComparison.Benchmarks","CsvRawAsyncBenchmarks","OfficeIMOAsync","RowCount=50000","OfficeIMO.Excel.ReaderComparison.Benchmarks.CsvRawAsyncBenchmarks.OfficeIMOAsync(RowCount: 50000)","83095146282a96143b23a79a7ecca058a24a709b","3.4.4+83095146282a96143b23a79a7ecca058a24a709b","F2853A4C62D5C03C5E3F0CBB7CCBB5776FB63CE58CE8933BE4EBAA4F5887502F","3.4.4+83095146282a96143b23a79a7ecca058a24a709b","B5565DE58D83BFC91F4FFB69A797CE02DFCB10A5A6409323845D05A5732E1A84","5E79575325D94AE8D09B97CD0C1C341EBB6AC0A24C3EEE6AE4817A897F97E7A4","C52377235F70A38C61333009FFA2CC97C0BE2B3C102041CB127587B09AB32A95","CEDF3A831603914A5E024C980CCA65AAAAF25544D98538BC416E963DD8632B12","15","10,800615777777779","0,4109700612053026","14872480","Native managed bytes allocated per benchmark operation; not peak/retained/unmanaged memory","922,3139","1059,8189"
"primary","current","qualified-830951-long-v2-domain1-csv","1","OfficeIMO.Excel.ReaderComparison.Benchmarks","CsvRawAsyncBenchmarks","SylvanAsync","RowCount=50000","OfficeIMO.Excel.ReaderComparison.Benchmarks.CsvRawAsyncBenchmarks.SylvanAsync(RowCount: 50000)","83095146282a96143b23a79a7ecca058a24a709b","3.4.4+83095146282a96143b23a79a7ecca058a24a709b","F2853A4C62D5C03C5E3F0CBB7CCBB5776FB63CE58CE8933BE4EBAA4F5887502F","3.4.4+83095146282a96143b23a79a7ecca058a24a709b","B5565DE58D83BFC91F4FFB69A797CE02DFCB10A5A6409323845D05A5732E1A84","5E79575325D94AE8D09B97CD0C1C341EBB6AC0A24C3EEE6AE4817A897F97E7A4","C52377235F70A38C61333009FFA2CC97C0BE2B3C102041CB127587B09AB32A95","CEDF3A831603914A5E024C980CCA65AAAAF25544D98538BC416E963DD8632B12","15","3,6659047427293068","0,1444447777418024","1699128","Native managed bytes allocated per benchmark operation; not peak/retained/unmanaged memory","1026,4744","1165,3521"
"primary","current","qualified-830951-long-v2-domain1-csv","1","OfficeIMO.Excel.ReaderComparison.Benchmarks","CsvRawReadBenchmarks","ExcelReaderOriginal","RowCount=50000","OfficeIMO.Excel.ReaderComparison.Benchmarks.CsvRawReadBenchmarks.ExcelReaderOriginal(RowCount: 50000)","83095146282a96143b23a79a7ecca058a24a709b","3.4.4+83095146282a96143b23a79a7ecca058a24a709b","F2853A4C62D5C03C5E3F0CBB7CCBB5776FB63CE58CE8933BE4EBAA4F5887502F","3.4.4+83095146282a96143b23a79a7ecca058a24a709b","B5565DE58D83BFC91F4FFB69A797CE02DFCB10A5A6409323845D05A5732E1A84","5E79575325D94AE8D09B97CD0C1C341EBB6AC0A24C3EEE6AE4817A897F97E7A4","C52377235F70A38C61333009FFA2CC97C0BE2B3C102041CB127587B09AB32A95","CEDF3A831603914A5E024C980CCA65AAAAF25544D98538BC416E963DD8632B12","15","1,9494328991060028","0,06078828604639961","848","Native managed bytes allocated per benchmark operation; not peak/retained/unmanaged memory","981,4545","1077,7909"
"primary","current","qualified-830951-long-v2-domain1-csv","1","OfficeIMO.Excel.ReaderComparison.Benchmarks","CsvRawReadBenchmarks","OfficeIMOBorrowedUtf8","RowCount=50000","OfficeIMO.Excel.ReaderComparison.Benchmarks.CsvRawReadBenchmarks.OfficeIMOBorrowedUtf8(RowCount: 50000)","83095146282a96143b23a79a7ecca058a24a709b","3.4.4+83095146282a96143b23a79a7ecca058a24a709b","F2853A4C62D5C03C5E3F0CBB7CCBB5776FB63CE58CE8933BE4EBAA4F5887502F","3.4.4+83095146282a96143b23a79a7ecca058a24a709b","B5565DE58D83BFC91F4FFB69A797CE02DFCB10A5A6409323845D05A5732E1A84","5E79575325D94AE8D09B97CD0C1C341EBB6AC0A24C3EEE6AE4817A897F97E7A4","C52377235F70A38C61333009FFA2CC97C0BE2B3C102041CB127587B09AB32A95","CEDF3A831603914A5E024C980CCA65AAAAF25544D98538BC416E963DD8632B12","15","4,7507416738816755","0,2721798382664672","2120","Native managed bytes allocated per benchmark operation; not peak/retained/unmanaged memory","1041,5557","1261,2388"
"primary","current","qualified-830951-long-v2-domain1-csv","1","OfficeIMO.Excel.ReaderComparison.Benchmarks","CsvRawReadBenchmarks","SylvanOriginal","RowCount=50000","OfficeIMO.Excel.ReaderComparison.Benchmarks.CsvRawReadBenchmarks.SylvanOriginal(RowCount: 50000)","83095146282a96143b23a79a7ecca058a24a709b","3.4.4+83095146282a96143b23a79a7ecca058a24a709b","F2853A4C62D5C03C5E3F0CBB7CCBB5776FB63CE58CE8933BE4EBAA4F5887502F","3.4.4+83095146282a96143b23a79a7ecca058a24a709b","B5565DE58D83BFC91F4FFB69A797CE02DFCB10A5A6409323845D05A5732E1A84","5E79575325D94AE8D09B97CD0C1C341EBB6AC0A24C3EEE6AE4817A897F97E7A4","C52377235F70A38C61333009FFA2CC97C0BE2B3C102041CB127587B09AB32A95","CEDF3A831603914A5E024C980CCA65AAAAF25544D98538BC416E963DD8632B12","15","2,890638717948718","0,0953774275259857","38681","Native managed bytes allocated per benchmark operation; not peak/retained/unmanaged memory","1003,0885","1128,4207"
"primary","current","qualified-830951-long-v2-domain1-csv","1","OfficeIMO.Excel.ReaderComparison.Benchmarks","CsvRealDataMaterializedReadBenchmarks","ExcelReaderMaterialized","","OfficeIMO.Excel.ReaderComparison.Benchmarks.CsvRealDataMaterializedReadBenchmarks.ExcelReaderMaterialized","83095146282a96143b23a79a7ecca058a24a709b","3.4.4+83095146282a96143b23a79a7ecca058a24a709b","F2853A4C62D5C03C5E3F0CBB7CCBB5776FB63CE58CE8933BE4EBAA4F5887502F","3.4.4+83095146282a96143b23a79a7ecca058a24a709b","B5565DE58D83BFC91F4FFB69A797CE02DFCB10A5A6409323845D05A5732E1A84","5E79575325D94AE8D09B97CD0C1C341EBB6AC0A24C3EEE6AE4817A897F97E7A4","C52377235F70A38C61333009FFA2CC97C0BE2B3C102041CB127587B09AB32A95","CEDF3A831603914A5E024C980CCA65AAAAF25544D98538BC416E963DD8632B12","15","23,007694347826085","0,9502769921202839","37443456","Native managed bytes allocated per benchmark operation; not peak/retained/unmanaged memory","995,5653","1150,9928"
"primary","current","qualified-830951-long-v2-domain1-csv","1","OfficeIMO.Excel.ReaderComparison.Benchmarks","CsvRealDataMaterializedReadBenchmarks","OfficeIMOMaterialized","","OfficeIMO.Excel.ReaderComparison.Benchmarks.CsvRealDataMaterializedReadBenchmarks.OfficeIMOMaterialized","83095146282a96143b23a79a7ecca058a24a709b","3.4.4+83095146282a96143b23a79a7ecca058a24a709b","F2853A4C62D5C03C5E3F0CBB7CCBB5776FB63CE58CE8933BE4EBAA4F5887502F","3.4.4+83095146282a96143b23a79a7ecca058a24a709b","B5565DE58D83BFC91F4FFB69A797CE02DFCB10A5A6409323845D05A5732E1A84","5E79575325D94AE8D09B97CD0C1C341EBB6AC0A24C3EEE6AE4817A897F97E7A4","C52377235F70A38C61333009FFA2CC97C0BE2B3C102041CB127587B09AB32A95","CEDF3A831603914A5E024C980CCA65AAAAF25544D98538BC416E963DD8632B12","15","13,00078027027027","0,43967014343822847","35871296","Native managed bytes allocated per benchmark operation; not peak/retained/unmanaged memory","899,9026","1053,1009"
"primary","current","qualified-830951-long-v2-domain1-csv","1","OfficeIMO.Excel.ReaderComparison.Benchmarks","CsvRealDataMaterializedReadBenchmarks","SylvanMaterialized","","OfficeIMO.Excel.ReaderComparison.Benchmarks.CsvRealDataMaterializedReadBenchmarks.SylvanMaterialized","83095146282a96143b23a79a7ecca058a24a709b","3.4.4+83095146282a96143b23a79a7ecca058a24a709b","F2853A4C62D5C03C5E3F0CBB7CCBB5776FB63CE58CE8933BE4EBAA4F5887502F","3.4.4+83095146282a96143b23a79a7ecca058a24a709b","B5565DE58D83BFC91F4FFB69A797CE02DFCB10A5A6409323845D05A5732E1A84","5E79575325D94AE8D09B97CD0C1C341EBB6AC0A24C3EEE6AE4817A897F97E7A4","C52377235F70A38C61333009FFA2CC97C0BE2B3C102041CB127587B09AB32A95","CEDF3A831603914A5E024C980CCA65AAAAF25544D98538BC416E963DD8632B12","15","9,352944678362574","0,4482974588543568","37483987","Native managed bytes allocated per benchmark operation; not peak/retained/unmanaged memory","1003,2659","1173,0288"
"primary","current","qualified-830951-long-v2-domain1-csv","1","OfficeIMO.Excel.ReaderComparison.Benchmarks","CsvRealDataReadBenchmarks","ExcelReaderStream","","OfficeIMO.Excel.ReaderComparison.Benchmarks.CsvRealDataReadBenchmarks.ExcelReaderStream","83095146282a96143b23a79a7ecca058a24a709b","3.4.4+83095146282a96143b23a79a7ecca058a24a709b","F2853A4C62D5C03C5E3F0CBB7CCBB5776FB63CE58CE8933BE4EBAA4F5887502F","3.4.4+83095146282a96143b23a79a7ecca058a24a709b","B5565DE58D83BFC91F4FFB69A797CE02DFCB10A5A6409323845D05A5732E1A84","5E79575325D94AE8D09B97CD0C1C341EBB6AC0A24C3EEE6AE4817A897F97E7A4","C52377235F70A38C61333009FFA2CC97C0BE2B3C102041CB127587B09AB32A95","CEDF3A831603914A5E024C980CCA65AAAAF25544D98538BC416E963DD8632B12","15","6,691140945945945","0,12020817575557514","848","Native managed bytes allocated per benchmark operation; not peak/retained/unmanaged memory","964,6728","1027,9567"
"primary","current","qualified-830951-long-v2-domain1-csv","1","OfficeIMO.Excel.ReaderComparison.Benchmarks","CsvRealDataReadBenchmarks","ExcelReaderMemory","","OfficeIMO.Excel.ReaderComparison.Benchmarks.CsvRealDataReadBenchmarks.ExcelReaderMemory","83095146282a96143b23a79a7ecca058a24a709b","3.4.4+83095146282a96143b23a79a7ecca058a24a709b","F2853A4C62D5C03C5E3F0CBB7CCBB5776FB63CE58CE8933BE4EBAA4F5887502F","3.4.4+83095146282a96143b23a79a7ecca058a24a709b","B5565DE58D83BFC91F4FFB69A797CE02DFCB10A5A6409323845D05A5732E1A84","5E79575325D94AE8D09B97CD0C1C341EBB6AC0A24C3EEE6AE4817A897F97E7A4","C52377235F70A38C61333009FFA2CC97C0BE2B3C102041CB127587B09AB32A95","CEDF3A831603914A5E024C980CCA65AAAAF25544D98538BC416E963DD8632B12","15","7,280589497716894","0,1887146742682295","576","Native managed bytes allocated per benchmark operation; not peak/retained/unmanaged memory","1028,8944","1119,3878"
"primary","current","qualified-830951-long-v2-domain1-csv","1","OfficeIMO.Excel.ReaderComparison.Benchmarks","CsvRealDataReadBenchmarks","OfficeIMOStreamBorrowedUtf8","","OfficeIMO.Excel.ReaderComparison.Benchmarks.CsvRealDataReadBenchmarks.OfficeIMOStreamBorrowedUtf8","83095146282a96143b23a79a7ecca058a24a709b","3.4.4+83095146282a96143b23a79a7ecca058a24a709b","F2853A4C62D5C03C5E3F0CBB7CCBB5776FB63CE58CE8933BE4EBAA4F5887502F","3.4.4+83095146282a96143b23a79a7ecca058a24a709b","B5565DE58D83BFC91F4FFB69A797CE02DFCB10A5A6409323845D05A5732E1A84","5E79575325D94AE8D09B97CD0C1C341EBB6AC0A24C3EEE6AE4817A897F97E7A4","C52377235F70A38C61333009FFA2CC97C0BE2B3C102041CB127587B09AB32A95","CEDF3A831603914A5E024C980CCA65AAAAF25544D98538BC416E963DD8632B12","15","4,86281250764526","0,22115160086694777","2920","Native managed bytes allocated per benchmark operation; not peak/retained/unmanaged memory","997,7298","1164,8238"
"primary","current","qualified-830951-long-v2-domain1-csv","1","OfficeIMO.Excel.ReaderComparison.Benchmarks","CsvRealDataReadBenchmarks","SylvanFieldSpan","","OfficeIMO.Excel.ReaderComparison.Benchmarks.CsvRealDataReadBenchmarks.SylvanFieldSpan","83095146282a96143b23a79a7ecca058a24a709b","3.4.4+83095146282a96143b23a79a7ecca058a24a709b","F2853A4C62D5C03C5E3F0CBB7CCBB5776FB63CE58CE8933BE4EBAA4F5887502F","3.4.4+83095146282a96143b23a79a7ecca058a24a709b","B5565DE58D83BFC91F4FFB69A797CE02DFCB10A5A6409323845D05A5732E1A84","5E79575325D94AE8D09B97CD0C1C341EBB6AC0A24C3EEE6AE4817A897F97E7A4","C52377235F70A38C61333009FFA2CC97C0BE2B3C102041CB127587B09AB32A95","CEDF3A831603914A5E024C980CCA65AAAAF25544D98538BC416E963DD8632B12","15","6,380294197530864","0,3188904363276616","41225","Native managed bytes allocated per benchmark operation; not peak/retained/unmanaged memory","978,93","1176,7452"
"primary","current","qualified-830951-long-v2-domain1-csv","1","OfficeIMO.Excel.ReaderComparison.Benchmarks","CsvRecordWriterBenchmarks","ExcelReaderRecordLayout","Mapped=False&RowCount=50000","OfficeIMO.Excel.ReaderComparison.Benchmarks.CsvRecordWriterBenchmarks.ExcelReaderRecordLayout(Mapped: False, RowCount: 50000)","83095146282a96143b23a79a7ecca058a24a709b","3.4.4+83095146282a96143b23a79a7ecca058a24a709b","F2853A4C62D5C03C5E3F0CBB7CCBB5776FB63CE58CE8933BE4EBAA4F5887502F","3.4.4+83095146282a96143b23a79a7ecca058a24a709b","B5565DE58D83BFC91F4FFB69A797CE02DFCB10A5A6409323845D05A5732E1A84","5E79575325D94AE8D09B97CD0C1C341EBB6AC0A24C3EEE6AE4817A897F97E7A4","C52377235F70A38C61333009FFA2CC97C0BE2B3C102041CB127587B09AB32A95","CEDF3A831603914A5E024C980CCA65AAAAF25544D98538BC416E963DD8632B12","15","3,6258161229314423","0,16213017026013196","4197443","Native managed bytes allocated per benchmark operation; not peak/retained/unmanaged memory","974,5872","1118,3697"
"primary","current","qualified-830951-long-v2-domain1-csv","1","OfficeIMO.Excel.ReaderComparison.Benchmarks","CsvRecordWriterBenchmarks","OfficeIMOWriteObjects","Mapped=False&RowCount=50000","OfficeIMO.Excel.ReaderComparison.Benchmarks.CsvRecordWriterBenchmarks.OfficeIMOWriteObjects(Mapped: False, RowCount: 50000)","83095146282a96143b23a79a7ecca058a24a709b","3.4.4+83095146282a96143b23a79a7ecca058a24a709b","F2853A4C62D5C03C5E3F0CBB7CCBB5776FB63CE58CE8933BE4EBAA4F5887502F","3.4.4+83095146282a96143b23a79a7ecca058a24a709b","B5565DE58D83BFC91F4FFB69A797CE02DFCB10A5A6409323845D05A5732E1A84","5E79575325D94AE8D09B97CD0C1C341EBB6AC0A24C3EEE6AE4817A897F97E7A4","C52377235F70A38C61333009FFA2CC97C0BE2B3C102041CB127587B09AB32A95","CEDF3A831603914A5E024C980CCA65AAAAF25544D98538BC416E963DD8632B12","15","10,275180068027208","0,21826130996389015","11802534","Native managed bytes allocated per benchmark operation; not peak/retained/unmanaged memory","983,2331","1061,722"
"primary","current","qualified-830951-long-v2-domain1-csv","1","OfficeIMO.Excel.ReaderComparison.Benchmarks","CsvRecordWriterBenchmarks","ExcelReaderRecordLayout","Mapped=True&RowCount=50000","OfficeIMO.Excel.ReaderComparison.Benchmarks.CsvRecordWriterBenchmarks.ExcelReaderRecordLayout(Mapped: True, RowCount: 50000)","83095146282a96143b23a79a7ecca058a24a709b","3.4.4+83095146282a96143b23a79a7ecca058a24a709b","F2853A4C62D5C03C5E3F0CBB7CCBB5776FB63CE58CE8933BE4EBAA4F5887502F","3.4.4+83095146282a96143b23a79a7ecca058a24a709b","B5565DE58D83BFC91F4FFB69A797CE02DFCB10A5A6409323845D05A5732E1A84","5E79575325D94AE8D09B97CD0C1C341EBB6AC0A24C3EEE6AE4817A897F97E7A4","C52377235F70A38C61333009FFA2CC97C0BE2B3C102041CB127587B09AB32A95","CEDF3A831603914A5E024C980CCA65AAAAF25544D98538BC416E963DD8632B12","15","4,3209239592430855","0,12482882826792535","4197492","Native managed bytes allocated per benchmark operation; not peak/retained/unmanaged memory","953,7597","1036,8049"
"primary","current","qualified-830951-long-v2-domain1-csv","1","OfficeIMO.Excel.ReaderComparison.Benchmarks","CsvRecordWriterBenchmarks","OfficeIMOWriteObjects","Mapped=True&RowCount=50000","OfficeIMO.Excel.ReaderComparison.Benchmarks.CsvRecordWriterBenchmarks.OfficeIMOWriteObjects(Mapped: True, RowCount: 50000)","83095146282a96143b23a79a7ecca058a24a709b","3.4.4+83095146282a96143b23a79a7ecca058a24a709b","F2853A4C62D5C03C5E3F0CBB7CCBB5776FB63CE58CE8933BE4EBAA4F5887502F","3.4.4+83095146282a96143b23a79a7ecca058a24a709b","B5565DE58D83BFC91F4FFB69A797CE02DFCB10A5A6409323845D05A5732E1A84","5E79575325D94AE8D09B97CD0C1C341EBB6AC0A24C3EEE6AE4817A897F97E7A4","C52377235F70A38C61333009FFA2CC97C0BE2B3C102041CB127587B09AB32A95","CEDF3A831603914A5E024C980CCA65AAAAF25544D98538BC416E963DD8632B12","15","10,125927010309278","0,2615293938111299","11802535","Native managed bytes allocated per benchmark operation; not peak/retained/unmanaged memory","947,2334","1019,6582"
"primary","current","qualified-830951-long-v2-domain1-csv","1","OfficeIMO.Excel.ReaderComparison.Benchmarks","CsvTypedAsyncBenchmarks","ExcelReaderTypedAsync","RowCount=50000","OfficeIMO.Excel.ReaderComparison.Benchmarks.CsvTypedAsyncBenchmarks.ExcelReaderTypedAsync(RowCount: 50000)","83095146282a96143b23a79a7ecca058a24a709b","3.4.4+83095146282a96143b23a79a7ecca058a24a709b","F2853A4C62D5C03C5E3F0CBB7CCBB5776FB63CE58CE8933BE4EBAA4F5887502F","3.4.4+83095146282a96143b23a79a7ecca058a24a709b","B5565DE58D83BFC91F4FFB69A797CE02DFCB10A5A6409323845D05A5732E1A84","5E79575325D94AE8D09B97CD0C1C341EBB6AC0A24C3EEE6AE4817A897F97E7A4","C52377235F70A38C61333009FFA2CC97C0BE2B3C102041CB127587B09AB32A95","CEDF3A831603914A5E024C980CCA65AAAAF25544D98538BC416E963DD8632B12","15","4,311487757575757","0,3961993480396033","4051472","Native managed bytes allocated per benchmark operation; not peak/retained/unmanaged memory","1012,5792","1329,8236"
"primary","current","qualified-830951-long-v2-domain1-csv","1","OfficeIMO.Excel.ReaderComparison.Benchmarks","CsvTypedAsyncBenchmarks","OfficeIMORowsAsAsync","RowCount=50000","OfficeIMO.Excel.ReaderComparison.Benchmarks.CsvTypedAsyncBenchmarks.OfficeIMORowsAsAsync(RowCount: 50000)","83095146282a96143b23a79a7ecca058a24a709b","3.4.4+83095146282a96143b23a79a7ecca058a24a709b","F2853A4C62D5C03C5E3F0CBB7CCBB5776FB63CE58CE8933BE4EBAA4F5887502F","3.4.4+83095146282a96143b23a79a7ecca058a24a709b","B5565DE58D83BFC91F4FFB69A797CE02DFCB10A5A6409323845D05A5732E1A84","5E79575325D94AE8D09B97CD0C1C341EBB6AC0A24C3EEE6AE4817A897F97E7A4","C52377235F70A38C61333009FFA2CC97C0BE2B3C102041CB127587B09AB32A95","CEDF3A831603914A5E024C980CCA65AAAAF25544D98538BC416E963DD8632B12","15","13,540905020576128","0,5789972458242245","17272936","Native managed bytes allocated per benchmark operation; not peak/retained/unmanaged memory","1030,4776","1205,1494"
"primary","current","qualified-830951-long-v2-domain1-csv","1","OfficeIMO.Excel.ReaderComparison.Benchmarks","CsvTypedAsyncBenchmarks","SylvanTypedAsync","RowCount=50000","OfficeIMO.Excel.ReaderComparison.Benchmarks.CsvTypedAsyncBenchmarks.SylvanTypedAsync(RowCount: 50000)","83095146282a96143b23a79a7ecca058a24a709b","3.4.4+83095146282a96143b23a79a7ecca058a24a709b","F2853A4C62D5C03C5E3F0CBB7CCBB5776FB63CE58CE8933BE4EBAA4F5887502F","3.4.4+83095146282a96143b23a79a7ecca058a24a709b","B5565DE58D83BFC91F4FFB69A797CE02DFCB10A5A6409323845D05A5732E1A84","5E79575325D94AE8D09B97CD0C1C341EBB6AC0A24C3EEE6AE4817A897F97E7A4","C52377235F70A38C61333009FFA2CC97C0BE2B3C102041CB127587B09AB32A95","CEDF3A831603914A5E024C980CCA65AAAAF25544D98538BC416E963DD8632B12","15","8,721417936507935","0,46391039417735896","11497088","Native managed bytes allocated per benchmark operation; not peak/retained/unmanaged memory","1034,9687","1269,6732"
"primary","current","qualified-830951-long-v2-domain1-csv","1","OfficeIMO.Excel.ReaderComparison.Benchmarks","CsvTypedReadBenchmarks","ExcelReaderTyped","RowCount=50000","OfficeIMO.Excel.ReaderComparison.Benchmarks.CsvTypedReadBenchmarks.ExcelReaderTyped(RowCount: 50000)","83095146282a96143b23a79a7ecca058a24a709b","3.4.4+83095146282a96143b23a79a7ecca058a24a709b","F2853A4C62D5C03C5E3F0CBB7CCBB5776FB63CE58CE8933BE4EBAA4F5887502F","3.4.4+83095146282a96143b23a79a7ecca058a24a709b","B5565DE58D83BFC91F4FFB69A797CE02DFCB10A5A6409323845D05A5732E1A84","5E79575325D94AE8D09B97CD0C1C341EBB6AC0A24C3EEE6AE4817A897F97E7A4","C52377235F70A38C61333009FFA2CC97C0BE2B3C102041CB127587B09AB32A95","CEDF3A831603914A5E024C980CCA65AAAAF25544D98538BC416E963DD8632B12","15","3,835463776223776","0,20313603999167967","4051702","Native managed bytes allocated per benchmark operation; not peak/retained/unmanaged memory","1022,5404","1210,0667"
"primary","current","qualified-830951-long-v2-domain1-csv","1","OfficeIMO.Excel.ReaderComparison.Benchmarks","CsvTypedReadBenchmarks","OfficeIMORowsAs","RowCount=50000","OfficeIMO.Excel.ReaderComparison.Benchmarks.CsvTypedReadBenchmarks.OfficeIMORowsAs(RowCount: 50000)","83095146282a96143b23a79a7ecca058a24a709b","3.4.4+83095146282a96143b23a79a7ecca058a24a709b","F2853A4C62D5C03C5E3F0CBB7CCBB5776FB63CE58CE8933BE4EBAA4F5887502F","3.4.4+83095146282a96143b23a79a7ecca058a24a709b","B5565DE58D83BFC91F4FFB69A797CE02DFCB10A5A6409323845D05A5732E1A84","5E79575325D94AE8D09B97CD0C1C341EBB6AC0A24C3EEE6AE4817A897F97E7A4","C52377235F70A38C61333009FFA2CC97C0BE2B3C102041CB127587B09AB32A95","CEDF3A831603914A5E024C980CCA65AAAAF25544D98538BC416E963DD8632B12","15","5,819985813953489","0,30952550413721647","11451284","Native managed bytes allocated per benchmark operation; not peak/retained/unmanaged memory","957,9719","1151,926"
"primary","current","qualified-830951-long-v2-domain1-csv","1","OfficeIMO.Excel.ReaderComparison.Benchmarks","CsvTypedReadBenchmarks","SylvanTyped","RowCount=50000","OfficeIMO.Excel.ReaderComparison.Benchmarks.CsvTypedReadBenchmarks.SylvanTyped(RowCount: 50000)","83095146282a96143b23a79a7ecca058a24a709b","3.4.4+83095146282a96143b23a79a7ecca058a24a709b","F2853A4C62D5C03C5E3F0CBB7CCBB5776FB63CE58CE8933BE4EBAA4F5887502F","3.4.4+83095146282a96143b23a79a7ecca058a24a709b","B5565DE58D83BFC91F4FFB69A797CE02DFCB10A5A6409323845D05A5732E1A84","5E79575325D94AE8D09B97CD0C1C341EBB6AC0A24C3EEE6AE4817A897F97E7A4","C52377235F70A38C61333009FFA2CC97C0BE2B3C102041CB127587B09AB32A95","CEDF3A831603914A5E024C980CCA65AAAAF25544D98538BC416E963DD8632B12","15","10,764153047619049","1,0993021365549005","11486688","Native managed bytes allocated per benchmark operation; not peak/retained/unmanaged memory","965,5078","1271,9452"
"primary","current","qualified-830951-long-v2-domain1-csv","1","OfficeIMO.Excel.ReaderComparison.Benchmarks","CsvUtf8WriterBenchmarks","OfficeIMOPublicUtf8Row","","OfficeIMO.Excel.ReaderComparison.Benchmarks.CsvUtf8WriterBenchmarks.OfficeIMOPublicUtf8Row","83095146282a96143b23a79a7ecca058a24a709b","3.4.4+83095146282a96143b23a79a7ecca058a24a709b","F2853A4C62D5C03C5E3F0CBB7CCBB5776FB63CE58CE8933BE4EBAA4F5887502F","3.4.4+83095146282a96143b23a79a7ecca058a24a709b","B5565DE58D83BFC91F4FFB69A797CE02DFCB10A5A6409323845D05A5732E1A84","5E79575325D94AE8D09B97CD0C1C341EBB6AC0A24C3EEE6AE4817A897F97E7A4","C52377235F70A38C61333009FFA2CC97C0BE2B3C102041CB127587B09AB32A95","CEDF3A831603914A5E024C980CCA65AAAAF25544D98538BC416E963DD8632B12","15","8,90729517948718","0,4604001915753024","2704","Native managed bytes allocated per benchmark operation; not peak/retained/unmanaged memory","1067,2235","1280,6734"
"primary","current","qualified-830951-long-v2-domain1-csv","1","OfficeIMO.Excel.ReaderComparison.Benchmarks","CsvUtf8WriterBenchmarks","ExcelReaderPublicUtf8","","OfficeIMO.Excel.ReaderComparison.Benchmarks.CsvUtf8WriterBenchmarks.ExcelReaderPublicUtf8","83095146282a96143b23a79a7ecca058a24a709b","3.4.4+83095146282a96143b23a79a7ecca058a24a709b","F2853A4C62D5C03C5E3F0CBB7CCBB5776FB63CE58CE8933BE4EBAA4F5887502F","3.4.4+83095146282a96143b23a79a7ecca058a24a709b","B5565DE58D83BFC91F4FFB69A797CE02DFCB10A5A6409323845D05A5732E1A84","5E79575325D94AE8D09B97CD0C1C341EBB6AC0A24C3EEE6AE4817A897F97E7A4","C52377235F70A38C61333009FFA2CC97C0BE2B3C102041CB127587B09AB32A95","CEDF3A831603914A5E024C980CCA65AAAAF25544D98538BC416E963DD8632B12","15","3,168174830769231","0,19407205800849964","416","Native managed bytes allocated per benchmark operation; not peak/retained/unmanaged memory","957,7082","1186,9065"
"primary","current","qualified-830951-long-v2-domain1-csv","1","OfficeIMO.Excel.ReaderComparison.Benchmarks","CsvWideReadBenchmarks","ExcelReaderWide","RowCount=50000&MaterializeStrings=False","OfficeIMO.Excel.ReaderComparison.Benchmarks.CsvWideReadBenchmarks.ExcelReaderWide(RowCount: 50000, MaterializeStrings: False)","83095146282a96143b23a79a7ecca058a24a709b","3.4.4+83095146282a96143b23a79a7ecca058a24a709b","F2853A4C62D5C03C5E3F0CBB7CCBB5776FB63CE58CE8933BE4EBAA4F5887502F","3.4.4+83095146282a96143b23a79a7ecca058a24a709b","B5565DE58D83BFC91F4FFB69A797CE02DFCB10A5A6409323845D05A5732E1A84","5E79575325D94AE8D09B97CD0C1C341EBB6AC0A24C3EEE6AE4817A897F97E7A4","C52377235F70A38C61333009FFA2CC97C0BE2B3C102041CB127587B09AB32A95","CEDF3A831603914A5E024C980CCA65AAAAF25544D98538BC416E963DD8632B12","15","5,487252147435898","0,25347366728081133","848","Native managed bytes allocated per benchmark operation; not peak/retained/unmanaged memory","1039,7709","1228,3106"
"primary","current","qualified-830951-long-v2-domain1-csv","1","OfficeIMO.Excel.ReaderComparison.Benchmarks","CsvWideReadBenchmarks","OfficeIMOWide","RowCount=50000&MaterializeStrings=False","OfficeIMO.Excel.ReaderComparison.Benchmarks.CsvWideReadBenchmarks.OfficeIMOWide(RowCount: 50000, MaterializeStrings: False)","83095146282a96143b23a79a7ecca058a24a709b","3.4.4+83095146282a96143b23a79a7ecca058a24a709b","F2853A4C62D5C03C5E3F0CBB7CCBB5776FB63CE58CE8933BE4EBAA4F5887502F","3.4.4+83095146282a96143b23a79a7ecca058a24a709b","B5565DE58D83BFC91F4FFB69A797CE02DFCB10A5A6409323845D05A5732E1A84","5E79575325D94AE8D09B97CD0C1C341EBB6AC0A24C3EEE6AE4817A897F97E7A4","C52377235F70A38C61333009FFA2CC97C0BE2B3C102041CB127587B09AB32A95","CEDF3A831603914A5E024C980CCA65AAAAF25544D98538BC416E963DD8632B12","15","6,678177207207207","0,42240069276257086","4360","Native managed bytes allocated per benchmark operation; not peak/retained/unmanaged memory","925,5028","1193,0072"
"primary","current","qualified-830951-long-v2-domain1-csv","1","OfficeIMO.Excel.ReaderComparison.Benchmarks","CsvWideReadBenchmarks","SylvanWide","RowCount=50000&MaterializeStrings=False","OfficeIMO.Excel.ReaderComparison.Benchmarks.CsvWideReadBenchmarks.SylvanWide(RowCount: 50000, MaterializeStrings: False)","83095146282a96143b23a79a7ecca058a24a709b","3.4.4+83095146282a96143b23a79a7ecca058a24a709b","F2853A4C62D5C03C5E3F0CBB7CCBB5776FB63CE58CE8933BE4EBAA4F5887502F","3.4.4+83095146282a96143b23a79a7ecca058a24a709b","B5565DE58D83BFC91F4FFB69A797CE02DFCB10A5A6409323845D05A5732E1A84","5E79575325D94AE8D09B97CD0C1C341EBB6AC0A24C3EEE6AE4817A897F97E7A4","C52377235F70A38C61333009FFA2CC97C0BE2B3C102041CB127587B09AB32A95","CEDF3A831603914A5E024C980CCA65AAAAF25544D98538BC416E963DD8632B12","15","4,6503175","0,3848408300084172","46377","Native managed bytes allocated per benchmark operation; not peak/retained/unmanaged memory","1001,1663","1309,9405"
"primary","current","qualified-830951-long-v2-domain1-csv","1","OfficeIMO.Excel.ReaderComparison.Benchmarks","CsvWideReadBenchmarks","ExcelReaderWide","RowCount=50000&MaterializeStrings=True","OfficeIMO.Excel.ReaderComparison.Benchmarks.CsvWideReadBenchmarks.ExcelReaderWide(RowCount: 50000, MaterializeStrings: True)","83095146282a96143b23a79a7ecca058a24a709b","3.4.4+83095146282a96143b23a79a7ecca058a24a709b","F2853A4C62D5C03C5E3F0CBB7CCBB5776FB63CE58CE8933BE4EBAA4F5887502F","3.4.4+83095146282a96143b23a79a7ecca058a24a709b","B5565DE58D83BFC91F4FFB69A797CE02DFCB10A5A6409323845D05A5732E1A84","5E79575325D94AE8D09B97CD0C1C341EBB6AC0A24C3EEE6AE4817A897F97E7A4","C52377235F70A38C61333009FFA2CC97C0BE2B3C102041CB127587B09AB32A95","CEDF3A831603914A5E024C980CCA65AAAAF25544D98538BC416E963DD8632B12","15","20,947359999999996","1,9351223733181113","52800848","Native managed bytes allocated per benchmark operation; not peak/retained/unmanaged memory","1006,9457","1305,5961"
"primary","current","qualified-830951-long-v2-domain1-csv","1","OfficeIMO.Excel.ReaderComparison.Benchmarks","CsvWideReadBenchmarks","OfficeIMOWide","RowCount=50000&MaterializeStrings=True","OfficeIMO.Excel.ReaderComparison.Benchmarks.CsvWideReadBenchmarks.OfficeIMOWide(RowCount: 50000, MaterializeStrings: True)","83095146282a96143b23a79a7ecca058a24a709b","3.4.4+83095146282a96143b23a79a7ecca058a24a709b","F2853A4C62D5C03C5E3F0CBB7CCBB5776FB63CE58CE8933BE4EBAA4F5887502F","3.4.4+83095146282a96143b23a79a7ecca058a24a709b","B5565DE58D83BFC91F4FFB69A797CE02DFCB10A5A6409323845D05A5732E1A84","5E79575325D94AE8D09B97CD0C1C341EBB6AC0A24C3EEE6AE4817A897F97E7A4","C52377235F70A38C61333009FFA2CC97C0BE2B3C102041CB127587B09AB32A95","CEDF3A831603914A5E024C980CCA65AAAAF25544D98538BC416E963DD8632B12","15","14,022774650205761","0,8879513828131507","52804360","Native managed bytes allocated per benchmark operation; not peak/retained/unmanaged memory","945,6118","1273,205"
"primary","current","qualified-830951-long-v2-domain1-csv","1","OfficeIMO.Excel.ReaderComparison.Benchmarks","CsvWideReadBenchmarks","SylvanWide","RowCount=50000&MaterializeStrings=True","OfficeIMO.Excel.ReaderComparison.Benchmarks.CsvWideReadBenchmarks.SylvanWide(RowCount: 50000, MaterializeStrings: True)","83095146282a96143b23a79a7ecca058a24a709b","3.4.4+83095146282a96143b23a79a7ecca058a24a709b","F2853A4C62D5C03C5E3F0CBB7CCBB5776FB63CE58CE8933BE4EBAA4F5887502F","3.4.4+83095146282a96143b23a79a7ecca058a24a709b","B5565DE58D83BFC91F4FFB69A797CE02DFCB10A5A6409323845D05A5732E1A84","5E79575325D94AE8D09B97CD0C1C341EBB6AC0A24C3EEE6AE4817A897F97E7A4","C52377235F70A38C61333009FFA2CC97C0BE2B3C102041CB127587B09AB32A95","CEDF3A831603914A5E024C980CCA65AAAAF25544D98538BC416E963DD8632B12","15","11,755005934065933","0,8009184846524958","52846584","Native managed bytes allocated per benchmark operation; not peak/retained/unmanaged memory","956,0439","1193,5995"
"primary","current","qualified-830951-long-v2-domain1-csv","1","OfficeIMO.Excel.ReaderComparison.Benchmarks","CsvWriterBenchmarks","ExcelReaderWriter","RowCount=50000","OfficeIMO.Excel.ReaderComparison.Benchmarks.CsvWriterBenchmarks.ExcelReaderWriter(RowCount: 50000)","83095146282a96143b23a79a7ecca058a24a709b","3.4.4+83095146282a96143b23a79a7ecca058a24a709b","F2853A4C62D5C03C5E3F0CBB7CCBB5776FB63CE58CE8933BE4EBAA4F5887502F","3.4.4+83095146282a96143b23a79a7ecca058a24a709b","B5565DE58D83BFC91F4FFB69A797CE02DFCB10A5A6409323845D05A5732E1A84","5E79575325D94AE8D09B97CD0C1C341EBB6AC0A24C3EEE6AE4817A897F97E7A4","C52377235F70A38C61333009FFA2CC97C0BE2B3C102041CB127587B09AB32A95","CEDF3A831603914A5E024C980CCA65AAAAF25544D98538BC416E963DD8632B12","15","3,7212366894977165","0,17233999506906283","4198248","Native managed bytes allocated per benchmark operation; not peak/retained/unmanaged memory","1012,8184","1171,8976"
"primary","current","qualified-830951-long-v2-domain1-csv","1","OfficeIMO.Excel.ReaderComparison.Benchmarks","CsvWriterBenchmarks","OfficeIMOWriteObjects","RowCount=50000","OfficeIMO.Excel.ReaderComparison.Benchmarks.CsvWriterBenchmarks.OfficeIMOWriteObjects(RowCount: 50000)","83095146282a96143b23a79a7ecca058a24a709b","3.4.4+83095146282a96143b23a79a7ecca058a24a709b","F2853A4C62D5C03C5E3F0CBB7CCBB5776FB63CE58CE8933BE4EBAA4F5887502F","3.4.4+83095146282a96143b23a79a7ecca058a24a709b","B5565DE58D83BFC91F4FFB69A797CE02DFCB10A5A6409323845D05A5732E1A84","5E79575325D94AE8D09B97CD0C1C341EBB6AC0A24C3EEE6AE4817A897F97E7A4","C52377235F70A38C61333009FFA2CC97C0BE2B3C102041CB127587B09AB32A95","CEDF3A831603914A5E024C980CCA65AAAAF25544D98538BC416E963DD8632B12","15","10,978292336448598","1,0264893704904876","11802663","Native managed bytes allocated per benchmark operation; not peak/retained/unmanaged memory","975,234","1361,6066"
"primary","current","qualified-830951-long-v2-domain1-csv","1","OfficeIMO.Excel.ReaderComparison.Benchmarks","CsvWriterBenchmarks","SylvanWriter","RowCount=50000","OfficeIMO.Excel.ReaderComparison.Benchmarks.CsvWriterBenchmarks.SylvanWriter(RowCount: 50000)","83095146282a96143b23a79a7ecca058a24a709b","3.4.4+83095146282a96143b23a79a7ecca058a24a709b","F2853A4C62D5C03C5E3F0CBB7CCBB5776FB63CE58CE8933BE4EBAA4F5887502F","3.4.4+83095146282a96143b23a79a7ecca058a24a709b","B5565DE58D83BFC91F4FFB69A797CE02DFCB10A5A6409323845D05A5732E1A84","5E79575325D94AE8D09B97CD0C1C341EBB6AC0A24C3EEE6AE4817A897F97E7A4","C52377235F70A38C61333009FFA2CC97C0BE2B3C102041CB127587B09AB32A95","CEDF3A831603914A5E024C980CCA65AAAAF25544D98538BC416E963DD8632B12","15","5,427022798742139","0,3128468149168585","4235060","Native managed bytes allocated per benchmark operation; not peak/retained/unmanaged memory","1055,3849","1257,1467"
"primary","current","qualified-830951-long-v2-domain1-csv-large-dop1","1","OfficeIMO.Excel.ReaderComparison.Benchmarks","CsvDirectAggregateBenchmarks","ExcelReaderAggregate","Input=Conve(...)00000 [23]&Dop=1","OfficeIMO.Excel.ReaderComparison.Benchmarks.CsvDirectAggregateBenchmarks.ExcelReaderAggregate(Input: ConversionHeavy-4300000, Dop: 1)","83095146282a96143b23a79a7ecca058a24a709b","3.4.4+83095146282a96143b23a79a7ecca058a24a709b","F2853A4C62D5C03C5E3F0CBB7CCBB5776FB63CE58CE8933BE4EBAA4F5887502F","3.4.4+83095146282a96143b23a79a7ecca058a24a709b","B5565DE58D83BFC91F4FFB69A797CE02DFCB10A5A6409323845D05A5732E1A84","5E79575325D94AE8D09B97CD0C1C341EBB6AC0A24C3EEE6AE4817A897F97E7A4","C52377235F70A38C61333009FFA2CC97C0BE2B3C102041CB127587B09AB32A95","CEDF3A831603914A5E024C980CCA65AAAAF25544D98538BC416E963DD8632B12","8","599,352390625","36,32329406857194","1258384","Native managed bytes allocated per benchmark operation; not peak/retained/unmanaged memory","2286,545","2725,1181"
"primary","current","qualified-830951-long-v2-domain1-csv-large-dop1","1","OfficeIMO.Excel.ReaderComparison.Benchmarks","CsvDirectAggregateBenchmarks","OfficeIMOTextOwnedAggregate","Input=Conve(...)00000 [23]&Dop=1","OfficeIMO.Excel.ReaderComparison.Benchmarks.CsvDirectAggregateBenchmarks.OfficeIMOTextOwnedAggregate(Input: ConversionHeavy-4300000, Dop: 1)","83095146282a96143b23a79a7ecca058a24a709b","3.4.4+83095146282a96143b23a79a7ecca058a24a709b","F2853A4C62D5C03C5E3F0CBB7CCBB5776FB63CE58CE8933BE4EBAA4F5887502F","3.4.4+83095146282a96143b23a79a7ecca058a24a709b","B5565DE58D83BFC91F4FFB69A797CE02DFCB10A5A6409323845D05A5732E1A84","5E79575325D94AE8D09B97CD0C1C341EBB6AC0A24C3EEE6AE4817A897F97E7A4","C52377235F70A38C61333009FFA2CC97C0BE2B3C102041CB127587B09AB32A95","CEDF3A831603914A5E024C980CCA65AAAAF25544D98538BC416E963DD8632B12","8","588,7317125","36,76702195881764","832283348","Native managed bytes allocated per benchmark operation; not peak/retained/unmanaged memory","2106,76","2590,2428"
"primary","current","qualified-830951-long-v2-domain1-csv-large-dop1","1","OfficeIMO.Excel.ReaderComparison.Benchmarks","CsvDirectAggregateBenchmarks","OfficeIMOAsyncPathAggregate","Input=Conve(...)00000 [23]&Dop=1","OfficeIMO.Excel.ReaderComparison.Benchmarks.CsvDirectAggregateBenchmarks.OfficeIMOAsyncPathAggregate(Input: ConversionHeavy-4300000, Dop: 1)","83095146282a96143b23a79a7ecca058a24a709b","3.4.4+83095146282a96143b23a79a7ecca058a24a709b","F2853A4C62D5C03C5E3F0CBB7CCBB5776FB63CE58CE8933BE4EBAA4F5887502F","3.4.4+83095146282a96143b23a79a7ecca058a24a709b","B5565DE58D83BFC91F4FFB69A797CE02DFCB10A5A6409323845D05A5732E1A84","5E79575325D94AE8D09B97CD0C1C341EBB6AC0A24C3EEE6AE4817A897F97E7A4","C52377235F70A38C61333009FFA2CC97C0BE2B3C102041CB127587B09AB32A95","CEDF3A831603914A5E024C980CCA65AAAAF25544D98538BC416E963DD8632B12","8","2197,806740625","188,95766737346813","1948777492","Native managed bytes allocated per benchmark operation; not peak/retained/unmanaged memory","8090,7145","10170,3525"
"primary","current","qualified-830951-long-v2-domain1-csv-large-dop1","1","OfficeIMO.Excel.ReaderComparison.Benchmarks","CsvDirectAggregateBenchmarks","OfficeIMOAsyncStreamAggregate","Input=Conve(...)00000 [23]&Dop=1","OfficeIMO.Excel.ReaderComparison.Benchmarks.CsvDirectAggregateBenchmarks.OfficeIMOAsyncStreamAggregate(Input: ConversionHeavy-4300000, Dop: 1)","83095146282a96143b23a79a7ecca058a24a709b","3.4.4+83095146282a96143b23a79a7ecca058a24a709b","F2853A4C62D5C03C5E3F0CBB7CCBB5776FB63CE58CE8933BE4EBAA4F5887502F","3.4.4+83095146282a96143b23a79a7ecca058a24a709b","B5565DE58D83BFC91F4FFB69A797CE02DFCB10A5A6409323845D05A5732E1A84","5E79575325D94AE8D09B97CD0C1C341EBB6AC0A24C3EEE6AE4817A897F97E7A4","C52377235F70A38C61333009FFA2CC97C0BE2B3C102041CB127587B09AB32A95","CEDF3A831603914A5E024C980CCA65AAAAF25544D98538BC416E963DD8632B12","8","2262,360103125","97,03896394849039","1948788664","Native managed bytes allocated per benchmark operation; not peak/retained/unmanaged memory","8303,3428","9445,2023"
"primary","current","qualified-830951-long-v2-domain1-csv-large-dop1","1","OfficeIMO.Excel.ReaderComparison.Benchmarks","CsvDirectAggregateBenchmarks","ExcelReaderAggregate","Input=Conve(...)00000 [25]&Dop=1","OfficeIMO.Excel.ReaderComparison.Benchmarks.CsvDirectAggregateBenchmarks.ExcelReaderAggregate(Input: ConversionHeavy3M-3000000, Dop: 1)","83095146282a96143b23a79a7ecca058a24a709b","3.4.4+83095146282a96143b23a79a7ecca058a24a709b","F2853A4C62D5C03C5E3F0CBB7CCBB5776FB63CE58CE8933BE4EBAA4F5887502F","3.4.4+83095146282a96143b23a79a7ecca058a24a709b","B5565DE58D83BFC91F4FFB69A797CE02DFCB10A5A6409323845D05A5732E1A84","5E79575325D94AE8D09B97CD0C1C341EBB6AC0A24C3EEE6AE4817A897F97E7A4","C52377235F70A38C61333009FFA2CC97C0BE2B3C102041CB127587B09AB32A95","CEDF3A831603914A5E024C980CCA65AAAAF25544D98538BC416E963DD8632B12","8","445,786503125","21,368048225799146","878752","Native managed bytes allocated per benchmark operation; not peak/retained/unmanaged memory","1683,1416","1925,6077"
"primary","current","qualified-830951-long-v2-domain1-csv-large-dop1","1","OfficeIMO.Excel.ReaderComparison.Benchmarks","CsvDirectAggregateBenchmarks","OfficeIMOTextOwnedAggregate","Input=Conve(...)00000 [25]&Dop=1","OfficeIMO.Excel.ReaderComparison.Benchmarks.CsvDirectAggregateBenchmarks.OfficeIMOTextOwnedAggregate(Input: ConversionHeavy3M-3000000, Dop: 1)","83095146282a96143b23a79a7ecca058a24a709b","3.4.4+83095146282a96143b23a79a7ecca058a24a709b","F2853A4C62D5C03C5E3F0CBB7CCBB5776FB63CE58CE8933BE4EBAA4F5887502F","3.4.4+83095146282a96143b23a79a7ecca058a24a709b","B5565DE58D83BFC91F4FFB69A797CE02DFCB10A5A6409323845D05A5732E1A84","5E79575325D94AE8D09B97CD0C1C341EBB6AC0A24C3EEE6AE4817A897F97E7A4","C52377235F70A38C61333009FFA2CC97C0BE2B3C102041CB127587B09AB32A95","CEDF3A831603914A5E024C980CCA65AAAAF25544D98538BC416E963DD8632B12","8","468,72358125","14,133155426904027","580676010","Native managed bytes allocated per benchmark operation; not peak/retained/unmanaged memory","1806,808","1951,0699"
"primary","current","qualified-830951-long-v2-domain1-csv-large-dop1","1","OfficeIMO.Excel.ReaderComparison.Benchmarks","CsvDirectAggregateBenchmarks","OfficeIMOAsyncPathAggregate","Input=Conve(...)00000 [25]&Dop=1","OfficeIMO.Excel.ReaderComparison.Benchmarks.CsvDirectAggregateBenchmarks.OfficeIMOAsyncPathAggregate(Input: ConversionHeavy3M-3000000, Dop: 1)","83095146282a96143b23a79a7ecca058a24a709b","3.4.4+83095146282a96143b23a79a7ecca058a24a709b","F2853A4C62D5C03C5E3F0CBB7CCBB5776FB63CE58CE8933BE4EBAA4F5887502F","3.4.4+83095146282a96143b23a79a7ecca058a24a709b","B5565DE58D83BFC91F4FFB69A797CE02DFCB10A5A6409323845D05A5732E1A84","5E79575325D94AE8D09B97CD0C1C341EBB6AC0A24C3EEE6AE4817A897F97E7A4","C52377235F70A38C61333009FFA2CC97C0BE2B3C102041CB127587B09AB32A95","CEDF3A831603914A5E024C980CCA65AAAAF25544D98538BC416E963DD8632B12","8","1551,402859375","98,54169179897006","1359629344","Native managed bytes allocated per benchmark operation; not peak/retained/unmanaged memory","5713,5748","6815,0263"
"primary","current","qualified-830951-long-v2-domain1-csv-large-dop1","1","OfficeIMO.Excel.ReaderComparison.Benchmarks","CsvDirectAggregateBenchmarks","OfficeIMOAsyncStreamAggregate","Input=Conve(...)00000 [25]&Dop=1","OfficeIMO.Excel.ReaderComparison.Benchmarks.CsvDirectAggregateBenchmarks.OfficeIMOAsyncStreamAggregate(Input: ConversionHeavy3M-3000000, Dop: 1)","83095146282a96143b23a79a7ecca058a24a709b","3.4.4+83095146282a96143b23a79a7ecca058a24a709b","F2853A4C62D5C03C5E3F0CBB7CCBB5776FB63CE58CE8933BE4EBAA4F5887502F","3.4.4+83095146282a96143b23a79a7ecca058a24a709b","B5565DE58D83BFC91F4FFB69A797CE02DFCB10A5A6409323845D05A5732E1A84","5E79575325D94AE8D09B97CD0C1C341EBB6AC0A24C3EEE6AE4817A897F97E7A4","C52377235F70A38C61333009FFA2CC97C0BE2B3C102041CB127587B09AB32A95","CEDF3A831603914A5E024C980CCA65AAAAF25544D98538BC416E963DD8632B12","8","1632,902815625","79,67972064518781","1359627172","Native managed bytes allocated per benchmark operation; not peak/retained/unmanaged memory","5981,7189","6923,0805"
"primary","current","qualified-830951-long-v2-domain1-csv-large-dop1","1","OfficeIMO.Excel.ReaderComparison.Benchmarks","CsvDirectAggregateBenchmarks","ExcelReaderAggregate","Input=NarrowInt-8000000&Dop=1","OfficeIMO.Excel.ReaderComparison.Benchmarks.CsvDirectAggregateBenchmarks.ExcelReaderAggregate(Input: NarrowInt-8000000, Dop: 1)","83095146282a96143b23a79a7ecca058a24a709b","3.4.4+83095146282a96143b23a79a7ecca058a24a709b","F2853A4C62D5C03C5E3F0CBB7CCBB5776FB63CE58CE8933BE4EBAA4F5887502F","3.4.4+83095146282a96143b23a79a7ecca058a24a709b","B5565DE58D83BFC91F4FFB69A797CE02DFCB10A5A6409323845D05A5732E1A84","5E79575325D94AE8D09B97CD0C1C341EBB6AC0A24C3EEE6AE4817A897F97E7A4","C52377235F70A38C61333009FFA2CC97C0BE2B3C102041CB127587B09AB32A95","CEDF3A831603914A5E024C980CCA65AAAAF25544D98538BC416E963DD8632B12","8","488,9745","29,47964073741038","1256996","Native managed bytes allocated per benchmark operation; not peak/retained/unmanaged memory","1780,9674","2091,11"
"primary","current","qualified-830951-long-v2-domain1-csv-large-dop1","1","OfficeIMO.Excel.ReaderComparison.Benchmarks","CsvDirectAggregateBenchmarks","OfficeIMOTextOwnedAggregate","Input=NarrowInt-8000000&Dop=1","OfficeIMO.Excel.ReaderComparison.Benchmarks.CsvDirectAggregateBenchmarks.OfficeIMOTextOwnedAggregate(Input: NarrowInt-8000000, Dop: 1)","83095146282a96143b23a79a7ecca058a24a709b","3.4.4+83095146282a96143b23a79a7ecca058a24a709b","F2853A4C62D5C03C5E3F0CBB7CCBB5776FB63CE58CE8933BE4EBAA4F5887502F","3.4.4+83095146282a96143b23a79a7ecca058a24a709b","B5565DE58D83BFC91F4FFB69A797CE02DFCB10A5A6409323845D05A5732E1A84","5E79575325D94AE8D09B97CD0C1C341EBB6AC0A24C3EEE6AE4817A897F97E7A4","C52377235F70A38C61333009FFA2CC97C0BE2B3C102041CB127587B09AB32A95","CEDF3A831603914A5E024C980CCA65AAAAF25544D98538BC416E963DD8632B12","8","685,096084375","24,800358109665822","840533916","Native managed bytes allocated per benchmark operation; not peak/retained/unmanaged memory","2617,141","2873,1213"
"primary","current","qualified-830951-long-v2-domain1-csv-large-dop1","1","OfficeIMO.Excel.ReaderComparison.Benchmarks","CsvDirectAggregateBenchmarks","OfficeIMOAsyncPathAggregate","Input=NarrowInt-8000000&Dop=1","OfficeIMO.Excel.ReaderComparison.Benchmarks.CsvDirectAggregateBenchmarks.OfficeIMOAsyncPathAggregate(Input: NarrowInt-8000000, Dop: 1)","83095146282a96143b23a79a7ecca058a24a709b","3.4.4+83095146282a96143b23a79a7ecca058a24a709b","F2853A4C62D5C03C5E3F0CBB7CCBB5776FB63CE58CE8933BE4EBAA4F5887502F","3.4.4+83095146282a96143b23a79a7ecca058a24a709b","B5565DE58D83BFC91F4FFB69A797CE02DFCB10A5A6409323845D05A5732E1A84","5E79575325D94AE8D09B97CD0C1C341EBB6AC0A24C3EEE6AE4817A897F97E7A4","C52377235F70A38C61333009FFA2CC97C0BE2B3C102041CB127587B09AB32A95","CEDF3A831603914A5E024C980CCA65AAAAF25544D98538BC416E963DD8632B12","8","2621,930228125","153,9897613274009","2260882624","Native managed bytes allocated per benchmark operation; not peak/retained/unmanaged memory","9713,0976","11482,2415"
"primary","current","qualified-830951-long-v2-domain1-csv-large-dop1","1","OfficeIMO.Excel.ReaderComparison.Benchmarks","CsvDirectAggregateBenchmarks","OfficeIMOAsyncStreamAggregate","Input=NarrowInt-8000000&Dop=1","OfficeIMO.Excel.ReaderComparison.Benchmarks.CsvDirectAggregateBenchmarks.OfficeIMOAsyncStreamAggregate(Input: NarrowInt-8000000, Dop: 1)","83095146282a96143b23a79a7ecca058a24a709b","3.4.4+83095146282a96143b23a79a7ecca058a24a709b","F2853A4C62D5C03C5E3F0CBB7CCBB5776FB63CE58CE8933BE4EBAA4F5887502F","3.4.4+83095146282a96143b23a79a7ecca058a24a709b","B5565DE58D83BFC91F4FFB69A797CE02DFCB10A5A6409323845D05A5732E1A84","5E79575325D94AE8D09B97CD0C1C341EBB6AC0A24C3EEE6AE4817A897F97E7A4","C52377235F70A38C61333009FFA2CC97C0BE2B3C102041CB127587B09AB32A95","CEDF3A831603914A5E024C980CCA65AAAAF25544D98538BC416E963DD8632B12","8","2378,7516","257,0884873452312","2260885304","Native managed bytes allocated per benchmark operation; not peak/retained/unmanaged memory","8501,9571","10884,5329"
"primary","current","qualified-830951-long-v2-domain1-csv-large-dop1","1","OfficeIMO.Excel.ReaderComparison.Benchmarks","CsvParallelTypedBenchmarks","ExcelReaderParallel","Input=Conve(...)00000 [23]&Dop=1","OfficeIMO.Excel.ReaderComparison.Benchmarks.CsvParallelTypedBenchmarks.ExcelReaderParallel(Input: ConversionHeavy-4300000, Dop: 1)","83095146282a96143b23a79a7ecca058a24a709b","3.4.4+83095146282a96143b23a79a7ecca058a24a709b","F2853A4C62D5C03C5E3F0CBB7CCBB5776FB63CE58CE8933BE4EBAA4F5887502F","3.4.4+83095146282a96143b23a79a7ecca058a24a709b","B5565DE58D83BFC91F4FFB69A797CE02DFCB10A5A6409323845D05A5732E1A84","5E79575325D94AE8D09B97CD0C1C341EBB6AC0A24C3EEE6AE4817A897F97E7A4","C52377235F70A38C61333009FFA2CC97C0BE2B3C102041CB127587B09AB32A95","CEDF3A831603914A5E024C980CCA65AAAAF25544D98538BC416E963DD8632B12","8","618,392271875","5,86737967022268","704022168","Native managed bytes allocated per benchmark operation; not peak/retained/unmanaged memory","2449,8233","2508,3729"
"primary","current","qualified-830951-long-v2-domain1-csv-large-dop1","1","OfficeIMO.Excel.ReaderComparison.Benchmarks","CsvParallelTypedBenchmarks","ExcelReaderSequential","Input=Conve(...)00000 [23]&Dop=1","OfficeIMO.Excel.ReaderComparison.Benchmarks.CsvParallelTypedBenchmarks.ExcelReaderSequential(Input: ConversionHeavy-4300000, Dop: 1)","83095146282a96143b23a79a7ecca058a24a709b","3.4.4+83095146282a96143b23a79a7ecca058a24a709b","F2853A4C62D5C03C5E3F0CBB7CCBB5776FB63CE58CE8933BE4EBAA4F5887502F","3.4.4+83095146282a96143b23a79a7ecca058a24a709b","B5565DE58D83BFC91F4FFB69A797CE02DFCB10A5A6409323845D05A5732E1A84","5E79575325D94AE8D09B97CD0C1C341EBB6AC0A24C3EEE6AE4817A897F97E7A4","C52377235F70A38C61333009FFA2CC97C0BE2B3C102041CB127587B09AB32A95","CEDF3A831603914A5E024C980CCA65AAAAF25544D98538BC416E963DD8632B12","8","834,619971875","49,86378090573435","702335344","Native managed bytes allocated per benchmark operation; not peak/retained/unmanaged memory","2906,3643","3462,2011"
"primary","current","qualified-830951-long-v2-domain1-csv-large-dop1","1","OfficeIMO.Excel.ReaderComparison.Benchmarks","CsvParallelTypedBenchmarks","OfficeIMOCoreParallel","Input=Conve(...)00000 [23]&Dop=1","OfficeIMO.Excel.ReaderComparison.Benchmarks.CsvParallelTypedBenchmarks.OfficeIMOCoreParallel(Input: ConversionHeavy-4300000, Dop: 1)","83095146282a96143b23a79a7ecca058a24a709b","3.4.4+83095146282a96143b23a79a7ecca058a24a709b","F2853A4C62D5C03C5E3F0CBB7CCBB5776FB63CE58CE8933BE4EBAA4F5887502F","3.4.4+83095146282a96143b23a79a7ecca058a24a709b","B5565DE58D83BFC91F4FFB69A797CE02DFCB10A5A6409323845D05A5732E1A84","5E79575325D94AE8D09B97CD0C1C341EBB6AC0A24C3EEE6AE4817A897F97E7A4","C52377235F70A38C61333009FFA2CC97C0BE2B3C102041CB127587B09AB32A95","CEDF3A831603914A5E024C980CCA65AAAAF25544D98538BC416E963DD8632B12","8","532,42868125","7,677663729097427","1352875624","Native managed bytes allocated per benchmark operation; not peak/retained/unmanaged memory","2101,4275","2182,1821"
"primary","current","qualified-830951-long-v2-domain1-csv-large-dop1","1","OfficeIMO.Excel.ReaderComparison.Benchmarks","CsvParallelTypedBenchmarks","OfficeIMOTextParallel","Input=Conve(...)00000 [23]&Dop=1","OfficeIMO.Excel.ReaderComparison.Benchmarks.CsvParallelTypedBenchmarks.OfficeIMOTextParallel(Input: ConversionHeavy-4300000, Dop: 1)","83095146282a96143b23a79a7ecca058a24a709b","3.4.4+83095146282a96143b23a79a7ecca058a24a709b","F2853A4C62D5C03C5E3F0CBB7CCBB5776FB63CE58CE8933BE4EBAA4F5887502F","3.4.4+83095146282a96143b23a79a7ecca058a24a709b","B5565DE58D83BFC91F4FFB69A797CE02DFCB10A5A6409323845D05A5732E1A84","5E79575325D94AE8D09B97CD0C1C341EBB6AC0A24C3EEE6AE4817A897F97E7A4","C52377235F70A38C61333009FFA2CC97C0BE2B3C102041CB127587B09AB32A95","CEDF3A831603914A5E024C980CCA65AAAAF25544D98538BC416E963DD8632B12","8","612,508125","8,78733130211979","1534612996","Native managed bytes allocated per benchmark operation; not peak/retained/unmanaged memory","2401,8224","2504,9738"
"primary","current","qualified-830951-long-v2-domain1-csv-large-dop1","1","OfficeIMO.Excel.ReaderComparison.Benchmarks","CsvParallelTypedBenchmarks","SylvanSequential","Input=Conve(...)00000 [23]&Dop=1","OfficeIMO.Excel.ReaderComparison.Benchmarks.CsvParallelTypedBenchmarks.SylvanSequential(Input: ConversionHeavy-4300000, Dop: 1)","83095146282a96143b23a79a7ecca058a24a709b","3.4.4+83095146282a96143b23a79a7ecca058a24a709b","F2853A4C62D5C03C5E3F0CBB7CCBB5776FB63CE58CE8933BE4EBAA4F5887502F","3.4.4+83095146282a96143b23a79a7ecca058a24a709b","B5565DE58D83BFC91F4FFB69A797CE02DFCB10A5A6409323845D05A5732E1A84","5E79575325D94AE8D09B97CD0C1C341EBB6AC0A24C3EEE6AE4817A897F97E7A4","C52377235F70A38C61333009FFA2CC97C0BE2B3C102041CB127587B09AB32A95","CEDF3A831603914A5E024C980CCA65AAAAF25544D98538BC416E963DD8632B12","8","890,871509375","31,46289039748408","1354773944","Native managed bytes allocated per benchmark operation; not peak/retained/unmanaged memory","3469,4737","3835,0643"
"primary","current","qualified-830951-long-v2-domain1-csv-large-dop1","1","OfficeIMO.Excel.ReaderComparison.Benchmarks","CsvParallelTypedBenchmarks","ExcelReaderParallel","Input=Conve(...)00000 [25]&Dop=1","OfficeIMO.Excel.ReaderComparison.Benchmarks.CsvParallelTypedBenchmarks.ExcelReaderParallel(Input: ConversionHeavy3M-3000000, Dop: 1)","83095146282a96143b23a79a7ecca058a24a709b","3.4.4+83095146282a96143b23a79a7ecca058a24a709b","F2853A4C62D5C03C5E3F0CBB7CCBB5776FB63CE58CE8933BE4EBAA4F5887502F","3.4.4+83095146282a96143b23a79a7ecca058a24a709b","B5565DE58D83BFC91F4FFB69A797CE02DFCB10A5A6409323845D05A5732E1A84","5E79575325D94AE8D09B97CD0C1C341EBB6AC0A24C3EEE6AE4817A897F97E7A4","C52377235F70A38C61333009FFA2CC97C0BE2B3C102041CB127587B09AB32A95","CEDF3A831603914A5E024C980CCA65AAAAF25544D98538BC416E963DD8632B12","8","474,479415625","22,08636122963404","491182224","Native managed bytes allocated per benchmark operation; not peak/retained/unmanaged memory","1828,3037","2067,3385"
"primary","current","qualified-830951-long-v2-domain1-csv-large-dop1","1","OfficeIMO.Excel.ReaderComparison.Benchmarks","CsvParallelTypedBenchmarks","ExcelReaderSequential","Input=Conve(...)00000 [25]&Dop=1","OfficeIMO.Excel.ReaderComparison.Benchmarks.CsvParallelTypedBenchmarks.ExcelReaderSequential(Input: ConversionHeavy3M-3000000, Dop: 1)","83095146282a96143b23a79a7ecca058a24a709b","3.4.4+83095146282a96143b23a79a7ecca058a24a709b","F2853A4C62D5C03C5E3F0CBB7CCBB5776FB63CE58CE8933BE4EBAA4F5887502F","3.4.4+83095146282a96143b23a79a7ecca058a24a709b","B5565DE58D83BFC91F4FFB69A797CE02DFCB10A5A6409323845D05A5732E1A84","5E79575325D94AE8D09B97CD0C1C341EBB6AC0A24C3EEE6AE4817A897F97E7A4","C52377235F70A38C61333009FFA2CC97C0BE2B3C102041CB127587B09AB32A95","CEDF3A831603914A5E024C980CCA65AAAAF25544D98538BC416E963DD8632B12","8","427,39363125","9,95726686752973","490002016","Native managed bytes allocated per benchmark operation; not peak/retained/unmanaged memory","1673,917","1795,8556"
"primary","current","qualified-830951-long-v2-domain1-csv-large-dop1","1","OfficeIMO.Excel.ReaderComparison.Benchmarks","CsvParallelTypedBenchmarks","OfficeIMOCoreParallel","Input=Conve(...)00000 [25]&Dop=1","OfficeIMO.Excel.ReaderComparison.Benchmarks.CsvParallelTypedBenchmarks.OfficeIMOCoreParallel(Input: ConversionHeavy3M-3000000, Dop: 1)","83095146282a96143b23a79a7ecca058a24a709b","3.4.4+83095146282a96143b23a79a7ecca058a24a709b","F2853A4C62D5C03C5E3F0CBB7CCBB5776FB63CE58CE8933BE4EBAA4F5887502F","3.4.4+83095146282a96143b23a79a7ecca058a24a709b","B5565DE58D83BFC91F4FFB69A797CE02DFCB10A5A6409323845D05A5732E1A84","5E79575325D94AE8D09B97CD0C1C341EBB6AC0A24C3EEE6AE4817A897F97E7A4","C52377235F70A38C61333009FFA2CC97C0BE2B3C102041CB127587B09AB32A95","CEDF3A831603914A5E024C980CCA65AAAAF25544D98538BC416E963DD8632B12","8","499,711928125","31,324920547856824","943867768","Native managed bytes allocated per benchmark operation; not peak/retained/unmanaged memory","1830,7844","2241,9704"
"primary","current","qualified-830951-long-v2-domain1-csv-large-dop1","1","OfficeIMO.Excel.ReaderComparison.Benchmarks","CsvParallelTypedBenchmarks","OfficeIMOTextParallel","Input=Conve(...)00000 [25]&Dop=1","OfficeIMO.Excel.ReaderComparison.Benchmarks.CsvParallelTypedBenchmarks.OfficeIMOTextParallel(Input: ConversionHeavy3M-3000000, Dop: 1)","83095146282a96143b23a79a7ecca058a24a709b","3.4.4+83095146282a96143b23a79a7ecca058a24a709b","F2853A4C62D5C03C5E3F0CBB7CCBB5776FB63CE58CE8933BE4EBAA4F5887502F","3.4.4+83095146282a96143b23a79a7ecca058a24a709b","B5565DE58D83BFC91F4FFB69A797CE02DFCB10A5A6409323845D05A5732E1A84","5E79575325D94AE8D09B97CD0C1C341EBB6AC0A24C3EEE6AE4817A897F97E7A4","C52377235F70A38C61333009FFA2CC97C0BE2B3C102041CB127587B09AB32A95","CEDF3A831603914A5E024C980CCA65AAAAF25544D98538BC416E963DD8632B12","8","570,461225","17,71753463112683","1071028234","Native managed bytes allocated per benchmark operation; not peak/retained/unmanaged memory","2172,9577","2419,0938"
"primary","current","qualified-830951-long-v2-domain1-csv-large-dop1","1","OfficeIMO.Excel.ReaderComparison.Benchmarks","CsvParallelTypedBenchmarks","SylvanSequential","Input=Conve(...)00000 [25]&Dop=1","OfficeIMO.Excel.ReaderComparison.Benchmarks.CsvParallelTypedBenchmarks.SylvanSequential(Input: ConversionHeavy3M-3000000, Dop: 1)","83095146282a96143b23a79a7ecca058a24a709b","3.4.4+83095146282a96143b23a79a7ecca058a24a709b","F2853A4C62D5C03C5E3F0CBB7CCBB5776FB63CE58CE8933BE4EBAA4F5887502F","3.4.4+83095146282a96143b23a79a7ecca058a24a709b","B5565DE58D83BFC91F4FFB69A797CE02DFCB10A5A6409323845D05A5732E1A84","5E79575325D94AE8D09B97CD0C1C341EBB6AC0A24C3EEE6AE4817A897F97E7A4","C52377235F70A38C61333009FFA2CC97C0BE2B3C102041CB127587B09AB32A95","CEDF3A831603914A5E024C980CCA65AAAAF25544D98538BC416E963DD8632B12","8","761,20551875","29,705504545231022","945204488","Native managed bytes allocated per benchmark operation; not peak/retained/unmanaged memory","2912,0107","3206,7686"
"primary","current","qualified-830951-long-v2-domain1-csv-large-dop1","1","OfficeIMO.Excel.ReaderComparison.Benchmarks","CsvParallelTypedBenchmarks","ExcelReaderParallel","Input=NarrowInt-8000000&Dop=1","OfficeIMO.Excel.ReaderComparison.Benchmarks.CsvParallelTypedBenchmarks.ExcelReaderParallel(Input: NarrowInt-8000000, Dop: 1)","83095146282a96143b23a79a7ecca058a24a709b","3.4.4+83095146282a96143b23a79a7ecca058a24a709b","F2853A4C62D5C03C5E3F0CBB7CCBB5776FB63CE58CE8933BE4EBAA4F5887502F","3.4.4+83095146282a96143b23a79a7ecca058a24a709b","B5565DE58D83BFC91F4FFB69A797CE02DFCB10A5A6409323845D05A5732E1A84","5E79575325D94AE8D09B97CD0C1C341EBB6AC0A24C3EEE6AE4817A897F97E7A4","C52377235F70A38C61333009FFA2CC97C0BE2B3C102041CB127587B09AB32A95","CEDF3A831603914A5E024C980CCA65AAAAF25544D98538BC416E963DD8632B12","8","487,72098125","18,891081097309755","257691650","Native managed bytes allocated per benchmark operation; not peak/retained/unmanaged memory","1870,0448","2074,6738"
"primary","current","qualified-830951-long-v2-domain1-csv-large-dop1","1","OfficeIMO.Excel.ReaderComparison.Benchmarks","CsvParallelTypedBenchmarks","ExcelReaderSequential","Input=NarrowInt-8000000&Dop=1","OfficeIMO.Excel.ReaderComparison.Benchmarks.CsvParallelTypedBenchmarks.ExcelReaderSequential(Input: NarrowInt-8000000, Dop: 1)","83095146282a96143b23a79a7ecca058a24a709b","3.4.4+83095146282a96143b23a79a7ecca058a24a709b","F2853A4C62D5C03C5E3F0CBB7CCBB5776FB63CE58CE8933BE4EBAA4F5887502F","3.4.4+83095146282a96143b23a79a7ecca058a24a709b","B5565DE58D83BFC91F4FFB69A797CE02DFCB10A5A6409323845D05A5732E1A84","5E79575325D94AE8D09B97CD0C1C341EBB6AC0A24C3EEE6AE4817A897F97E7A4","C52377235F70A38C61333009FFA2CC97C0BE2B3C102041CB127587B09AB32A95","CEDF3A831603914A5E024C980CCA65AAAAF25544D98538BC416E963DD8632B12","8","385,565484375","63,68455062289431","256001784","Native managed bytes allocated per benchmark operation; not peak/retained/unmanaged memory","1350,4845","1963,2823"
"primary","current","qualified-830951-long-v2-domain1-csv-large-dop1","1","OfficeIMO.Excel.ReaderComparison.Benchmarks","CsvParallelTypedBenchmarks","OfficeIMOCoreParallel","Input=NarrowInt-8000000&Dop=1","OfficeIMO.Excel.ReaderComparison.Benchmarks.CsvParallelTypedBenchmarks.OfficeIMOCoreParallel(Input: NarrowInt-8000000, Dop: 1)","83095146282a96143b23a79a7ecca058a24a709b","3.4.4+83095146282a96143b23a79a7ecca058a24a709b","F2853A4C62D5C03C5E3F0CBB7CCBB5776FB63CE58CE8933BE4EBAA4F5887502F","3.4.4+83095146282a96143b23a79a7ecca058a24a709b","B5565DE58D83BFC91F4FFB69A797CE02DFCB10A5A6409323845D05A5732E1A84","5E79575325D94AE8D09B97CD0C1C341EBB6AC0A24C3EEE6AE4817A897F97E7A4","C52377235F70A38C61333009FFA2CC97C0BE2B3C102041CB127587B09AB32A95","CEDF3A831603914A5E024C980CCA65AAAAF25544D98538BC416E963DD8632B12","8","491,0993125","8,82084065947353","1214821720","Native managed bytes allocated per benchmark operation; not peak/retained/unmanaged memory","1930,8753","2016,4412"
"primary","current","qualified-830951-long-v2-domain1-csv-large-dop1","1","OfficeIMO.Excel.ReaderComparison.Benchmarks","CsvParallelTypedBenchmarks","OfficeIMOTextParallel","Input=NarrowInt-8000000&Dop=1","OfficeIMO.Excel.ReaderComparison.Benchmarks.CsvParallelTypedBenchmarks.OfficeIMOTextParallel(Input: NarrowInt-8000000, Dop: 1)","83095146282a96143b23a79a7ecca058a24a709b","3.4.4+83095146282a96143b23a79a7ecca058a24a709b","F2853A4C62D5C03C5E3F0CBB7CCBB5776FB63CE58CE8933BE4EBAA4F5887502F","3.4.4+83095146282a96143b23a79a7ecca058a24a709b","B5565DE58D83BFC91F4FFB69A797CE02DFCB10A5A6409323845D05A5732E1A84","5E79575325D94AE8D09B97CD0C1C341EBB6AC0A24C3EEE6AE4817A897F97E7A4","C52377235F70A38C61333009FFA2CC97C0BE2B3C102041CB127587B09AB32A95","CEDF3A831603914A5E024C980CCA65AAAAF25544D98538BC416E963DD8632B12","8","894,333346875","33,07924000401195","1096530244","Native managed bytes allocated per benchmark operation; not peak/retained/unmanaged memory","3309,347","3724,4422"
"primary","current","qualified-830951-long-v2-domain1-csv-large-dop1","1","OfficeIMO.Excel.ReaderComparison.Benchmarks","CsvParallelTypedBenchmarks","SylvanSequential","Input=NarrowInt-8000000&Dop=1","OfficeIMO.Excel.ReaderComparison.Benchmarks.CsvParallelTypedBenchmarks.SylvanSequential(Input: NarrowInt-8000000, Dop: 1)","83095146282a96143b23a79a7ecca058a24a709b","3.4.4+83095146282a96143b23a79a7ecca058a24a709b","F2853A4C62D5C03C5E3F0CBB7CCBB5776FB63CE58CE8933BE4EBAA4F5887502F","3.4.4+83095146282a96143b23a79a7ecca058a24a709b","B5565DE58D83BFC91F4FFB69A797CE02DFCB10A5A6409323845D05A5732E1A84","5E79575325D94AE8D09B97CD0C1C341EBB6AC0A24C3EEE6AE4817A897F97E7A4","C52377235F70A38C61333009FFA2CC97C0BE2B3C102041CB127587B09AB32A95","CEDF3A831603914A5E024C980CCA65AAAAF25544D98538BC416E963DD8632B12","8","649,836603125","112,86042430879694","1214862504","Native managed bytes allocated per benchmark operation; not peak/retained/unmanaged memory","2053,8665","3199,4793"
"primary","current","qualified-830951-long-v2-domain1-csv-large-dop4","1","OfficeIMO.Excel.ReaderComparison.Benchmarks","CsvDirectAggregateBenchmarks","ExcelReaderAggregate","Input=Conve(...)00000 [23]&Dop=4","OfficeIMO.Excel.ReaderComparison.Benchmarks.CsvDirectAggregateBenchmarks.ExcelReaderAggregate(Input: ConversionHeavy-4300000, Dop: 4)","83095146282a96143b23a79a7ecca058a24a709b","3.4.4+83095146282a96143b23a79a7ecca058a24a709b","F2853A4C62D5C03C5E3F0CBB7CCBB5776FB63CE58CE8933BE4EBAA4F5887502F","3.4.4+83095146282a96143b23a79a7ecca058a24a709b","B5565DE58D83BFC91F4FFB69A797CE02DFCB10A5A6409323845D05A5732E1A84","5E79575325D94AE8D09B97CD0C1C341EBB6AC0A24C3EEE6AE4817A897F97E7A4","C52377235F70A38C61333009FFA2CC97C0BE2B3C102041CB127587B09AB32A95","CEDF3A831603914A5E024C980CCA65AAAAF25544D98538BC416E963DD8632B12","8","157,829790625","18,38946094353093","1521780","Native managed bytes allocated per benchmark operation; not peak/retained/unmanaged memory","557,5744","739,4617"
"primary","current","qualified-830951-long-v2-domain1-csv-large-dop4","1","OfficeIMO.Excel.ReaderComparison.Benchmarks","CsvDirectAggregateBenchmarks","OfficeIMOTextOwnedAggregate","Input=Conve(...)00000 [23]&Dop=4","OfficeIMO.Excel.ReaderComparison.Benchmarks.CsvDirectAggregateBenchmarks.OfficeIMOTextOwnedAggregate(Input: ConversionHeavy-4300000, Dop: 4)","83095146282a96143b23a79a7ecca058a24a709b","3.4.4+83095146282a96143b23a79a7ecca058a24a709b","F2853A4C62D5C03C5E3F0CBB7CCBB5776FB63CE58CE8933BE4EBAA4F5887502F","3.4.4+83095146282a96143b23a79a7ecca058a24a709b","B5565DE58D83BFC91F4FFB69A797CE02DFCB10A5A6409323845D05A5732E1A84","5E79575325D94AE8D09B97CD0C1C341EBB6AC0A24C3EEE6AE4817A897F97E7A4","C52377235F70A38C61333009FFA2CC97C0BE2B3C102041CB127587B09AB32A95","CEDF3A831603914A5E024C980CCA65AAAAF25544D98538BC416E963DD8632B12","8","525,6875375","20,8636270886209","832883414","Native managed bytes allocated per benchmark operation; not peak/retained/unmanaged memory","1981,3001","2258,1124"
"primary","current","qualified-830951-long-v2-domain1-csv-large-dop4","1","OfficeIMO.Excel.ReaderComparison.Benchmarks","CsvDirectAggregateBenchmarks","OfficeIMOAsyncPathAggregate","Input=Conve(...)00000 [23]&Dop=4","OfficeIMO.Excel.ReaderComparison.Benchmarks.CsvDirectAggregateBenchmarks.OfficeIMOAsyncPathAggregate(Input: ConversionHeavy-4300000, Dop: 4)","83095146282a96143b23a79a7ecca058a24a709b","3.4.4+83095146282a96143b23a79a7ecca058a24a709b","F2853A4C62D5C03C5E3F0CBB7CCBB5776FB63CE58CE8933BE4EBAA4F5887502F","3.4.4+83095146282a96143b23a79a7ecca058a24a709b","B5565DE58D83BFC91F4FFB69A797CE02DFCB10A5A6409323845D05A5732E1A84","5E79575325D94AE8D09B97CD0C1C341EBB6AC0A24C3EEE6AE4817A897F97E7A4","C52377235F70A38C61333009FFA2CC97C0BE2B3C102041CB127587B09AB32A95","CEDF3A831603914A5E024C980CCA65AAAAF25544D98538BC416E963DD8632B12","8","2154,4735625","445,11784893990693","1955513270","Native managed bytes allocated per benchmark operation; not peak/retained/unmanaged memory","6297,6107","11304,9946"
"primary","current","qualified-830951-long-v2-domain1-csv-large-dop4","1","OfficeIMO.Excel.ReaderComparison.Benchmarks","CsvDirectAggregateBenchmarks","OfficeIMOAsyncStreamAggregate","Input=Conve(...)00000 [23]&Dop=4","OfficeIMO.Excel.ReaderComparison.Benchmarks.CsvDirectAggregateBenchmarks.OfficeIMOAsyncStreamAggregate(Input: ConversionHeavy-4300000, Dop: 4)","83095146282a96143b23a79a7ecca058a24a709b","3.4.4+83095146282a96143b23a79a7ecca058a24a709b","F2853A4C62D5C03C5E3F0CBB7CCBB5776FB63CE58CE8933BE4EBAA4F5887502F","3.4.4+83095146282a96143b23a79a7ecca058a24a709b","B5565DE58D83BFC91F4FFB69A797CE02DFCB10A5A6409323845D05A5732E1A84","5E79575325D94AE8D09B97CD0C1C341EBB6AC0A24C3EEE6AE4817A897F97E7A4","C52377235F70A38C61333009FFA2CC97C0BE2B3C102041CB127587B09AB32A95","CEDF3A831603914A5E024C980CCA65AAAAF25544D98538BC416E963DD8632B12","8","1706,7052","136,57289099502222","1955510178","Native managed bytes allocated per benchmark operation; not peak/retained/unmanaged memory","6202,9058","7626,796"
"primary","current","qualified-830951-long-v2-domain1-csv-large-dop4","1","OfficeIMO.Excel.ReaderComparison.Benchmarks","CsvDirectAggregateBenchmarks","ExcelReaderAggregate","Input=Conve(...)00000 [25]&Dop=4","OfficeIMO.Excel.ReaderComparison.Benchmarks.CsvDirectAggregateBenchmarks.ExcelReaderAggregate(Input: ConversionHeavy3M-3000000, Dop: 4)","83095146282a96143b23a79a7ecca058a24a709b","3.4.4+83095146282a96143b23a79a7ecca058a24a709b","F2853A4C62D5C03C5E3F0CBB7CCBB5776FB63CE58CE8933BE4EBAA4F5887502F","3.4.4+83095146282a96143b23a79a7ecca058a24a709b","B5565DE58D83BFC91F4FFB69A797CE02DFCB10A5A6409323845D05A5732E1A84","5E79575325D94AE8D09B97CD0C1C341EBB6AC0A24C3EEE6AE4817A897F97E7A4","C52377235F70A38C61333009FFA2CC97C0BE2B3C102041CB127587B09AB32A95","CEDF3A831603914A5E024C980CCA65AAAAF25544D98538BC416E963DD8632B12","8","128,442165625","6,402401457878596","1070718","Native managed bytes allocated per benchmark operation; not peak/retained/unmanaged memory","480,3993","558,8398"
"primary","current","qualified-830951-long-v2-domain1-csv-large-dop4","1","OfficeIMO.Excel.ReaderComparison.Benchmarks","CsvDirectAggregateBenchmarks","OfficeIMOTextOwnedAggregate","Input=Conve(...)00000 [25]&Dop=4","OfficeIMO.Excel.ReaderComparison.Benchmarks.CsvDirectAggregateBenchmarks.OfficeIMOTextOwnedAggregate(Input: ConversionHeavy3M-3000000, Dop: 4)","83095146282a96143b23a79a7ecca058a24a709b","3.4.4+83095146282a96143b23a79a7ecca058a24a709b","F2853A4C62D5C03C5E3F0CBB7CCBB5776FB63CE58CE8933BE4EBAA4F5887502F","3.4.4+83095146282a96143b23a79a7ecca058a24a709b","B5565DE58D83BFC91F4FFB69A797CE02DFCB10A5A6409323845D05A5732E1A84","5E79575325D94AE8D09B97CD0C1C341EBB6AC0A24C3EEE6AE4817A897F97E7A4","C52377235F70A38C61333009FFA2CC97C0BE2B3C102041CB127587B09AB32A95","CEDF3A831603914A5E024C980CCA65AAAAF25544D98538BC416E963DD8632B12","8","409,449840625","63,46007111109447","582023410","Native managed bytes allocated per benchmark operation; not peak/retained/unmanaged memory","1364,5605","2001,4986"
"primary","current","qualified-830951-long-v2-domain1-csv-large-dop4","1","OfficeIMO.Excel.ReaderComparison.Benchmarks","CsvDirectAggregateBenchmarks","OfficeIMOAsyncPathAggregate","Input=Conve(...)00000 [25]&Dop=4","OfficeIMO.Excel.ReaderComparison.Benchmarks.CsvDirectAggregateBenchmarks.OfficeIMOAsyncPathAggregate(Input: ConversionHeavy3M-3000000, Dop: 4)","83095146282a96143b23a79a7ecca058a24a709b","3.4.4+83095146282a96143b23a79a7ecca058a24a709b","F2853A4C62D5C03C5E3F0CBB7CCBB5776FB63CE58CE8933BE4EBAA4F5887502F","3.4.4+83095146282a96143b23a79a7ecca058a24a709b","B5565DE58D83BFC91F4FFB69A797CE02DFCB10A5A6409323845D05A5732E1A84","5E79575325D94AE8D09B97CD0C1C341EBB6AC0A24C3EEE6AE4817A897F97E7A4","C52377235F70A38C61333009FFA2CC97C0BE2B3C102041CB127587B09AB32A95","CEDF3A831603914A5E024C980CCA65AAAAF25544D98538BC416E963DD8632B12","8","1261,22631875","167,1364018964652","1364310624","Native managed bytes allocated per benchmark operation; not peak/retained/unmanaged memory","4276,5","5918,9895"
"primary","current","qualified-830951-long-v2-domain1-csv-large-dop4","1","OfficeIMO.Excel.ReaderComparison.Benchmarks","CsvDirectAggregateBenchmarks","OfficeIMOAsyncStreamAggregate","Input=Conve(...)00000 [25]&Dop=4","OfficeIMO.Excel.ReaderComparison.Benchmarks.CsvDirectAggregateBenchmarks.OfficeIMOAsyncStreamAggregate(Input: ConversionHeavy3M-3000000, Dop: 4)","83095146282a96143b23a79a7ecca058a24a709b","3.4.4+83095146282a96143b23a79a7ecca058a24a709b","F2853A4C62D5C03C5E3F0CBB7CCBB5776FB63CE58CE8933BE4EBAA4F5887502F","3.4.4+83095146282a96143b23a79a7ecca058a24a709b","B5565DE58D83BFC91F4FFB69A797CE02DFCB10A5A6409323845D05A5732E1A84","5E79575325D94AE8D09B97CD0C1C341EBB6AC0A24C3EEE6AE4817A897F97E7A4","C52377235F70A38C61333009FFA2CC97C0BE2B3C102041CB127587B09AB32A95","CEDF3A831603914A5E024C980CCA65AAAAF25544D98538BC416E963DD8632B12","8","1169,391353125","107,96882289821556","1364315096","Native managed bytes allocated per benchmark operation; not peak/retained/unmanaged memory","4245,9498","5478,6727"
"primary","current","qualified-830951-long-v2-domain1-csv-large-dop4","1","OfficeIMO.Excel.ReaderComparison.Benchmarks","CsvDirectAggregateBenchmarks","ExcelReaderAggregate","Input=NarrowInt-8000000&Dop=4","OfficeIMO.Excel.ReaderComparison.Benchmarks.CsvDirectAggregateBenchmarks.ExcelReaderAggregate(Input: NarrowInt-8000000, Dop: 4)","83095146282a96143b23a79a7ecca058a24a709b","3.4.4+83095146282a96143b23a79a7ecca058a24a709b","F2853A4C62D5C03C5E3F0CBB7CCBB5776FB63CE58CE8933BE4EBAA4F5887502F","3.4.4+83095146282a96143b23a79a7ecca058a24a709b","B5565DE58D83BFC91F4FFB69A797CE02DFCB10A5A6409323845D05A5732E1A84","5E79575325D94AE8D09B97CD0C1C341EBB6AC0A24C3EEE6AE4817A897F97E7A4","C52377235F70A38C61333009FFA2CC97C0BE2B3C102041CB127587B09AB32A95","CEDF3A831603914A5E024C980CCA65AAAAF25544D98538BC416E963DD8632B12","8","134,1439","13,189096738411564","1689448","Native managed bytes allocated per benchmark operation; not peak/retained/unmanaged memory","478,4654","625,3924"
"primary","current","qualified-830951-long-v2-domain1-csv-large-dop4","1","OfficeIMO.Excel.ReaderComparison.Benchmarks","CsvDirectAggregateBenchmarks","OfficeIMOTextOwnedAggregate","Input=NarrowInt-8000000&Dop=4","OfficeIMO.Excel.ReaderComparison.Benchmarks.CsvDirectAggregateBenchmarks.OfficeIMOTextOwnedAggregate(Input: NarrowInt-8000000, Dop: 4)","83095146282a96143b23a79a7ecca058a24a709b","3.4.4+83095146282a96143b23a79a7ecca058a24a709b","F2853A4C62D5C03C5E3F0CBB7CCBB5776FB63CE58CE8933BE4EBAA4F5887502F","3.4.4+83095146282a96143b23a79a7ecca058a24a709b","B5565DE58D83BFC91F4FFB69A797CE02DFCB10A5A6409323845D05A5732E1A84","5E79575325D94AE8D09B97CD0C1C341EBB6AC0A24C3EEE6AE4817A897F97E7A4","C52377235F70A38C61333009FFA2CC97C0BE2B3C102041CB127587B09AB32A95","CEDF3A831603914A5E024C980CCA65AAAAF25544D98538BC416E963DD8632B12","8","824,98184375","57,40006143389842","841363596","Native managed bytes allocated per benchmark operation; not peak/retained/unmanaged memory","2900,5698","3537,4767"
"primary","current","qualified-830951-long-v2-domain1-csv-large-dop4","1","OfficeIMO.Excel.ReaderComparison.Benchmarks","CsvDirectAggregateBenchmarks","OfficeIMOAsyncPathAggregate","Input=NarrowInt-8000000&Dop=4","OfficeIMO.Excel.ReaderComparison.Benchmarks.CsvDirectAggregateBenchmarks.OfficeIMOAsyncPathAggregate(Input: NarrowInt-8000000, Dop: 4)","83095146282a96143b23a79a7ecca058a24a709b","3.4.4+83095146282a96143b23a79a7ecca058a24a709b","F2853A4C62D5C03C5E3F0CBB7CCBB5776FB63CE58CE8933BE4EBAA4F5887502F","3.4.4+83095146282a96143b23a79a7ecca058a24a709b","B5565DE58D83BFC91F4FFB69A797CE02DFCB10A5A6409323845D05A5732E1A84","5E79575325D94AE8D09B97CD0C1C341EBB6AC0A24C3EEE6AE4817A897F97E7A4","C52377235F70A38C61333009FFA2CC97C0BE2B3C102041CB127587B09AB32A95","CEDF3A831603914A5E024C980CCA65AAAAF25544D98538BC416E963DD8632B12","8","2456,0135375","398,4294639510196","2273397568","Native managed bytes allocated per benchmark operation; not peak/retained/unmanaged memory","7715,4587","12094,7076"
"primary","current","qualified-830951-long-v2-domain1-csv-large-dop4","1","OfficeIMO.Excel.ReaderComparison.Benchmarks","CsvDirectAggregateBenchmarks","OfficeIMOAsyncStreamAggregate","Input=NarrowInt-8000000&Dop=4","OfficeIMO.Excel.ReaderComparison.Benchmarks.CsvDirectAggregateBenchmarks.OfficeIMOAsyncStreamAggregate(Input: NarrowInt-8000000, Dop: 4)","83095146282a96143b23a79a7ecca058a24a709b","3.4.4+83095146282a96143b23a79a7ecca058a24a709b","F2853A4C62D5C03C5E3F0CBB7CCBB5776FB63CE58CE8933BE4EBAA4F5887502F","3.4.4+83095146282a96143b23a79a7ecca058a24a709b","B5565DE58D83BFC91F4FFB69A797CE02DFCB10A5A6409323845D05A5732E1A84","5E79575325D94AE8D09B97CD0C1C341EBB6AC0A24C3EEE6AE4817A897F97E7A4","C52377235F70A38C61333009FFA2CC97C0BE2B3C102041CB127587B09AB32A95","CEDF3A831603914A5E024C980CCA65AAAAF25544D98538BC416E963DD8632B12","8","2780,618715625","230,9220511938761","2273378276","Native managed bytes allocated per benchmark operation; not peak/retained/unmanaged memory","9691,3142","12325,4866"
"primary","current","qualified-830951-long-v2-domain1-csv-large-dop4","1","OfficeIMO.Excel.ReaderComparison.Benchmarks","CsvParallelTypedBenchmarks","ExcelReaderParallel","Input=Conve(...)00000 [23]&Dop=4","OfficeIMO.Excel.ReaderComparison.Benchmarks.CsvParallelTypedBenchmarks.ExcelReaderParallel(Input: ConversionHeavy-4300000, Dop: 4)","83095146282a96143b23a79a7ecca058a24a709b","3.4.4+83095146282a96143b23a79a7ecca058a24a709b","F2853A4C62D5C03C5E3F0CBB7CCBB5776FB63CE58CE8933BE4EBAA4F5887502F","3.4.4+83095146282a96143b23a79a7ecca058a24a709b","B5565DE58D83BFC91F4FFB69A797CE02DFCB10A5A6409323845D05A5732E1A84","5E79575325D94AE8D09B97CD0C1C341EBB6AC0A24C3EEE6AE4817A897F97E7A4","C52377235F70A38C61333009FFA2CC97C0BE2B3C102041CB127587B09AB32A95","CEDF3A831603914A5E024C980CCA65AAAAF25544D98538BC416E963DD8632B12","8","231,044075","23,474612162150684","713223128","Native managed bytes allocated per benchmark operation; not peak/retained/unmanaged memory","840,3218","1098,8744"
"primary","current","qualified-830951-long-v2-domain1-csv-large-dop4","1","OfficeIMO.Excel.ReaderComparison.Benchmarks","CsvParallelTypedBenchmarks","OfficeIMOCoreParallel","Input=Conve(...)00000 [23]&Dop=4","OfficeIMO.Excel.ReaderComparison.Benchmarks.CsvParallelTypedBenchmarks.OfficeIMOCoreParallel(Input: ConversionHeavy-4300000, Dop: 4)","83095146282a96143b23a79a7ecca058a24a709b","3.4.4+83095146282a96143b23a79a7ecca058a24a709b","F2853A4C62D5C03C5E3F0CBB7CCBB5776FB63CE58CE8933BE4EBAA4F5887502F","3.4.4+83095146282a96143b23a79a7ecca058a24a709b","B5565DE58D83BFC91F4FFB69A797CE02DFCB10A5A6409323845D05A5732E1A84","5E79575325D94AE8D09B97CD0C1C341EBB6AC0A24C3EEE6AE4817A897F97E7A4","C52377235F70A38C61333009FFA2CC97C0BE2B3C102041CB127587B09AB32A95","CEDF3A831603914A5E024C980CCA65AAAAF25544D98538BC416E963DD8632B12","8","1242,649528125","202,42293366123113","1920274868","Native managed bytes allocated per benchmark operation; not peak/retained/unmanaged memory","4348,2952","6879,84"
"primary","current","qualified-830951-long-v2-domain1-csv-large-dop4","1","OfficeIMO.Excel.ReaderComparison.Benchmarks","CsvParallelTypedBenchmarks","OfficeIMOTextParallel","Input=Conve(...)00000 [23]&Dop=4","OfficeIMO.Excel.ReaderComparison.Benchmarks.CsvParallelTypedBenchmarks.OfficeIMOTextParallel(Input: ConversionHeavy-4300000, Dop: 4)","83095146282a96143b23a79a7ecca058a24a709b","3.4.4+83095146282a96143b23a79a7ecca058a24a709b","F2853A4C62D5C03C5E3F0CBB7CCBB5776FB63CE58CE8933BE4EBAA4F5887502F","3.4.4+83095146282a96143b23a79a7ecca058a24a709b","B5565DE58D83BFC91F4FFB69A797CE02DFCB10A5A6409323845D05A5732E1A84","5E79575325D94AE8D09B97CD0C1C341EBB6AC0A24C3EEE6AE4817A897F97E7A4","C52377235F70A38C61333009FFA2CC97C0BE2B3C102041CB127587B09AB32A95","CEDF3A831603914A5E024C980CCA65AAAAF25544D98538BC416E963DD8632B12","8","385,01333125","42,415617628015596","1535517516","Native managed bytes allocated per benchmark operation; not peak/retained/unmanaged memory","1414,0621","1902,8697"
"primary","current","qualified-830951-long-v2-domain1-csv-large-dop4","1","OfficeIMO.Excel.ReaderComparison.Benchmarks","CsvParallelTypedBenchmarks","ExcelReaderParallel","Input=Conve(...)00000 [25]&Dop=4","OfficeIMO.Excel.ReaderComparison.Benchmarks.CsvParallelTypedBenchmarks.ExcelReaderParallel(Input: ConversionHeavy3M-3000000, Dop: 4)","83095146282a96143b23a79a7ecca058a24a709b","3.4.4+83095146282a96143b23a79a7ecca058a24a709b","F2853A4C62D5C03C5E3F0CBB7CCBB5776FB63CE58CE8933BE4EBAA4F5887502F","3.4.4+83095146282a96143b23a79a7ecca058a24a709b","B5565DE58D83BFC91F4FFB69A797CE02DFCB10A5A6409323845D05A5732E1A84","5E79575325D94AE8D09B97CD0C1C341EBB6AC0A24C3EEE6AE4817A897F97E7A4","C52377235F70A38C61333009FFA2CC97C0BE2B3C102041CB127587B09AB32A95","CEDF3A831603914A5E024C980CCA65AAAAF25544D98538BC416E963DD8632B12","8","151,8761125","8,324893016665655","497622966","Native managed bytes allocated per benchmark operation; not peak/retained/unmanaged memory","573,0354","673,2258"
"primary","current","qualified-830951-long-v2-domain1-csv-large-dop4","1","OfficeIMO.Excel.ReaderComparison.Benchmarks","CsvParallelTypedBenchmarks","OfficeIMOCoreParallel","Input=Conve(...)00000 [25]&Dop=4","OfficeIMO.Excel.ReaderComparison.Benchmarks.CsvParallelTypedBenchmarks.OfficeIMOCoreParallel(Input: ConversionHeavy3M-3000000, Dop: 4)","83095146282a96143b23a79a7ecca058a24a709b","3.4.4+83095146282a96143b23a79a7ecca058a24a709b","F2853A4C62D5C03C5E3F0CBB7CCBB5776FB63CE58CE8933BE4EBAA4F5887502F","3.4.4+83095146282a96143b23a79a7ecca058a24a709b","B5565DE58D83BFC91F4FFB69A797CE02DFCB10A5A6409323845D05A5732E1A84","5E79575325D94AE8D09B97CD0C1C341EBB6AC0A24C3EEE6AE4817A897F97E7A4","C52377235F70A38C61333009FFA2CC97C0BE2B3C102041CB127587B09AB32A95","CEDF3A831603914A5E024C980CCA65AAAAF25544D98538BC416E963DD8632B12","8","756,6334625","18,19857521809253","1339681480","Native managed bytes allocated per benchmark operation; not peak/retained/unmanaged memory","2967,1985","3191,098"
"primary","current","qualified-830951-long-v2-domain1-csv-large-dop4","1","OfficeIMO.Excel.ReaderComparison.Benchmarks","CsvParallelTypedBenchmarks","OfficeIMOTextParallel","Input=Conve(...)00000 [25]&Dop=4","OfficeIMO.Excel.ReaderComparison.Benchmarks.CsvParallelTypedBenchmarks.OfficeIMOTextParallel(Input: ConversionHeavy3M-3000000, Dop: 4)","83095146282a96143b23a79a7ecca058a24a709b","3.4.4+83095146282a96143b23a79a7ecca058a24a709b","F2853A4C62D5C03C5E3F0CBB7CCBB5776FB63CE58CE8933BE4EBAA4F5887502F","3.4.4+83095146282a96143b23a79a7ecca058a24a709b","B5565DE58D83BFC91F4FFB69A797CE02DFCB10A5A6409323845D05A5732E1A84","5E79575325D94AE8D09B97CD0C1C341EBB6AC0A24C3EEE6AE4817A897F97E7A4","C52377235F70A38C61333009FFA2CC97C0BE2B3C102041CB127587B09AB32A95","CEDF3A831603914A5E024C980CCA65AAAAF25544D98538BC416E963DD8632B12","8","372,734140625","26,868163785476728","1071926296","Native managed bytes allocated per benchmark operation; not peak/retained/unmanaged memory","1348,9619","1648,4377"
"primary","current","qualified-830951-long-v2-domain1-csv-large-dop4","1","OfficeIMO.Excel.ReaderComparison.Benchmarks","CsvParallelTypedBenchmarks","ExcelReaderParallel","Input=NarrowInt-8000000&Dop=4","OfficeIMO.Excel.ReaderComparison.Benchmarks.CsvParallelTypedBenchmarks.ExcelReaderParallel(Input: NarrowInt-8000000, Dop: 4)","83095146282a96143b23a79a7ecca058a24a709b","3.4.4+83095146282a96143b23a79a7ecca058a24a709b","F2853A4C62D5C03C5E3F0CBB7CCBB5776FB63CE58CE8933BE4EBAA4F5887502F","3.4.4+83095146282a96143b23a79a7ecca058a24a709b","B5565DE58D83BFC91F4FFB69A797CE02DFCB10A5A6409323845D05A5732E1A84","5E79575325D94AE8D09B97CD0C1C341EBB6AC0A24C3EEE6AE4817A897F97E7A4","C52377235F70A38C61333009FFA2CC97C0BE2B3C102041CB127587B09AB32A95","CEDF3A831603914A5E024C980CCA65AAAAF25544D98538BC416E963DD8632B12","8","153,599259375","16,726447077836568","266943718","Native managed bytes allocated per benchmark operation; not peak/retained/unmanaged memory","540,2699","758,0168"
"primary","current","qualified-830951-long-v2-domain1-csv-large-dop4","1","OfficeIMO.Excel.ReaderComparison.Benchmarks","CsvParallelTypedBenchmarks","OfficeIMOCoreParallel","Input=NarrowInt-8000000&Dop=4","OfficeIMO.Excel.ReaderComparison.Benchmarks.CsvParallelTypedBenchmarks.OfficeIMOCoreParallel(Input: NarrowInt-8000000, Dop: 4)","83095146282a96143b23a79a7ecca058a24a709b","3.4.4+83095146282a96143b23a79a7ecca058a24a709b","F2853A4C62D5C03C5E3F0CBB7CCBB5776FB63CE58CE8933BE4EBAA4F5887502F","3.4.4+83095146282a96143b23a79a7ecca058a24a709b","B5565DE58D83BFC91F4FFB69A797CE02DFCB10A5A6409323845D05A5732E1A84","5E79575325D94AE8D09B97CD0C1C341EBB6AC0A24C3EEE6AE4817A897F97E7A4","C52377235F70A38C61333009FFA2CC97C0BE2B3C102041CB127587B09AB32A95","CEDF3A831603914A5E024C980CCA65AAAAF25544D98538BC416E963DD8632B12","8","1427,008040625","75,47814803861746","1950323488","Native managed bytes allocated per benchmark operation; not peak/retained/unmanaged memory","5216,1609","6107,8937"
"primary","current","qualified-830951-long-v2-domain1-csv-large-dop4","1","OfficeIMO.Excel.ReaderComparison.Benchmarks","CsvParallelTypedBenchmarks","OfficeIMOTextParallel","Input=NarrowInt-8000000&Dop=4","OfficeIMO.Excel.ReaderComparison.Benchmarks.CsvParallelTypedBenchmarks.OfficeIMOTextParallel(Input: NarrowInt-8000000, Dop: 4)","83095146282a96143b23a79a7ecca058a24a709b","3.4.4+83095146282a96143b23a79a7ecca058a24a709b","F2853A4C62D5C03C5E3F0CBB7CCBB5776FB63CE58CE8933BE4EBAA4F5887502F","3.4.4+83095146282a96143b23a79a7ecca058a24a709b","B5565DE58D83BFC91F4FFB69A797CE02DFCB10A5A6409323845D05A5732E1A84","5E79575325D94AE8D09B97CD0C1C341EBB6AC0A24C3EEE6AE4817A897F97E7A4","C52377235F70A38C61333009FFA2CC97C0BE2B3C102041CB127587B09AB32A95","CEDF3A831603914A5E024C980CCA65AAAAF25544D98538BC416E963DD8632B12","8","446,10056875","49,1284028842255","1098722924","Native managed bytes allocated per benchmark operation; not peak/retained/unmanaged memory","1554,6716","2131,5693"
"primary","current","qualified-830951-long-v2-domain1-arrow","1","OfficeIMO.Excel.ReaderComparison.Benchmarks","ArrowConversionBenchmarks","ExcelReader","RowCount=100000&Scenario=CsvAllString","OfficeIMO.Excel.ReaderComparison.Benchmarks.ArrowConversionBenchmarks.ExcelReader(RowCount: 100000, Scenario: CsvAllString)","83095146282a96143b23a79a7ecca058a24a709b","3.4.4+83095146282a96143b23a79a7ecca058a24a709b","F2853A4C62D5C03C5E3F0CBB7CCBB5776FB63CE58CE8933BE4EBAA4F5887502F","3.4.4+83095146282a96143b23a79a7ecca058a24a709b","B5565DE58D83BFC91F4FFB69A797CE02DFCB10A5A6409323845D05A5732E1A84","5E79575325D94AE8D09B97CD0C1C341EBB6AC0A24C3EEE6AE4817A897F97E7A4","C52377235F70A38C61333009FFA2CC97C0BE2B3C102041CB127587B09AB32A95","CEDF3A831603914A5E024C980CCA65AAAAF25544D98538BC416E963DD8632B12","15","11,420142980392159","1,024589946948636","17058713","Native managed bytes allocated per benchmark operation; not peak/retained/unmanaged memory","891,5386","1189,778"
"primary","current","qualified-830951-long-v2-domain1-arrow","1","OfficeIMO.Excel.ReaderComparison.Benchmarks","ArrowConversionBenchmarks","OfficeIMO","RowCount=100000&Scenario=CsvAllString","OfficeIMO.Excel.ReaderComparison.Benchmarks.ArrowConversionBenchmarks.OfficeIMO(RowCount: 100000, Scenario: CsvAllString)","83095146282a96143b23a79a7ecca058a24a709b","3.4.4+83095146282a96143b23a79a7ecca058a24a709b","F2853A4C62D5C03C5E3F0CBB7CCBB5776FB63CE58CE8933BE4EBAA4F5887502F","3.4.4+83095146282a96143b23a79a7ecca058a24a709b","B5565DE58D83BFC91F4FFB69A797CE02DFCB10A5A6409323845D05A5732E1A84","5E79575325D94AE8D09B97CD0C1C341EBB6AC0A24C3EEE6AE4817A897F97E7A4","C52377235F70A38C61333009FFA2CC97C0BE2B3C102041CB127587B09AB32A95","CEDF3A831603914A5E024C980CCA65AAAAF25544D98538BC416E963DD8632B12","15","38,48644615384616","2,1029099656244963","51819047","Native managed bytes allocated per benchmark operation; not peak/retained/unmanaged memory","871,4415","1093,8742"
"primary","current","qualified-830951-long-v2-domain1-arrow","1","OfficeIMO.Excel.ReaderComparison.Benchmarks","ArrowConversionBenchmarks","ExcelReader","RowCount=100000&Scenario=CsvTyped","OfficeIMO.Excel.ReaderComparison.Benchmarks.ArrowConversionBenchmarks.ExcelReader(RowCount: 100000, Scenario: CsvTyped)","83095146282a96143b23a79a7ecca058a24a709b","3.4.4+83095146282a96143b23a79a7ecca058a24a709b","F2853A4C62D5C03C5E3F0CBB7CCBB5776FB63CE58CE8933BE4EBAA4F5887502F","3.4.4+83095146282a96143b23a79a7ecca058a24a709b","B5565DE58D83BFC91F4FFB69A797CE02DFCB10A5A6409323845D05A5732E1A84","5E79575325D94AE8D09B97CD0C1C341EBB6AC0A24C3EEE6AE4817A897F97E7A4","C52377235F70A38C61333009FFA2CC97C0BE2B3C102041CB127587B09AB32A95","CEDF3A831603914A5E024C980CCA65AAAAF25544D98538BC416E963DD8632B12","15","8,073942340966921","0,827740137690289","8529309","Native managed bytes allocated per benchmark operation; not peak/retained/unmanaged memory","910,2677","1256,8063"
"primary","current","qualified-830951-long-v2-domain1-arrow","1","OfficeIMO.Excel.ReaderComparison.Benchmarks","ArrowConversionBenchmarks","OfficeIMO","RowCount=100000&Scenario=CsvTyped","OfficeIMO.Excel.ReaderComparison.Benchmarks.ArrowConversionBenchmarks.OfficeIMO(RowCount: 100000, Scenario: CsvTyped)","83095146282a96143b23a79a7ecca058a24a709b","3.4.4+83095146282a96143b23a79a7ecca058a24a709b","F2853A4C62D5C03C5E3F0CBB7CCBB5776FB63CE58CE8933BE4EBAA4F5887502F","3.4.4+83095146282a96143b23a79a7ecca058a24a709b","B5565DE58D83BFC91F4FFB69A797CE02DFCB10A5A6409323845D05A5732E1A84","5E79575325D94AE8D09B97CD0C1C341EBB6AC0A24C3EEE6AE4817A897F97E7A4","C52377235F70A38C61333009FFA2CC97C0BE2B3C102041CB127587B09AB32A95","CEDF3A831603914A5E024C980CCA65AAAAF25544D98538BC416E963DD8632B12","15","22,283030095238093","1,6351290942375167","22598100","Native managed bytes allocated per benchmark operation; not peak/retained/unmanaged memory","725,7911","942,3985"
"primary","current","qualified-830951-long-v2-domain1-arrow","1","OfficeIMO.Excel.ReaderComparison.Benchmarks","ArrowConversionBenchmarks","ExcelReader","RowCount=100000&Scenario=XlsbTyped","OfficeIMO.Excel.ReaderComparison.Benchmarks.ArrowConversionBenchmarks.ExcelReader(RowCount: 100000, Scenario: XlsbTyped)","83095146282a96143b23a79a7ecca058a24a709b","3.4.4+83095146282a96143b23a79a7ecca058a24a709b","F2853A4C62D5C03C5E3F0CBB7CCBB5776FB63CE58CE8933BE4EBAA4F5887502F","3.4.4+83095146282a96143b23a79a7ecca058a24a709b","B5565DE58D83BFC91F4FFB69A797CE02DFCB10A5A6409323845D05A5732E1A84","5E79575325D94AE8D09B97CD0C1C341EBB6AC0A24C3EEE6AE4817A897F97E7A4","C52377235F70A38C61333009FFA2CC97C0BE2B3C102041CB127587B09AB32A95","CEDF3A831603914A5E024C980CCA65AAAAF25544D98538BC416E963DD8632B12","15","12,1341365","0,37891219551924465","8590061","Native managed bytes allocated per benchmark operation; not peak/retained/unmanaged memory","930,6329","1035,7757"
"primary","current","qualified-830951-long-v2-domain1-arrow","1","OfficeIMO.Excel.ReaderComparison.Benchmarks","ArrowConversionBenchmarks","OfficeIMO","RowCount=100000&Scenario=XlsbTyped","OfficeIMO.Excel.ReaderComparison.Benchmarks.ArrowConversionBenchmarks.OfficeIMO(RowCount: 100000, Scenario: XlsbTyped)","83095146282a96143b23a79a7ecca058a24a709b","3.4.4+83095146282a96143b23a79a7ecca058a24a709b","F2853A4C62D5C03C5E3F0CBB7CCBB5776FB63CE58CE8933BE4EBAA4F5887502F","3.4.4+83095146282a96143b23a79a7ecca058a24a709b","B5565DE58D83BFC91F4FFB69A797CE02DFCB10A5A6409323845D05A5732E1A84","5E79575325D94AE8D09B97CD0C1C341EBB6AC0A24C3EEE6AE4817A897F97E7A4","C52377235F70A38C61333009FFA2CC97C0BE2B3C102041CB127587B09AB32A95","CEDF3A831603914A5E024C980CCA65AAAAF25544D98538BC416E963DD8632B12","15","17,631106000000003","1,0040144314191586","9529518","Native managed bytes allocated per benchmark operation; not peak/retained/unmanaged memory","991,1252","1189,1836"
"primary","current","qualified-830951-long-v2-domain1-arrow","1","OfficeIMO.Excel.ReaderComparison.Benchmarks","ArrowInferredConversionBenchmarks","ExcelReader_CsvTypedWithInference","RowCount=100000","OfficeIMO.Excel.ReaderComparison.Benchmarks.ArrowInferredConversionBenchmarks.ExcelReader_CsvTypedWithInference(RowCount: 100000)","83095146282a96143b23a79a7ecca058a24a709b","3.4.4+83095146282a96143b23a79a7ecca058a24a709b","F2853A4C62D5C03C5E3F0CBB7CCBB5776FB63CE58CE8933BE4EBAA4F5887502F","3.4.4+83095146282a96143b23a79a7ecca058a24a709b","B5565DE58D83BFC91F4FFB69A797CE02DFCB10A5A6409323845D05A5732E1A84","5E79575325D94AE8D09B97CD0C1C341EBB6AC0A24C3EEE6AE4817A897F97E7A4","C52377235F70A38C61333009FFA2CC97C0BE2B3C102041CB127587B09AB32A95","CEDF3A831603914A5E024C980CCA65AAAAF25544D98538BC416E963DD8632B12","15","6,610962415902141","0,4117616684393164","15610020","Native managed bytes allocated per benchmark operation; not peak/retained/unmanaged memory","668,3467","820,7814"
"primary","current","qualified-830951-long-v2-domain1-encrypted","1","OfficeIMO.Excel.ReaderComparison.Benchmarks","EncryptedVerifiedAsyncReadBenchmarks","ExcelReaderVerifiedStreamAsync","Input=OriginalSmallXlsx","OfficeIMO.Excel.ReaderComparison.Benchmarks.EncryptedVerifiedAsyncReadBenchmarks.ExcelReaderVerifiedStreamAsync(Input: OriginalSmallXlsx)","83095146282a96143b23a79a7ecca058a24a709b","3.4.4+83095146282a96143b23a79a7ecca058a24a709b","F2853A4C62D5C03C5E3F0CBB7CCBB5776FB63CE58CE8933BE4EBAA4F5887502F","3.4.4+83095146282a96143b23a79a7ecca058a24a709b","B5565DE58D83BFC91F4FFB69A797CE02DFCB10A5A6409323845D05A5732E1A84","5E79575325D94AE8D09B97CD0C1C341EBB6AC0A24C3EEE6AE4817A897F97E7A4","C52377235F70A38C61333009FFA2CC97C0BE2B3C102041CB127587B09AB32A95","CEDF3A831603914A5E024C980CCA65AAAAF25544D98538BC416E963DD8632B12","12","20,807485326086958","0,12056736787024125","61075","Native managed bytes allocated per benchmark operation; not peak/retained/unmanaged memory","947,3022","967,4096"
"primary","current","qualified-830951-long-v2-domain1-encrypted","1","OfficeIMO.Excel.ReaderComparison.Benchmarks","EncryptedVerifiedAsyncReadBenchmarks","OfficeIMOVerifiedStreamAsync","Input=OriginalSmallXlsx","OfficeIMO.Excel.ReaderComparison.Benchmarks.EncryptedVerifiedAsyncReadBenchmarks.OfficeIMOVerifiedStreamAsync(Input: OriginalSmallXlsx)","83095146282a96143b23a79a7ecca058a24a709b","3.4.4+83095146282a96143b23a79a7ecca058a24a709b","F2853A4C62D5C03C5E3F0CBB7CCBB5776FB63CE58CE8933BE4EBAA4F5887502F","3.4.4+83095146282a96143b23a79a7ecca058a24a709b","B5565DE58D83BFC91F4FFB69A797CE02DFCB10A5A6409323845D05A5732E1A84","5E79575325D94AE8D09B97CD0C1C341EBB6AC0A24C3EEE6AE4817A897F97E7A4","C52377235F70A38C61333009FFA2CC97C0BE2B3C102041CB127587B09AB32A95","CEDF3A831603914A5E024C980CCA65AAAAF25544D98538BC416E963DD8632B12","12","22,274829432624113","1,0806730621889795","269402","Native managed bytes allocated per benchmark operation; not peak/retained/unmanaged memory","971,5531","1143,2073"
"primary","current","qualified-830951-long-v2-domain1-encrypted","1","OfficeIMO.Excel.ReaderComparison.Benchmarks","EncryptedVerifiedAsyncReadBenchmarks","ExcelReaderVerifiedStreamAsync","Input=GeneratedLargeXlsx","OfficeIMO.Excel.ReaderComparison.Benchmarks.EncryptedVerifiedAsyncReadBenchmarks.ExcelReaderVerifiedStreamAsync(Input: GeneratedLargeXlsx)","83095146282a96143b23a79a7ecca058a24a709b","3.4.4+83095146282a96143b23a79a7ecca058a24a709b","F2853A4C62D5C03C5E3F0CBB7CCBB5776FB63CE58CE8933BE4EBAA4F5887502F","3.4.4+83095146282a96143b23a79a7ecca058a24a709b","B5565DE58D83BFC91F4FFB69A797CE02DFCB10A5A6409323845D05A5732E1A84","5E79575325D94AE8D09B97CD0C1C341EBB6AC0A24C3EEE6AE4817A897F97E7A4","C52377235F70A38C61333009FFA2CC97C0BE2B3C102041CB127587B09AB32A95","CEDF3A831603914A5E024C980CCA65AAAAF25544D98538BC416E963DD8632B12","12","78,91126296296297","12,520886033164574","10512056","Native managed bytes allocated per benchmark operation; not peak/retained/unmanaged memory","580,2579","881,2555"
"primary","current","qualified-830951-long-v2-domain1-encrypted","1","OfficeIMO.Excel.ReaderComparison.Benchmarks","EncryptedVerifiedAsyncReadBenchmarks","OfficeIMOVerifiedStreamAsync","Input=GeneratedLargeXlsx","OfficeIMO.Excel.ReaderComparison.Benchmarks.EncryptedVerifiedAsyncReadBenchmarks.OfficeIMOVerifiedStreamAsync(Input: GeneratedLargeXlsx)","83095146282a96143b23a79a7ecca058a24a709b","3.4.4+83095146282a96143b23a79a7ecca058a24a709b","F2853A4C62D5C03C5E3F0CBB7CCBB5776FB63CE58CE8933BE4EBAA4F5887502F","3.4.4+83095146282a96143b23a79a7ecca058a24a709b","B5565DE58D83BFC91F4FFB69A797CE02DFCB10A5A6409323845D05A5732E1A84","5E79575325D94AE8D09B97CD0C1C341EBB6AC0A24C3EEE6AE4817A897F97E7A4","C52377235F70A38C61333009FFA2CC97C0BE2B3C102041CB127587B09AB32A95","CEDF3A831603914A5E024C980CCA65AAAAF25544D98538BC416E963DD8632B12","12","136,265775","6,864898972871144","69321524","Native managed bytes allocated per benchmark operation; not peak/retained/unmanaged memory","501,5387","592,1739"
"primary","current","qualified-830951-long-v2-domain1-encrypted","1","OfficeIMO.Excel.ReaderComparison.Benchmarks","EncryptedVerifiedReadBenchmarks","ExcelReaderVerifiedFullFields","Input=OriginalSmallXlsx&MemoryInput=False","OfficeIMO.Excel.ReaderComparison.Benchmarks.EncryptedVerifiedReadBenchmarks.ExcelReaderVerifiedFullFields(Input: OriginalSmallXlsx, MemoryInput: False)","83095146282a96143b23a79a7ecca058a24a709b","3.4.4+83095146282a96143b23a79a7ecca058a24a709b","F2853A4C62D5C03C5E3F0CBB7CCBB5776FB63CE58CE8933BE4EBAA4F5887502F","3.4.4+83095146282a96143b23a79a7ecca058a24a709b","B5565DE58D83BFC91F4FFB69A797CE02DFCB10A5A6409323845D05A5732E1A84","5E79575325D94AE8D09B97CD0C1C341EBB6AC0A24C3EEE6AE4817A897F97E7A4","C52377235F70A38C61333009FFA2CC97C0BE2B3C102041CB127587B09AB32A95","CEDF3A831603914A5E024C980CCA65AAAAF25544D98538BC416E963DD8632B12","12","22,62619916666667","0,6045282354181546","46274","Native managed bytes allocated per benchmark operation; not peak/retained/unmanaged memory","1061,2269","1167,4189"
"primary","current","qualified-830951-long-v2-domain1-encrypted","1","OfficeIMO.Excel.ReaderComparison.Benchmarks","EncryptedVerifiedReadBenchmarks","OfficeIMOVerifiedFullFields","Input=OriginalSmallXlsx&MemoryInput=False","OfficeIMO.Excel.ReaderComparison.Benchmarks.EncryptedVerifiedReadBenchmarks.OfficeIMOVerifiedFullFields(Input: OriginalSmallXlsx, MemoryInput: False)","83095146282a96143b23a79a7ecca058a24a709b","3.4.4+83095146282a96143b23a79a7ecca058a24a709b","F2853A4C62D5C03C5E3F0CBB7CCBB5776FB63CE58CE8933BE4EBAA4F5887502F","3.4.4+83095146282a96143b23a79a7ecca058a24a709b","B5565DE58D83BFC91F4FFB69A797CE02DFCB10A5A6409323845D05A5732E1A84","5E79575325D94AE8D09B97CD0C1C341EBB6AC0A24C3EEE6AE4817A897F97E7A4","C52377235F70A38C61333009FFA2CC97C0BE2B3C102041CB127587B09AB32A95","CEDF3A831603914A5E024C980CCA65AAAAF25544D98538BC416E963DD8632B12","12","21,622981944444447","1,3982831995609855","267699","Native managed bytes allocated per benchmark operation; not peak/retained/unmanaged memory","951,8315","1147,344"
"primary","current","qualified-830951-long-v2-domain1-encrypted","1","OfficeIMO.Excel.ReaderComparison.Benchmarks","EncryptedVerifiedReadBenchmarks","ExcelReaderVerifiedFullFields","Input=OriginalSmallXlsx&MemoryInput=True","OfficeIMO.Excel.ReaderComparison.Benchmarks.EncryptedVerifiedReadBenchmarks.ExcelReaderVerifiedFullFields(Input: OriginalSmallXlsx, MemoryInput: True)","83095146282a96143b23a79a7ecca058a24a709b","3.4.4+83095146282a96143b23a79a7ecca058a24a709b","F2853A4C62D5C03C5E3F0CBB7CCBB5776FB63CE58CE8933BE4EBAA4F5887502F","3.4.4+83095146282a96143b23a79a7ecca058a24a709b","B5565DE58D83BFC91F4FFB69A797CE02DFCB10A5A6409323845D05A5732E1A84","5E79575325D94AE8D09B97CD0C1C341EBB6AC0A24C3EEE6AE4817A897F97E7A4","C52377235F70A38C61333009FFA2CC97C0BE2B3C102041CB127587B09AB32A95","CEDF3A831603914A5E024C980CCA65AAAAF25544D98538BC416E963DD8632B12","12","25,149871938775508","2,401771412963372","54895","Native managed bytes allocated per benchmark operation; not peak/retained/unmanaged memory","1033,8086","1462,1692"
"primary","current","qualified-830951-long-v2-domain1-encrypted","1","OfficeIMO.Excel.ReaderComparison.Benchmarks","EncryptedVerifiedReadBenchmarks","OfficeIMOVerifiedFullFields","Input=OriginalSmallXlsx&MemoryInput=True","OfficeIMO.Excel.ReaderComparison.Benchmarks.EncryptedVerifiedReadBenchmarks.OfficeIMOVerifiedFullFields(Input: OriginalSmallXlsx, MemoryInput: True)","83095146282a96143b23a79a7ecca058a24a709b","3.4.4+83095146282a96143b23a79a7ecca058a24a709b","F2853A4C62D5C03C5E3F0CBB7CCBB5776FB63CE58CE8933BE4EBAA4F5887502F","3.4.4+83095146282a96143b23a79a7ecca058a24a709b","B5565DE58D83BFC91F4FFB69A797CE02DFCB10A5A6409323845D05A5732E1A84","5E79575325D94AE8D09B97CD0C1C341EBB6AC0A24C3EEE6AE4817A897F97E7A4","C52377235F70A38C61333009FFA2CC97C0BE2B3C102041CB127587B09AB32A95","CEDF3A831603914A5E024C980CCA65AAAAF25544D98538BC416E963DD8632B12","12","21,28933170289855","2,5346416297849252","247954","Native managed bytes allocated per benchmark operation; not peak/retained/unmanaged memory","914,3416","1306,8951"
"primary","current","qualified-830951-long-v2-domain1-encrypted","1","OfficeIMO.Excel.ReaderComparison.Benchmarks","EncryptedVerifiedReadBenchmarks","ExcelReaderVerifiedFullFields","Input=GeneratedLargeXlsx&MemoryInput=False","OfficeIMO.Excel.ReaderComparison.Benchmarks.EncryptedVerifiedReadBenchmarks.ExcelReaderVerifiedFullFields(Input: GeneratedLargeXlsx, MemoryInput: False)","83095146282a96143b23a79a7ecca058a24a709b","3.4.4+83095146282a96143b23a79a7ecca058a24a709b","F2853A4C62D5C03C5E3F0CBB7CCBB5776FB63CE58CE8933BE4EBAA4F5887502F","3.4.4+83095146282a96143b23a79a7ecca058a24a709b","B5565DE58D83BFC91F4FFB69A797CE02DFCB10A5A6409323845D05A5732E1A84","5E79575325D94AE8D09B97CD0C1C341EBB6AC0A24C3EEE6AE4817A897F97E7A4","C52377235F70A38C61333009FFA2CC97C0BE2B3C102041CB127587B09AB32A95","CEDF3A831603914A5E024C980CCA65AAAAF25544D98538BC416E963DD8632B12","12","86,08637196969696","7,121717995743792","9983411","Native managed bytes allocated per benchmark operation; not peak/retained/unmanaged memory","814,3829","1039,7432"
"primary","current","qualified-830951-long-v2-domain1-encrypted","1","OfficeIMO.Excel.ReaderComparison.Benchmarks","EncryptedVerifiedReadBenchmarks","OfficeIMOVerifiedFullFields","Input=GeneratedLargeXlsx&MemoryInput=False","OfficeIMO.Excel.ReaderComparison.Benchmarks.EncryptedVerifiedReadBenchmarks.OfficeIMOVerifiedFullFields(Input: GeneratedLargeXlsx, MemoryInput: False)","83095146282a96143b23a79a7ecca058a24a709b","3.4.4+83095146282a96143b23a79a7ecca058a24a709b","F2853A4C62D5C03C5E3F0CBB7CCBB5776FB63CE58CE8933BE4EBAA4F5887502F","3.4.4+83095146282a96143b23a79a7ecca058a24a709b","B5565DE58D83BFC91F4FFB69A797CE02DFCB10A5A6409323845D05A5732E1A84","5E79575325D94AE8D09B97CD0C1C341EBB6AC0A24C3EEE6AE4817A897F97E7A4","C52377235F70A38C61333009FFA2CC97C0BE2B3C102041CB127587B09AB32A95","CEDF3A831603914A5E024C980CCA65AAAAF25544D98538BC416E963DD8632B12","12","140,36214861111114","18,673292129764047","69673404","Native managed bytes allocated per benchmark operation; not peak/retained/unmanaged memory","706,2067","1044,4982"
"primary","current","qualified-830951-long-v2-domain1-encrypted","1","OfficeIMO.Excel.ReaderComparison.Benchmarks","EncryptedVerifiedReadBenchmarks","ExcelReaderVerifiedFullFields","Input=GeneratedLargeXlsx&MemoryInput=True","OfficeIMO.Excel.ReaderComparison.Benchmarks.EncryptedVerifiedReadBenchmarks.ExcelReaderVerifiedFullFields(Input: GeneratedLargeXlsx, MemoryInput: True)","83095146282a96143b23a79a7ecca058a24a709b","3.4.4+83095146282a96143b23a79a7ecca058a24a709b","F2853A4C62D5C03C5E3F0CBB7CCBB5776FB63CE58CE8933BE4EBAA4F5887502F","3.4.4+83095146282a96143b23a79a7ecca058a24a709b","B5565DE58D83BFC91F4FFB69A797CE02DFCB10A5A6409323845D05A5732E1A84","5E79575325D94AE8D09B97CD0C1C341EBB6AC0A24C3EEE6AE4817A897F97E7A4","C52377235F70A38C61333009FFA2CC97C0BE2B3C102041CB127587B09AB32A95","CEDF3A831603914A5E024C980CCA65AAAAF25544D98538BC416E963DD8632B12","12","62,24435166666667","0,7232700389351222","19224242","Native managed bytes allocated per benchmark operation; not peak/retained/unmanaged memory","922,7305","964,7451"
"primary","current","qualified-830951-long-v2-domain1-encrypted","1","OfficeIMO.Excel.ReaderComparison.Benchmarks","EncryptedVerifiedReadBenchmarks","OfficeIMOVerifiedFullFields","Input=GeneratedLargeXlsx&MemoryInput=True","OfficeIMO.Excel.ReaderComparison.Benchmarks.EncryptedVerifiedReadBenchmarks.OfficeIMOVerifiedFullFields(Input: GeneratedLargeXlsx, MemoryInput: True)","83095146282a96143b23a79a7ecca058a24a709b","3.4.4+83095146282a96143b23a79a7ecca058a24a709b","F2853A4C62D5C03C5E3F0CBB7CCBB5776FB63CE58CE8933BE4EBAA4F5887502F","3.4.4+83095146282a96143b23a79a7ecca058a24a709b","B5565DE58D83BFC91F4FFB69A797CE02DFCB10A5A6409323845D05A5732E1A84","5E79575325D94AE8D09B97CD0C1C341EBB6AC0A24C3EEE6AE4817A897F97E7A4","C52377235F70A38C61333009FFA2CC97C0BE2B3C102041CB127587B09AB32A95","CEDF3A831603914A5E024C980CCA65AAAAF25544D98538BC416E963DD8632B12","12","134,1014787037037","8,024900305987783","63596021","Native managed bytes allocated per benchmark operation; not peak/retained/unmanaged memory","1101,1645","1354,8577"
"primary","current","qualified-830951-long-v2-domain1-cold","1","OfficeIMO.Excel.ReaderComparison.Benchmarks","ColdStartReadBenchmarks","ExcelReaderAttributes","","OfficeIMO.Excel.ReaderComparison.Benchmarks.ColdStartReadBenchmarks.ExcelReaderAttributes","83095146282a96143b23a79a7ecca058a24a709b","3.4.4+83095146282a96143b23a79a7ecca058a24a709b","F2853A4C62D5C03C5E3F0CBB7CCBB5776FB63CE58CE8933BE4EBAA4F5887502F","3.4.4+83095146282a96143b23a79a7ecca058a24a709b","B5565DE58D83BFC91F4FFB69A797CE02DFCB10A5A6409323845D05A5732E1A84","5E79575325D94AE8D09B97CD0C1C341EBB6AC0A24C3EEE6AE4817A897F97E7A4","C52377235F70A38C61333009FFA2CC97C0BE2B3C102041CB127587B09AB32A95","CEDF3A831603914A5E024C980CCA65AAAAF25544D98538BC416E963DD8632B12","16","41,25393125","8,752626426981314","136216","Subsequent MemoryDiagnoser extra-statistics invocation: second-use diagnostic allocation, not first-use initialization allocation","27,7281","55,5546"
"primary","current","qualified-830951-long-v2-domain1-cold","1","OfficeIMO.Excel.ReaderComparison.Benchmarks","ColdStartReadBenchmarks","OfficeIMOAutomaticMapping","","OfficeIMO.Excel.ReaderComparison.Benchmarks.ColdStartReadBenchmarks.OfficeIMOAutomaticMapping","83095146282a96143b23a79a7ecca058a24a709b","3.4.4+83095146282a96143b23a79a7ecca058a24a709b","F2853A4C62D5C03C5E3F0CBB7CCBB5776FB63CE58CE8933BE4EBAA4F5887502F","3.4.4+83095146282a96143b23a79a7ecca058a24a709b","B5565DE58D83BFC91F4FFB69A797CE02DFCB10A5A6409323845D05A5732E1A84","5E79575325D94AE8D09B97CD0C1C341EBB6AC0A24C3EEE6AE4817A897F97E7A4","C52377235F70A38C61333009FFA2CC97C0BE2B3C102041CB127587B09AB32A95","CEDF3A831603914A5E024C980CCA65AAAAF25544D98538BC416E963DD8632B12","16","104,1219875","59,55974777241059","115696","Subsequent MemoryDiagnoser extra-statistics invocation: second-use diagnostic allocation, not first-use initialization allocation","74,7108","325,0031"
"primary","current","qualified-830951-long-v2-domain1-cold","1","OfficeIMO.Excel.ReaderComparison.Benchmarks","ColdStartReadBenchmarks","ExcelReaderFluentMapping","","OfficeIMO.Excel.ReaderComparison.Benchmarks.ColdStartReadBenchmarks.ExcelReaderFluentMapping","83095146282a96143b23a79a7ecca058a24a709b","3.4.4+83095146282a96143b23a79a7ecca058a24a709b","F2853A4C62D5C03C5E3F0CBB7CCBB5776FB63CE58CE8933BE4EBAA4F5887502F","3.4.4+83095146282a96143b23a79a7ecca058a24a709b","B5565DE58D83BFC91F4FFB69A797CE02DFCB10A5A6409323845D05A5732E1A84","5E79575325D94AE8D09B97CD0C1C341EBB6AC0A24C3EEE6AE4817A897F97E7A4","C52377235F70A38C61333009FFA2CC97C0BE2B3C102041CB127587B09AB32A95","CEDF3A831603914A5E024C980CCA65AAAAF25544D98538BC416E963DD8632B12","16","28,77361875","4,022655387215224","139312","Subsequent MemoryDiagnoser extra-statistics invocation: second-use diagnostic allocation, not first-use initialization allocation","23,7544","36,2917"
"primary","current","qualified-830951-long-v2-domain1-cold","1","OfficeIMO.Excel.ReaderComparison.Benchmarks","ColdStartReadBenchmarks","ExcelReaderAttributeFallback","","OfficeIMO.Excel.ReaderComparison.Benchmarks.ColdStartReadBenchmarks.ExcelReaderAttributeFallback","83095146282a96143b23a79a7ecca058a24a709b","3.4.4+83095146282a96143b23a79a7ecca058a24a709b","F2853A4C62D5C03C5E3F0CBB7CCBB5776FB63CE58CE8933BE4EBAA4F5887502F","3.4.4+83095146282a96143b23a79a7ecca058a24a709b","B5565DE58D83BFC91F4FFB69A797CE02DFCB10A5A6409323845D05A5732E1A84","5E79575325D94AE8D09B97CD0C1C341EBB6AC0A24C3EEE6AE4817A897F97E7A4","C52377235F70A38C61333009FFA2CC97C0BE2B3C102041CB127587B09AB32A95","CEDF3A831603914A5E024C980CCA65AAAAF25544D98538BC416E963DD8632B12","16","32,21489375","1,778895570279024","141400","Subsequent MemoryDiagnoser extra-statistics invocation: second-use diagnostic allocation, not first-use initialization allocation","30,0441","34,8206"
"primary","current","qualified-830951-long-v2-domain1-cold","1","OfficeIMO.Excel.ReaderComparison.Benchmarks","ColdStartWriteBenchmarks","ExcelReaderAutomaticLayout","","OfficeIMO.Excel.ReaderComparison.Benchmarks.ColdStartWriteBenchmarks.ExcelReaderAutomaticLayout","83095146282a96143b23a79a7ecca058a24a709b","3.4.4+83095146282a96143b23a79a7ecca058a24a709b","F2853A4C62D5C03C5E3F0CBB7CCBB5776FB63CE58CE8933BE4EBAA4F5887502F","3.4.4+83095146282a96143b23a79a7ecca058a24a709b","B5565DE58D83BFC91F4FFB69A797CE02DFCB10A5A6409323845D05A5732E1A84","5E79575325D94AE8D09B97CD0C1C341EBB6AC0A24C3EEE6AE4817A897F97E7A4","C52377235F70A38C61333009FFA2CC97C0BE2B3C102041CB127587B09AB32A95","CEDF3A831603914A5E024C980CCA65AAAAF25544D98538BC416E963DD8632B12","16","36,87125625","1,6337520713452822","98144","Subsequent MemoryDiagnoser extra-statistics invocation: second-use diagnostic allocation, not first-use initialization allocation","34,965","40,9067"
"primary","current","qualified-830951-long-v2-domain1-cold","1","OfficeIMO.Excel.ReaderComparison.Benchmarks","ColdStartWriteBenchmarks","OfficeIMOAutomaticLayout","","OfficeIMO.Excel.ReaderComparison.Benchmarks.ColdStartWriteBenchmarks.OfficeIMOAutomaticLayout","83095146282a96143b23a79a7ecca058a24a709b","3.4.4+83095146282a96143b23a79a7ecca058a24a709b","F2853A4C62D5C03C5E3F0CBB7CCBB5776FB63CE58CE8933BE4EBAA4F5887502F","3.4.4+83095146282a96143b23a79a7ecca058a24a709b","B5565DE58D83BFC91F4FFB69A797CE02DFCB10A5A6409323845D05A5732E1A84","5E79575325D94AE8D09B97CD0C1C341EBB6AC0A24C3EEE6AE4817A897F97E7A4","C52377235F70A38C61333009FFA2CC97C0BE2B3C102041CB127587B09AB32A95","CEDF3A831603914A5E024C980CCA65AAAAF25544D98538BC416E963DD8632B12","16","134,4855625","9,313261301311158","923600","Subsequent MemoryDiagnoser extra-statistics invocation: second-use diagnostic allocation, not first-use initialization allocation","125,8511","156,9351"
